INFO:     Started server process [16352]
INFO:     Waiting for application startup.
INFO:     Application startup complete.
INFO:     Uvicorn running on http://0.0.0.0:8000 (Press CTRL+C to quit)
INFO:     127.0.0.1:39561 - "GET /health HTTP/1.1" 200 OK
INFO:     127.0.0.1:47146 - "GET /health HTTP/1.1" 200 OK
2026-09-15 16:40:52,012 INFO sqlalchemy.engine.Engine select pg_catalog.version()
2026-09-15 16:40:52,012 INFO sqlalchemy.engine.Engine [raw sql] {}
2026-09-15 16:40:52,017 INFO sqlalchemy.engine.Engine select current_schema()
2026-09-15 16:40:52,017 INFO sqlalchemy.engine.Engine [raw sql] {}
2026-09-15 16:40:52,019 INFO sqlalchemy.engine.Engine show standard_conforming_strings
2026-09-15 16:40:52,020 INFO sqlalchemy.engine.Engine [raw sql] {}
2026-09-15 16:40:52,030 INFO sqlalchemy.engine.Engine BEGIN (implicit)
2026-09-15 16:40:52,046 INFO sqlalchemy.engine.Engine SELECT count(*) AS count_1 
FROM (SELECT assets.asset_id AS assets_asset_id, assets.name AS assets_name, assets.asset_type AS assets_asset_type, assets.fleet AS assets_fleet, assets.location AS assets_location, assets.serial_number AS assets_serial_number, assets.manufacture_date AS assets_manufacture_date, assets.total_operating_hours AS assets_total_operating_hours, assets.total_cycles AS assets_total_cycles, assets.is_active AS assets_is_active, assets.metadata AS assets_metadata, assets.id AS assets_id, assets.created_at AS assets_created_at, assets.updated_at AS assets_updated_at 
FROM assets 
WHERE assets.is_active = true) AS anon_1
2026-09-15 16:40:52,046 INFO sqlalchemy.engine.Engine [generated in 0.00064s] {}
2026-09-15 16:40:52,067 INFO sqlalchemy.engine.Engine SELECT count(*) AS count_1 
FROM (SELECT components.asset_id AS components_asset_id, components.component_id AS components_component_id, components.name AS components_name, components.component_type AS components_component_type, components.criticality AS components_criticality, components.manufacturer AS components_manufacturer, components.model_number AS components_model_number, components.install_date AS components_install_date, components.design_life_hours AS components_design_life_hours, components.design_life_cycles AS components_design_life_cycles, components.current_operating_hours AS components_current_operating_hours, components.current_cycles AS components_current_cycles, components.is_active AS components_is_active, components.metadata AS components_metadata, components.id AS components_id, components.created_at AS components_created_at, components.updated_at AS components_updated_at 
FROM components 
WHERE components.is_active = true) AS anon_1
2026-09-15 16:40:52,067 INFO sqlalchemy.engine.Engine [generated in 0.00064s] {}
2026-09-15 16:40:52,084 INFO sqlalchemy.engine.Engine SELECT count(*) AS count_1 
FROM (SELECT sensor_readings.asset_id AS sensor_readings_asset_id, sensor_readings.component_id AS sensor_readings_component_id, sensor_readings.timestamp AS sensor_readings_timestamp, sensor_readings.sensor_type AS sensor_readings_sensor_type, sensor_readings.sensor_value AS sensor_readings_sensor_value, sensor_readings.unit AS sensor_readings_unit, sensor_readings.quality_flag AS sensor_readings_quality_flag, sensor_readings.ingestion_batch_id AS sensor_readings_ingestion_batch_id, sensor_readings.id AS sensor_readings_id 
FROM sensor_readings) AS anon_1
2026-09-15 16:40:52,084 INFO sqlalchemy.engine.Engine [generated in 0.00063s] {}
2026-09-15 16:40:52,181 INFO sqlalchemy.engine.Engine SELECT anomaly_events.severity AS anomaly_events_severity, count(anomaly_events.id) AS count_1 
FROM anomaly_events GROUP BY anomaly_events.severity
2026-09-15 16:40:52,182 INFO sqlalchemy.engine.Engine [generated in 0.00052s] {}
2026-09-15 16:40:52,201 INFO sqlalchemy.engine.Engine SELECT predictions.risk_category AS predictions_risk_category, count(predictions.id) AS count_1 
FROM predictions GROUP BY predictions.risk_category
2026-09-15 16:40:52,202 INFO sqlalchemy.engine.Engine [generated in 0.00057s] {}
2026-09-15 16:40:52,212 INFO sqlalchemy.engine.Engine SELECT readiness_assessments.status AS readiness_assessments_status, count(readiness_assessments.id) AS count_1 
FROM readiness_assessments GROUP BY readiness_assessments.status
2026-09-15 16:40:52,213 INFO sqlalchemy.engine.Engine [generated in 0.00076s] {}
2026-09-15 16:40:52,224 INFO sqlalchemy.engine.Engine SELECT avg(readiness_assessments.overall_health_score) AS avg_1 
FROM readiness_assessments
2026-09-15 16:40:52,224 INFO sqlalchemy.engine.Engine [generated in 0.00057s] {}
2026-09-15 16:40:52,241 INFO sqlalchemy.engine.Engine SELECT count(*) AS count_1 
FROM (SELECT anomaly_events.asset_id AS anomaly_events_asset_id, anomaly_events.component_id AS anomaly_events_component_id, anomaly_events.sensor_type AS anomaly_events_sensor_type, anomaly_events.detected_at AS anomaly_events_detected_at, anomaly_events.anomaly_type AS anomaly_events_anomaly_type, anomaly_events.severity AS anomaly_events_severity, anomaly_events.anomaly_score AS anomaly_events_anomaly_score, anomaly_events.sensor_value AS anomaly_events_sensor_value, anomaly_events.baseline_value AS anomaly_events_baseline_value, anomaly_events.deviation_pct AS anomaly_events_deviation_pct, anomaly_events.evidence AS anomaly_events_evidence, anomaly_events.is_acknowledged AS anomaly_events_is_acknowledged, anomaly_events.pipeline_run_id AS anomaly_events_pipeline_run_id, anomaly_events.id AS anomaly_events_id, anomaly_events.created_at AS anomaly_events_created_at, anomaly_events.updated_at AS anomaly_events_updated_at 
FROM anomaly_events 
WHERE anomaly_events.severity = %(severity_1)s AND anomaly_events.is_acknowledged = false) AS anon_1
2026-09-15 16:40:52,242 INFO sqlalchemy.engine.Engine [generated in 0.00071s] {'severity_1': 'CRITICAL'}
2026-09-15 16:40:52,249 INFO sqlalchemy.engine.Engine ROLLBACK
INFO:     127.0.0.1:47146 - "GET /api/dashboard/summary HTTP/1.1" 200 OK
INFO:     127.0.0.1:47146 - "GET /api/copilot/health HTTP/1.1" 200 OK
2026-09-15 16:41:18,752 INFO sqlalchemy.engine.Engine BEGIN (implicit)
2026-09-15 16:41:18,755 INFO sqlalchemy.engine.Engine SELECT count(*) AS count_1 
FROM (SELECT assets.asset_id AS assets_asset_id, assets.name AS assets_name, assets.asset_type AS assets_asset_type, assets.fleet AS assets_fleet, assets.location AS assets_location, assets.serial_number AS assets_serial_number, assets.manufacture_date AS assets_manufacture_date, assets.total_operating_hours AS assets_total_operating_hours, assets.total_cycles AS assets_total_cycles, assets.is_active AS assets_is_active, assets.metadata AS assets_metadata, assets.id AS assets_id, assets.created_at AS assets_created_at, assets.updated_at AS assets_updated_at 
FROM assets 
WHERE assets.is_active = true) AS anon_1
2026-09-15 16:41:18,758 INFO sqlalchemy.engine.Engine [cached since 26.71s ago] {}
2026-09-15 16:41:18,763 INFO sqlalchemy.engine.Engine SELECT count(*) AS count_1 
FROM (SELECT components.asset_id AS components_asset_id, components.component_id AS components_component_id, components.name AS components_name, components.component_type AS components_component_type, components.criticality AS components_criticality, components.manufacturer AS components_manufacturer, components.model_number AS components_model_number, components.install_date AS components_install_date, components.design_life_hours AS components_design_life_hours, components.design_life_cycles AS components_design_life_cycles, components.current_operating_hours AS components_current_operating_hours, components.current_cycles AS components_current_cycles, components.is_active AS components_is_active, components.metadata AS components_metadata, components.id AS components_id, components.created_at AS components_created_at, components.updated_at AS components_updated_at 
FROM components 
WHERE components.is_active = true) AS anon_1
2026-09-15 16:41:18,765 INFO sqlalchemy.engine.Engine [cached since 26.7s ago] {}
2026-09-15 16:41:18,769 INFO sqlalchemy.engine.Engine SELECT count(*) AS count_1 
FROM (SELECT sensor_readings.asset_id AS sensor_readings_asset_id, sensor_readings.component_id AS sensor_readings_component_id, sensor_readings.timestamp AS sensor_readings_timestamp, sensor_readings.sensor_type AS sensor_readings_sensor_type, sensor_readings.sensor_value AS sensor_readings_sensor_value, sensor_readings.unit AS sensor_readings_unit, sensor_readings.quality_flag AS sensor_readings_quality_flag, sensor_readings.ingestion_batch_id AS sensor_readings_ingestion_batch_id, sensor_readings.id AS sensor_readings_id 
FROM sensor_readings) AS anon_1
2026-09-15 16:41:18,769 INFO sqlalchemy.engine.Engine [cached since 26.69s ago] {}
2026-09-15 16:41:18,810 INFO sqlalchemy.engine.Engine BEGIN (implicit)
2026-09-15 16:41:18,812 INFO sqlalchemy.engine.Engine SELECT assets.asset_id AS assets_asset_id, assets.name AS assets_name, assets.asset_type AS assets_asset_type, assets.fleet AS assets_fleet, assets.location AS assets_location, assets.serial_number AS assets_serial_number, assets.manufacture_date AS assets_manufacture_date, assets.total_operating_hours AS assets_total_operating_hours, assets.total_cycles AS assets_total_cycles, assets.is_active AS assets_is_active, assets.metadata AS assets_metadata, assets.id AS assets_id, assets.created_at AS assets_created_at, assets.updated_at AS assets_updated_at 
FROM assets 
WHERE assets.is_active = true 
 LIMIT %(param_1)s::INTEGER
2026-09-15 16:41:18,812 INFO sqlalchemy.engine.Engine [generated in 0.00051s] {'param_1': 20}
2026-09-15 16:41:18,826 INFO sqlalchemy.engine.Engine BEGIN (implicit)
2026-09-15 16:41:18,836 INFO sqlalchemy.engine.Engine SELECT date_trunc(%(date_trunc_1)s::VARCHAR, anomaly_events.detected_at) AS day, anomaly_events.severity AS anomaly_events_severity, count(anomaly_events.id) AS count 
FROM anomaly_events 
WHERE anomaly_events.detected_at >= %(detected_at_1)s::TIMESTAMP WITH TIME ZONE GROUP BY day, anomaly_events.severity ORDER BY day
2026-09-15 16:41:18,837 INFO sqlalchemy.engine.Engine [generated in 0.00308s] {'date_trunc_1': 'day', 'detected_at_1': datetime.datetime(2026, 8, 16, 11, 11, 18, 741014, tzinfo=datetime.timezone.utc)}
2026-09-15 16:41:18,860 INFO sqlalchemy.engine.Engine BEGIN (implicit)
2026-09-15 16:41:18,879 INFO sqlalchemy.engine.Engine SELECT predictions.asset_id AS predictions_asset_id, predictions.component_id AS predictions_component_id, predictions.predicted_at AS predictions_predicted_at, predictions.prediction_horizon_days AS predictions_prediction_horizon_days, predictions.risk_score AS predictions_risk_score, predictions.risk_category AS predictions_risk_category, predictions.risk_factors AS predictions_risk_factors, predictions.feature_values AS predictions_feature_values, predictions.uncertainty AS predictions_uncertainty, predictions.data_sufficiency AS predictions_data_sufficiency, predictions.model_version AS predictions_model_version, predictions.layer_scores AS predictions_layer_scores, predictions.pipeline_run_id AS predictions_pipeline_run_id, predictions.id AS predictions_id, predictions.created_at AS predictions_created_at, predictions.updated_at AS predictions_updated_at 
FROM predictions JOIN (SELECT predictions.component_id AS component_id, max(predictions.predicted_at) AS max_ts 
FROM predictions GROUP BY predictions.component_id) AS anon_1 ON predictions.component_id = anon_1.component_id AND predictions.predicted_at = anon_1.max_ts ORDER BY predictions.risk_score DESC 
 LIMIT %(param_1)s::INTEGER
2026-09-15 16:41:18,880 INFO sqlalchemy.engine.Engine [generated in 0.00110s] {'param_1': 15}
2026-09-15 16:41:18,887 INFO sqlalchemy.engine.Engine SELECT anomaly_events.severity AS anomaly_events_severity, count(anomaly_events.id) AS count_1 
FROM anomaly_events GROUP BY anomaly_events.severity
2026-09-15 16:41:18,888 INFO sqlalchemy.engine.Engine [cached since 26.71s ago] {}
2026-09-15 16:41:18,905 INFO sqlalchemy.engine.Engine SELECT components.asset_id AS components_asset_id, components.component_id AS components_component_id, components.name AS components_name, components.component_type AS components_component_type, components.criticality AS components_criticality, components.manufacturer AS components_manufacturer, components.model_number AS components_model_number, components.install_date AS components_install_date, components.design_life_hours AS components_design_life_hours, components.design_life_cycles AS components_design_life_cycles, components.current_operating_hours AS components_current_operating_hours, components.current_cycles AS components_current_cycles, components.is_active AS components_is_active, components.metadata AS components_metadata, components.id AS components_id, components.created_at AS components_created_at, components.updated_at AS components_updated_at 
FROM components 
WHERE components.asset_id = %(asset_id_1)s::UUID AND components.is_active = true
2026-09-15 16:41:18,906 INFO sqlalchemy.engine.Engine [generated in 0.00088s] {'asset_id_1': UUID('ca615487-5564-4c47-8861-3c9e3f8fd467')}
2026-09-15 16:41:18,908 INFO sqlalchemy.engine.Engine SELECT predictions.risk_category AS predictions_risk_category, count(predictions.id) AS count_1 
FROM predictions GROUP BY predictions.risk_category
2026-09-15 16:41:18,912 INFO sqlalchemy.engine.Engine ROLLBACK
2026-09-15 16:41:18,912 INFO sqlalchemy.engine.Engine [cached since 26.71s ago] {}
2026-09-15 16:41:18,925 INFO sqlalchemy.engine.Engine SELECT components.asset_id AS components_asset_id, components.component_id AS components_component_id, components.name AS components_name, components.component_type AS components_component_type, components.criticality AS components_criticality, components.manufacturer AS components_manufacturer, components.model_number AS components_model_number, components.install_date AS components_install_date, components.design_life_hours AS components_design_life_hours, components.design_life_cycles AS components_design_life_cycles, components.current_operating_hours AS components_current_operating_hours, components.current_cycles AS components_current_cycles, components.is_active AS components_is_active, components.metadata AS components_metadata, components.id AS components_id, components.created_at AS components_created_at, components.updated_at AS components_updated_at 
FROM components 
WHERE components.id = %(id_1)s::UUID 
 LIMIT %(param_1)s::INTEGER
INFO:     127.0.0.1:44728 - "GET /api/anomalies/timeline?days=30 HTTP/1.1" 200 OK
2026-09-15 16:41:18,932 INFO sqlalchemy.engine.Engine SELECT predictions.asset_id AS predictions_asset_id, predictions.component_id AS predictions_component_id, predictions.predicted_at AS predictions_predicted_at, predictions.prediction_horizon_days AS predictions_prediction_horizon_days, predictions.risk_score AS predictions_risk_score, predictions.risk_category AS predictions_risk_category, predictions.risk_factors AS predictions_risk_factors, predictions.feature_values AS predictions_feature_values, predictions.uncertainty AS predictions_uncertainty, predictions.data_sufficiency AS predictions_data_sufficiency, predictions.model_version AS predictions_model_version, predictions.layer_scores AS predictions_layer_scores, predictions.pipeline_run_id AS predictions_pipeline_run_id, predictions.id AS predictions_id, predictions.created_at AS predictions_created_at, predictions.updated_at AS predictions_updated_at 
FROM predictions 
WHERE predictions.component_id = %(component_id_1)s::UUID ORDER BY predictions.predicted_at DESC 
 LIMIT %(param_1)s::INTEGER
2026-09-15 16:41:18,933 INFO sqlalchemy.engine.Engine [generated in 0.00910s] {'id_1': UUID('8fca027b-65d2-4f42-9fb7-2017eecb2163'), 'param_1': 1}
2026-09-15 16:41:18,938 INFO sqlalchemy.engine.Engine SELECT readiness_assessments.status AS readiness_assessments_status, count(readiness_assessments.id) AS count_1 
FROM readiness_assessments GROUP BY readiness_assessments.status
2026-09-15 16:41:18,939 INFO sqlalchemy.engine.Engine [generated in 0.00711s] {'component_id_1': UUID('48b6730e-3034-4d12-b4aa-2c6e7ffc300f'), 'param_1': 1}
2026-09-15 16:41:18,942 INFO sqlalchemy.engine.Engine [cached since 26.73s ago] {}
2026-09-15 16:41:18,947 INFO sqlalchemy.engine.Engine SELECT avg(readiness_assessments.overall_health_score) AS avg_1 
FROM readiness_assessments
2026-09-15 16:41:18,948 INFO sqlalchemy.engine.Engine [cached since 26.72s ago] {}
2026-09-15 16:41:18,955 INFO sqlalchemy.engine.Engine SELECT assets.asset_id AS assets_asset_id, assets.name AS assets_name, assets.asset_type AS assets_asset_type, assets.fleet AS assets_fleet, assets.location AS assets_location, assets.serial_number AS assets_serial_number, assets.manufacture_date AS assets_manufacture_date, assets.total_operating_hours AS assets_total_operating_hours, assets.total_cycles AS assets_total_cycles, assets.is_active AS assets_is_active, assets.metadata AS assets_metadata, assets.id AS assets_id, assets.created_at AS assets_created_at, assets.updated_at AS assets_updated_at 
FROM assets 
WHERE assets.id = %(id_1)s::UUID 
 LIMIT %(param_1)s::INTEGER
2026-09-15 16:41:18,956 INFO sqlalchemy.engine.Engine [generated in 0.00125s] {'id_1': UUID('682c3d91-d9aa-486f-836f-592cec9f673b'), 'param_1': 1}
2026-09-15 16:41:18,962 INFO sqlalchemy.engine.Engine SELECT predictions.asset_id AS predictions_asset_id, predictions.component_id AS predictions_component_id, predictions.predicted_at AS predictions_predicted_at, predictions.prediction_horizon_days AS predictions_prediction_horizon_days, predictions.risk_score AS predictions_risk_score, predictions.risk_category AS predictions_risk_category, predictions.risk_factors AS predictions_risk_factors, predictions.feature_values AS predictions_feature_values, predictions.uncertainty AS predictions_uncertainty, predictions.data_sufficiency AS predictions_data_sufficiency, predictions.model_version AS predictions_model_version, predictions.layer_scores AS predictions_layer_scores, predictions.pipeline_run_id AS predictions_pipeline_run_id, predictions.id AS predictions_id, predictions.created_at AS predictions_created_at, predictions.updated_at AS predictions_updated_at 
FROM predictions 
WHERE predictions.component_id = %(component_id_1)s::UUID ORDER BY predictions.predicted_at DESC 
 LIMIT %(param_1)s::INTEGER
2026-09-15 16:41:18,962 INFO sqlalchemy.engine.Engine [cached since 0.03056s ago] {'component_id_1': UUID('cd563221-de35-4bb3-9616-f59dd1e718a5'), 'param_1': 1}
2026-09-15 16:41:18,973 INFO sqlalchemy.engine.Engine SELECT count(*) AS count_1 
FROM (SELECT anomaly_events.asset_id AS anomaly_events_asset_id, anomaly_events.component_id AS anomaly_events_component_id, anomaly_events.sensor_type AS anomaly_events_sensor_type, anomaly_events.detected_at AS anomaly_events_detected_at, anomaly_events.anomaly_type AS anomaly_events_anomaly_type, anomaly_events.severity AS anomaly_events_severity, anomaly_events.anomaly_score AS anomaly_events_anomaly_score, anomaly_events.sensor_value AS anomaly_events_sensor_value, anomaly_events.baseline_value AS anomaly_events_baseline_value, anomaly_events.deviation_pct AS anomaly_events_deviation_pct, anomaly_events.evidence AS anomaly_events_evidence, anomaly_events.is_acknowledged AS anomaly_events_is_acknowledged, anomaly_events.pipeline_run_id AS anomaly_events_pipeline_run_id, anomaly_events.id AS anomaly_events_id, anomaly_events.created_at AS anomaly_events_created_at, anomaly_events.updated_at AS anomaly_events_updated_at 
FROM anomaly_events 
WHERE anomaly_events.severity = %(severity_1)s AND anomaly_events.is_acknowledged = false) AS anon_1
2026-09-15 16:41:18,977 INFO sqlalchemy.engine.Engine SELECT components.asset_id AS components_asset_id, components.component_id AS components_component_id, components.name AS components_name, components.component_type AS components_component_type, components.criticality AS components_criticality, components.manufacturer AS components_manufacturer, components.model_number AS components_model_number, components.install_date AS components_install_date, components.design_life_hours AS components_design_life_hours, components.design_life_cycles AS components_design_life_cycles, components.current_operating_hours AS components_current_operating_hours, components.current_cycles AS components_current_cycles, components.is_active AS components_is_active, components.metadata AS components_metadata, components.id AS components_id, components.created_at AS components_created_at, components.updated_at AS components_updated_at 
FROM components 
WHERE components.id = %(id_1)s::UUID 
 LIMIT %(param_1)s::INTEGER
2026-09-15 16:41:18,980 INFO sqlalchemy.engine.Engine [cached since 26.74s ago] {'severity_1': 'CRITICAL'}
2026-09-15 16:41:18,984 INFO sqlalchemy.engine.Engine SELECT predictions.asset_id AS predictions_asset_id, predictions.component_id AS predictions_component_id, predictions.predicted_at AS predictions_predicted_at, predictions.prediction_horizon_days AS predictions_prediction_horizon_days, predictions.risk_score AS predictions_risk_score, predictions.risk_category AS predictions_risk_category, predictions.risk_factors AS predictions_risk_factors, predictions.feature_values AS predictions_feature_values, predictions.uncertainty AS predictions_uncertainty, predictions.data_sufficiency AS predictions_data_sufficiency, predictions.model_version AS predictions_model_version, predictions.layer_scores AS predictions_layer_scores, predictions.pipeline_run_id AS predictions_pipeline_run_id, predictions.id AS predictions_id, predictions.created_at AS predictions_created_at, predictions.updated_at AS predictions_updated_at 
FROM predictions 
WHERE predictions.component_id = %(component_id_1)s::UUID ORDER BY predictions.predicted_at DESC 
 LIMIT %(param_1)s::INTEGER
2026-09-15 16:41:18,987 INFO sqlalchemy.engine.Engine [cached since 0.06237s ago] {'id_1': UUID('abaeccde-d995-41a4-b656-c341ba8a29dd'), 'param_1': 1}
2026-09-15 16:41:18,988 INFO sqlalchemy.engine.Engine BEGIN (implicit)
2026-09-15 16:41:18,989 INFO sqlalchemy.engine.Engine [cached since 0.0568s ago] {'component_id_1': UUID('444d225a-3352-4189-9a29-a33a0b497af8'), 'param_1': 1}
2026-09-15 16:41:18,991 INFO sqlalchemy.engine.Engine SELECT date_trunc(%(date_trunc_1)s::VARCHAR, anomaly_events.detected_at) AS day, anomaly_events.severity AS anomaly_events_severity, count(anomaly_events.id) AS count 
FROM anomaly_events 
WHERE anomaly_events.detected_at >= %(detected_at_1)s::TIMESTAMP WITH TIME ZONE GROUP BY day, anomaly_events.severity ORDER BY day
2026-09-15 16:41:18,994 INFO sqlalchemy.engine.Engine SELECT assets.asset_id AS assets_asset_id, assets.name AS assets_name, assets.asset_type AS assets_asset_type, assets.fleet AS assets_fleet, assets.location AS assets_location, assets.serial_number AS assets_serial_number, assets.manufacture_date AS assets_manufacture_date, assets.total_operating_hours AS assets_total_operating_hours, assets.total_cycles AS assets_total_cycles, assets.is_active AS assets_is_active, assets.metadata AS assets_metadata, assets.id AS assets_id, assets.created_at AS assets_created_at, assets.updated_at AS assets_updated_at 
FROM assets 
WHERE assets.id = %(id_1)s::UUID 
 LIMIT %(param_1)s::INTEGER
2026-09-15 16:41:18,995 INFO sqlalchemy.engine.Engine [cached since 0.1613s ago] {'date_trunc_1': 'day', 'detected_at_1': datetime.datetime(2026, 8, 16, 11, 11, 18, 985578, tzinfo=datetime.timezone.utc)}
2026-09-15 16:41:18,996 INFO sqlalchemy.engine.Engine [cached since 0.04077s ago] {'id_1': UUID('682c3d91-d9aa-486f-836f-592cec9f673b'), 'param_1': 1}
2026-09-15 16:41:18,999 INFO sqlalchemy.engine.Engine SELECT predictions.asset_id AS predictions_asset_id, predictions.component_id AS predictions_component_id, predictions.predicted_at AS predictions_predicted_at, predictions.prediction_horizon_days AS predictions_prediction_horizon_days, predictions.risk_score AS predictions_risk_score, predictions.risk_category AS predictions_risk_category, predictions.risk_factors AS predictions_risk_factors, predictions.feature_values AS predictions_feature_values, predictions.uncertainty AS predictions_uncertainty, predictions.data_sufficiency AS predictions_data_sufficiency, predictions.model_version AS predictions_model_version, predictions.layer_scores AS predictions_layer_scores, predictions.pipeline_run_id AS predictions_pipeline_run_id, predictions.id AS predictions_id, predictions.created_at AS predictions_created_at, predictions.updated_at AS predictions_updated_at 
FROM predictions 
WHERE predictions.component_id = %(component_id_1)s::UUID ORDER BY predictions.predicted_at DESC 
 LIMIT %(param_1)s::INTEGER
2026-09-15 16:41:19,004 INFO sqlalchemy.engine.Engine [cached since 0.07251s ago] {'component_id_1': UUID('90644606-f673-48ab-8ee2-88e48bc62769'), 'param_1': 1}
2026-09-15 16:41:19,005 INFO sqlalchemy.engine.Engine ROLLBACK
2026-09-15 16:41:19,008 INFO sqlalchemy.engine.Engine SELECT components.asset_id AS components_asset_id, components.component_id AS components_component_id, components.name AS components_name, components.component_type AS components_component_type, components.criticality AS components_criticality, components.manufacturer AS components_manufacturer, components.model_number AS components_model_number, components.install_date AS components_install_date, components.design_life_hours AS components_design_life_hours, components.design_life_cycles AS components_design_life_cycles, components.current_operating_hours AS components_current_operating_hours, components.current_cycles AS components_current_cycles, components.is_active AS components_is_active, components.metadata AS components_metadata, components.id AS components_id, components.created_at AS components_created_at, components.updated_at AS components_updated_at 
FROM components 
WHERE components.id = %(id_1)s::UUID 
 LIMIT %(param_1)s::INTEGER
2026-09-15 16:41:19,010 INFO sqlalchemy.engine.Engine [cached since 0.0859s ago] {'id_1': UUID('e5248393-a642-4c22-8533-75abe18f2742'), 'param_1': 1}
2026-09-15 16:41:19,014 INFO sqlalchemy.engine.Engine SELECT predictions.asset_id AS predictions_asset_id, predictions.component_id AS predictions_component_id, predictions.predicted_at AS predictions_predicted_at, predictions.prediction_horizon_days AS predictions_prediction_horizon_days, predictions.risk_score AS predictions_risk_score, predictions.risk_category AS predictions_risk_category, predictions.risk_factors AS predictions_risk_factors, predictions.feature_values AS predictions_feature_values, predictions.uncertainty AS predictions_uncertainty, predictions.data_sufficiency AS predictions_data_sufficiency, predictions.model_version AS predictions_model_version, predictions.layer_scores AS predictions_layer_scores, predictions.pipeline_run_id AS predictions_pipeline_run_id, predictions.id AS predictions_id, predictions.created_at AS predictions_created_at, predictions.updated_at AS predictions_updated_at 
FROM predictions 
WHERE predictions.component_id = %(component_id_1)s::UUID ORDER BY predictions.predicted_at DESC 
 LIMIT %(param_1)s::INTEGER
2026-09-15 16:41:19,016 INFO sqlalchemy.engine.Engine [cached since 0.0836s ago] {'component_id_1': UUID('fbae7f20-3475-4fdd-887d-8e3f58fa1384'), 'param_1': 1}
INFO:     127.0.0.1:44726 - "GET /api/dashboard/summary HTTP/1.1" 200 OK
2026-09-15 16:41:19,021 INFO sqlalchemy.engine.Engine SELECT assets.asset_id AS assets_asset_id, assets.name AS assets_name, assets.asset_type AS assets_asset_type, assets.fleet AS assets_fleet, assets.location AS assets_location, assets.serial_number AS assets_serial_number, assets.manufacture_date AS assets_manufacture_date, assets.total_operating_hours AS assets_total_operating_hours, assets.total_cycles AS assets_total_cycles, assets.is_active AS assets_is_active, assets.metadata AS assets_metadata, assets.id AS assets_id, assets.created_at AS assets_created_at, assets.updated_at AS assets_updated_at 
FROM assets 
WHERE assets.id = %(id_1)s::UUID 
 LIMIT %(param_1)s::INTEGER
2026-09-15 16:41:19,024 INFO sqlalchemy.engine.Engine SELECT predictions.asset_id AS predictions_asset_id, predictions.component_id AS predictions_component_id, predictions.predicted_at AS predictions_predicted_at, predictions.prediction_horizon_days AS predictions_prediction_horizon_days, predictions.risk_score AS predictions_risk_score, predictions.risk_category AS predictions_risk_category, predictions.risk_factors AS predictions_risk_factors, predictions.feature_values AS predictions_feature_values, predictions.uncertainty AS predictions_uncertainty, predictions.data_sufficiency AS predictions_data_sufficiency, predictions.model_version AS predictions_model_version, predictions.layer_scores AS predictions_layer_scores, predictions.pipeline_run_id AS predictions_pipeline_run_id, predictions.id AS predictions_id, predictions.created_at AS predictions_created_at, predictions.updated_at AS predictions_updated_at 
FROM predictions 
WHERE predictions.component_id = %(component_id_1)s::UUID ORDER BY predictions.predicted_at DESC 
 LIMIT %(param_1)s::INTEGER
2026-09-15 16:41:19,026 INFO sqlalchemy.engine.Engine [cached since 0.07069s ago] {'id_1': UUID('68416adc-1108-4a81-a072-c16bc48df41f'), 'param_1': 1}
2026-09-15 16:41:19,028 INFO sqlalchemy.engine.Engine [cached since 0.09574s ago] {'component_id_1': UUID('b1f375b8-12e9-447c-8353-f2d8abef6350'), 'param_1': 1}
2026-09-15 16:41:19,034 INFO sqlalchemy.engine.Engine SELECT components.asset_id AS components_asset_id, components.component_id AS components_component_id, components.name AS components_name, components.component_type AS components_component_type, components.criticality AS components_criticality, components.manufacturer AS components_manufacturer, components.model_number AS components_model_number, components.install_date AS components_install_date, components.design_life_hours AS components_design_life_hours, components.design_life_cycles AS components_design_life_cycles, components.current_operating_hours AS components_current_operating_hours, components.current_cycles AS components_current_cycles, components.is_active AS components_is_active, components.metadata AS components_metadata, components.id AS components_id, components.created_at AS components_created_at, components.updated_at AS components_updated_at 
FROM components 
WHERE components.id = %(id_1)s::UUID 
 LIMIT %(param_1)s::INTEGER
2026-09-15 16:41:19,036 INFO sqlalchemy.engine.Engine [cached since 0.1115s ago] {'id_1': UUID('9b1f5c51-501d-44cc-b158-d63b8188d02a'), 'param_1': 1}
2026-09-15 16:41:19,040 INFO sqlalchemy.engine.Engine SELECT assets.asset_id AS assets_asset_id, assets.name AS assets_name, assets.asset_type AS assets_asset_type, assets.fleet AS assets_fleet, assets.location AS assets_location, assets.serial_number AS assets_serial_number, assets.manufacture_date AS assets_manufacture_date, assets.total_operating_hours AS assets_total_operating_hours, assets.total_cycles AS assets_total_cycles, assets.is_active AS assets_is_active, assets.metadata AS assets_metadata, assets.id AS assets_id, assets.created_at AS assets_created_at, assets.updated_at AS assets_updated_at 
FROM assets 
WHERE assets.id = %(id_1)s::UUID 
 LIMIT %(param_1)s::INTEGER
2026-09-15 16:41:19,041 INFO sqlalchemy.engine.Engine [cached since 0.0855s ago] {'id_1': UUID('2e7b888a-92af-45e6-9ff6-adb0d3140aa3'), 'param_1': 1}
2026-09-15 16:41:19,050 INFO sqlalchemy.engine.Engine SELECT readiness_assessments.asset_id AS readiness_assessments_asset_id, readiness_assessments.assessed_at AS readiness_assessments_assessed_at, readiness_assessments.status AS readiness_assessments_status, readiness_assessments.overall_health_score AS readiness_assessments_overall_health_score, readiness_assessments.primary_evidence AS readiness_assessments_primary_evidence, readiness_assessments.component_summary AS readiness_assessments_component_summary, readiness_assessments.data_quality_score AS readiness_assessments_data_quality_score, readiness_assessments.prediction_horizon_days AS readiness_assessments_prediction_horizon_days, readiness_assessments.explanation AS readiness_assessments_explanation, readiness_assessments.llm_explanation AS readiness_assessments_llm_explanation, readiness_assessments.pipeline_run_id AS readiness_assessments_pipeline_run_id, readiness_assessments.id AS readiness_assessments_id, readiness_assessments.created_at AS readiness_assessments_created_at, readiness_assessments.updated_at AS readiness_assessments_updated_at 
FROM readiness_assessments 
WHERE readiness_assessments.asset_id = %(asset_id_1)s::UUID ORDER BY readiness_assessments.assessed_at DESC 
 LIMIT %(param_1)s::INTEGER
2026-09-15 16:41:19,052 INFO sqlalchemy.engine.Engine ROLLBACK
2026-09-15 16:41:19,053 INFO sqlalchemy.engine.Engine [generated in 0.00307s] {'asset_id_1': UUID('ca615487-5564-4c47-8861-3c9e3f8fd467'), 'param_1': 1}
2026-09-15 16:41:19,057 INFO sqlalchemy.engine.Engine SELECT components.asset_id AS components_asset_id, components.component_id AS components_component_id, components.name AS components_name, components.component_type AS components_component_type, components.criticality AS components_criticality, components.manufacturer AS components_manufacturer, components.model_number AS components_model_number, components.install_date AS components_install_date, components.design_life_hours AS components_design_life_hours, components.design_life_cycles AS components_design_life_cycles, components.current_operating_hours AS components_current_operating_hours, components.current_cycles AS components_current_cycles, components.is_active AS components_is_active, components.metadata AS components_metadata, components.id AS components_id, components.created_at AS components_created_at, components.updated_at AS components_updated_at 
FROM components 
WHERE components.id = %(id_1)s::UUID 
 LIMIT %(param_1)s::INTEGER
2026-09-15 16:41:19,062 INFO sqlalchemy.engine.Engine [cached since 0.1377s ago] {'id_1': UUID('873d3a75-0b7c-4e17-a012-4d8bf048f4ad'), 'param_1': 1}
INFO:     127.0.0.1:44734 - "GET /api/anomalies/timeline?days=30 HTTP/1.1" 200 OK
2026-09-15 16:41:19,067 INFO sqlalchemy.engine.Engine SELECT assets.asset_id AS assets_asset_id, assets.name AS assets_name, assets.asset_type AS assets_asset_type, assets.fleet AS assets_fleet, assets.location AS assets_location, assets.serial_number AS assets_serial_number, assets.manufacture_date AS assets_manufacture_date, assets.total_operating_hours AS assets_total_operating_hours, assets.total_cycles AS assets_total_cycles, assets.is_active AS assets_is_active, assets.metadata AS assets_metadata, assets.id AS assets_id, assets.created_at AS assets_created_at, assets.updated_at AS assets_updated_at 
FROM assets 
WHERE assets.id = %(id_1)s::UUID 
 LIMIT %(param_1)s::INTEGER
2026-09-15 16:41:19,072 INFO sqlalchemy.engine.Engine SELECT components.asset_id AS components_asset_id, components.component_id AS components_component_id, components.name AS components_name, components.component_type AS components_component_type, components.criticality AS components_criticality, components.manufacturer AS components_manufacturer, components.model_number AS components_model_number, components.install_date AS components_install_date, components.design_life_hours AS components_design_life_hours, components.design_life_cycles AS components_design_life_cycles, components.current_operating_hours AS components_current_operating_hours, components.current_cycles AS components_current_cycles, components.is_active AS components_is_active, components.metadata AS components_metadata, components.id AS components_id, components.created_at AS components_created_at, components.updated_at AS components_updated_at 
FROM components 
WHERE components.asset_id = %(asset_id_1)s::UUID AND components.is_active = true
2026-09-15 16:41:19,072 INFO sqlalchemy.engine.Engine [cached since 0.1169s ago] {'id_1': UUID('55580449-e3ec-4fce-a67b-d432d66e0af6'), 'param_1': 1}
2026-09-15 16:41:19,073 INFO sqlalchemy.engine.Engine [cached since 0.1683s ago] {'asset_id_1': UUID('c0c16b61-e1b9-4634-8538-131f40fa9dee')}
2026-09-15 16:41:19,081 INFO sqlalchemy.engine.Engine SELECT components.asset_id AS components_asset_id, components.component_id AS components_component_id, components.name AS components_name, components.component_type AS components_component_type, components.criticality AS components_criticality, components.manufacturer AS components_manufacturer, components.model_number AS components_model_number, components.install_date AS components_install_date, components.design_life_hours AS components_design_life_hours, components.design_life_cycles AS components_design_life_cycles, components.current_operating_hours AS components_current_operating_hours, components.current_cycles AS components_current_cycles, components.is_active AS components_is_active, components.metadata AS components_metadata, components.id AS components_id, components.created_at AS components_created_at, components.updated_at AS components_updated_at 
FROM components 
WHERE components.id = %(id_1)s::UUID 
 LIMIT %(param_1)s::INTEGER
2026-09-15 16:41:19,082 INFO sqlalchemy.engine.Engine [cached since 0.1575s ago] {'id_1': UUID('b31fab53-8b72-4d58-9061-2c028192076c'), 'param_1': 1}
2026-09-15 16:41:19,086 INFO sqlalchemy.engine.Engine SELECT predictions.asset_id AS predictions_asset_id, predictions.component_id AS predictions_component_id, predictions.predicted_at AS predictions_predicted_at, predictions.prediction_horizon_days AS predictions_prediction_horizon_days, predictions.risk_score AS predictions_risk_score, predictions.risk_category AS predictions_risk_category, predictions.risk_factors AS predictions_risk_factors, predictions.feature_values AS predictions_feature_values, predictions.uncertainty AS predictions_uncertainty, predictions.data_sufficiency AS predictions_data_sufficiency, predictions.model_version AS predictions_model_version, predictions.layer_scores AS predictions_layer_scores, predictions.pipeline_run_id AS predictions_pipeline_run_id, predictions.id AS predictions_id, predictions.created_at AS predictions_created_at, predictions.updated_at AS predictions_updated_at 
FROM predictions 
WHERE predictions.component_id = %(component_id_1)s::UUID ORDER BY predictions.predicted_at DESC 
 LIMIT %(param_1)s::INTEGER
2026-09-15 16:41:19,087 INFO sqlalchemy.engine.Engine [cached since 0.1548s ago] {'component_id_1': UUID('1817589e-1a4c-4b63-a305-49bcffb7ae24'), 'param_1': 1}
2026-09-15 16:41:19,087 INFO sqlalchemy.engine.Engine BEGIN (implicit)
2026-09-15 16:41:19,091 INFO sqlalchemy.engine.Engine SELECT count(*) AS count_1 
FROM (SELECT assets.asset_id AS assets_asset_id, assets.name AS assets_name, assets.asset_type AS assets_asset_type, assets.fleet AS assets_fleet, assets.location AS assets_location, assets.serial_number AS assets_serial_number, assets.manufacture_date AS assets_manufacture_date, assets.total_operating_hours AS assets_total_operating_hours, assets.total_cycles AS assets_total_cycles, assets.is_active AS assets_is_active, assets.metadata AS assets_metadata, assets.id AS assets_id, assets.created_at AS assets_created_at, assets.updated_at AS assets_updated_at 
FROM assets 
WHERE assets.is_active = true) AS anon_1
2026-09-15 16:41:19,092 INFO sqlalchemy.engine.Engine [cached since 27.05s ago] {}
2026-09-15 16:41:19,097 INFO sqlalchemy.engine.Engine SELECT predictions.asset_id AS predictions_asset_id, predictions.component_id AS predictions_component_id, predictions.predicted_at AS predictions_predicted_at, predictions.prediction_horizon_days AS predictions_prediction_horizon_days, predictions.risk_score AS predictions_risk_score, predictions.risk_category AS predictions_risk_category, predictions.risk_factors AS predictions_risk_factors, predictions.feature_values AS predictions_feature_values, predictions.uncertainty AS predictions_uncertainty, predictions.data_sufficiency AS predictions_data_sufficiency, predictions.model_version AS predictions_model_version, predictions.layer_scores AS predictions_layer_scores, predictions.pipeline_run_id AS predictions_pipeline_run_id, predictions.id AS predictions_id, predictions.created_at AS predictions_created_at, predictions.updated_at AS predictions_updated_at 
FROM predictions 
WHERE predictions.component_id = %(component_id_1)s::UUID ORDER BY predictions.predicted_at DESC 
 LIMIT %(param_1)s::INTEGER
2026-09-15 16:41:19,100 INFO sqlalchemy.engine.Engine SELECT assets.asset_id AS assets_asset_id, assets.name AS assets_name, assets.asset_type AS assets_asset_type, assets.fleet AS assets_fleet, assets.location AS assets_location, assets.serial_number AS assets_serial_number, assets.manufacture_date AS assets_manufacture_date, assets.total_operating_hours AS assets_total_operating_hours, assets.total_cycles AS assets_total_cycles, assets.is_active AS assets_is_active, assets.metadata AS assets_metadata, assets.id AS assets_id, assets.created_at AS assets_created_at, assets.updated_at AS assets_updated_at 
FROM assets 
WHERE assets.id = %(id_1)s::UUID 
 LIMIT %(param_1)s::INTEGER
2026-09-15 16:41:19,101 INFO sqlalchemy.engine.Engine [cached since 0.1687s ago] {'component_id_1': UUID('6a28ea5b-6ecd-4682-8ad7-fc6ad8a57a69'), 'param_1': 1}
2026-09-15 16:41:19,101 INFO sqlalchemy.engine.Engine [cached since 0.1461s ago] {'id_1': UUID('68416adc-1108-4a81-a072-c16bc48df41f'), 'param_1': 1}
2026-09-15 16:41:19,106 INFO sqlalchemy.engine.Engine SELECT count(*) AS count_1 
FROM (SELECT components.asset_id AS components_asset_id, components.component_id AS components_component_id, components.name AS components_name, components.component_type AS components_component_type, components.criticality AS components_criticality, components.manufacturer AS components_manufacturer, components.model_number AS components_model_number, components.install_date AS components_install_date, components.design_life_hours AS components_design_life_hours, components.design_life_cycles AS components_design_life_cycles, components.current_operating_hours AS components_current_operating_hours, components.current_cycles AS components_current_cycles, components.is_active AS components_is_active, components.metadata AS components_metadata, components.id AS components_id, components.created_at AS components_created_at, components.updated_at AS components_updated_at 
FROM components 
WHERE components.is_active = true) AS anon_1
2026-09-15 16:41:19,106 INFO sqlalchemy.engine.Engine [cached since 27.04s ago] {}
2026-09-15 16:41:19,110 INFO sqlalchemy.engine.Engine SELECT predictions.asset_id AS predictions_asset_id, predictions.component_id AS predictions_component_id, predictions.predicted_at AS predictions_predicted_at, predictions.prediction_horizon_days AS predictions_prediction_horizon_days, predictions.risk_score AS predictions_risk_score, predictions.risk_category AS predictions_risk_category, predictions.risk_factors AS predictions_risk_factors, predictions.feature_values AS predictions_feature_values, predictions.uncertainty AS predictions_uncertainty, predictions.data_sufficiency AS predictions_data_sufficiency, predictions.model_version AS predictions_model_version, predictions.layer_scores AS predictions_layer_scores, predictions.pipeline_run_id AS predictions_pipeline_run_id, predictions.id AS predictions_id, predictions.created_at AS predictions_created_at, predictions.updated_at AS predictions_updated_at 
FROM predictions 
WHERE predictions.component_id = %(component_id_1)s::UUID ORDER BY predictions.predicted_at DESC 
 LIMIT %(param_1)s::INTEGER
2026-09-15 16:41:19,111 INFO sqlalchemy.engine.Engine [cached since 0.1788s ago] {'component_id_1': UUID('914153e4-6364-4f7e-820c-b51a54567541'), 'param_1': 1}
2026-09-15 16:41:19,114 INFO sqlalchemy.engine.Engine SELECT components.asset_id AS components_asset_id, components.component_id AS components_component_id, components.name AS components_name, components.component_type AS components_component_type, components.criticality AS components_criticality, components.manufacturer AS components_manufacturer, components.model_number AS components_model_number, components.install_date AS components_install_date, components.design_life_hours AS components_design_life_hours, components.design_life_cycles AS components_design_life_cycles, components.current_operating_hours AS components_current_operating_hours, components.current_cycles AS components_current_cycles, components.is_active AS components_is_active, components.metadata AS components_metadata, components.id AS components_id, components.created_at AS components_created_at, components.updated_at AS components_updated_at 
FROM components 
WHERE components.id = %(id_1)s::UUID 
 LIMIT %(param_1)s::INTEGER
2026-09-15 16:41:19,115 INFO sqlalchemy.engine.Engine [cached since 0.1905s ago] {'id_1': UUID('0fd8d205-61d3-4eb5-b2aa-fbd25491fc1c'), 'param_1': 1}
2026-09-15 16:41:19,116 INFO sqlalchemy.engine.Engine SELECT count(*) AS count_1 
FROM (SELECT sensor_readings.asset_id AS sensor_readings_asset_id, sensor_readings.component_id AS sensor_readings_component_id, sensor_readings.timestamp AS sensor_readings_timestamp, sensor_readings.sensor_type AS sensor_readings_sensor_type, sensor_readings.sensor_value AS sensor_readings_sensor_value, sensor_readings.unit AS sensor_readings_unit, sensor_readings.quality_flag AS sensor_readings_quality_flag, sensor_readings.ingestion_batch_id AS sensor_readings_ingestion_batch_id, sensor_readings.id AS sensor_readings_id 
FROM sensor_readings) AS anon_1
2026-09-15 16:41:19,122 INFO sqlalchemy.engine.Engine SELECT predictions.asset_id AS predictions_asset_id, predictions.component_id AS predictions_component_id, predictions.predicted_at AS predictions_predicted_at, predictions.prediction_horizon_days AS predictions_prediction_horizon_days, predictions.risk_score AS predictions_risk_score, predictions.risk_category AS predictions_risk_category, predictions.risk_factors AS predictions_risk_factors, predictions.feature_values AS predictions_feature_values, predictions.uncertainty AS predictions_uncertainty, predictions.data_sufficiency AS predictions_data_sufficiency, predictions.model_version AS predictions_model_version, predictions.layer_scores AS predictions_layer_scores, predictions.pipeline_run_id AS predictions_pipeline_run_id, predictions.id AS predictions_id, predictions.created_at AS predictions_created_at, predictions.updated_at AS predictions_updated_at 
FROM predictions 
WHERE predictions.component_id = %(component_id_1)s::UUID ORDER BY predictions.predicted_at DESC 
 LIMIT %(param_1)s::INTEGER
2026-09-15 16:41:19,123 INFO sqlalchemy.engine.Engine [cached since 27.04s ago] {}
2026-09-15 16:41:19,126 INFO sqlalchemy.engine.Engine SELECT assets.asset_id AS assets_asset_id, assets.name AS assets_name, assets.asset_type AS assets_asset_type, assets.fleet AS assets_fleet, assets.location AS assets_location, assets.serial_number AS assets_serial_number, assets.manufacture_date AS assets_manufacture_date, assets.total_operating_hours AS assets_total_operating_hours, assets.total_cycles AS assets_total_cycles, assets.is_active AS assets_is_active, assets.metadata AS assets_metadata, assets.id AS assets_id, assets.created_at AS assets_created_at, assets.updated_at AS assets_updated_at 
FROM assets 
WHERE assets.id = %(id_1)s::UUID 
 LIMIT %(param_1)s::INTEGER
2026-09-15 16:41:19,126 INFO sqlalchemy.engine.Engine [cached since 0.1944s ago] {'component_id_1': UUID('c7236fb5-36ef-472b-8552-d653dd193a2c'), 'param_1': 1}
2026-09-15 16:41:19,127 INFO sqlalchemy.engine.Engine [cached since 0.1723s ago] {'id_1': UUID('85c49c8d-e51b-4ed5-b38d-68b2fb7b4b3a'), 'param_1': 1}
2026-09-15 16:41:19,132 INFO sqlalchemy.engine.Engine SELECT predictions.asset_id AS predictions_asset_id, predictions.component_id AS predictions_component_id, predictions.predicted_at AS predictions_predicted_at, predictions.prediction_horizon_days AS predictions_prediction_horizon_days, predictions.risk_score AS predictions_risk_score, predictions.risk_category AS predictions_risk_category, predictions.risk_factors AS predictions_risk_factors, predictions.feature_values AS predictions_feature_values, predictions.uncertainty AS predictions_uncertainty, predictions.data_sufficiency AS predictions_data_sufficiency, predictions.model_version AS predictions_model_version, predictions.layer_scores AS predictions_layer_scores, predictions.pipeline_run_id AS predictions_pipeline_run_id, predictions.id AS predictions_id, predictions.created_at AS predictions_created_at, predictions.updated_at AS predictions_updated_at 
FROM predictions 
WHERE predictions.component_id = %(component_id_1)s::UUID ORDER BY predictions.predicted_at DESC 
 LIMIT %(param_1)s::INTEGER
2026-09-15 16:41:19,133 INFO sqlalchemy.engine.Engine [cached since 0.2007s ago] {'component_id_1': UUID('3b45db0d-63b3-4084-b4b7-93bf65879a67'), 'param_1': 1}
2026-09-15 16:41:19,136 INFO sqlalchemy.engine.Engine SELECT components.asset_id AS components_asset_id, components.component_id AS components_component_id, components.name AS components_name, components.component_type AS components_component_type, components.criticality AS components_criticality, components.manufacturer AS components_manufacturer, components.model_number AS components_model_number, components.install_date AS components_install_date, components.design_life_hours AS components_design_life_hours, components.design_life_cycles AS components_design_life_cycles, components.current_operating_hours AS components_current_operating_hours, components.current_cycles AS components_current_cycles, components.is_active AS components_is_active, components.metadata AS components_metadata, components.id AS components_id, components.created_at AS components_created_at, components.updated_at AS components_updated_at 
FROM components 
WHERE components.id = %(id_1)s::UUID 
 LIMIT %(param_1)s::INTEGER
2026-09-15 16:41:19,137 INFO sqlalchemy.engine.Engine [cached since 0.2124s ago] {'id_1': UUID('095aa0a4-b261-4715-9f8d-8466ed55af03'), 'param_1': 1}
2026-09-15 16:41:19,140 INFO sqlalchemy.engine.Engine SELECT readiness_assessments.asset_id AS readiness_assessments_asset_id, readiness_assessments.assessed_at AS readiness_assessments_assessed_at, readiness_assessments.status AS readiness_assessments_status, readiness_assessments.overall_health_score AS readiness_assessments_overall_health_score, readiness_assessments.primary_evidence AS readiness_assessments_primary_evidence, readiness_assessments.component_summary AS readiness_assessments_component_summary, readiness_assessments.data_quality_score AS readiness_assessments_data_quality_score, readiness_assessments.prediction_horizon_days AS readiness_assessments_prediction_horizon_days, readiness_assessments.explanation AS readiness_assessments_explanation, readiness_assessments.llm_explanation AS readiness_assessments_llm_explanation, readiness_assessments.pipeline_run_id AS readiness_assessments_pipeline_run_id, readiness_assessments.id AS readiness_assessments_id, readiness_assessments.created_at AS readiness_assessments_created_at, readiness_assessments.updated_at AS readiness_assessments_updated_at 
FROM readiness_assessments 
WHERE readiness_assessments.asset_id = %(asset_id_1)s::UUID ORDER BY readiness_assessments.assessed_at DESC 
 LIMIT %(param_1)s::INTEGER
2026-09-15 16:41:19,141 INFO sqlalchemy.engine.Engine [cached since 0.09075s ago] {'asset_id_1': UUID('c0c16b61-e1b9-4634-8538-131f40fa9dee'), 'param_1': 1}
2026-09-15 16:41:19,144 INFO sqlalchemy.engine.Engine SELECT assets.asset_id AS assets_asset_id, assets.name AS assets_name, assets.asset_type AS assets_asset_type, assets.fleet AS assets_fleet, assets.location AS assets_location, assets.serial_number AS assets_serial_number, assets.manufacture_date AS assets_manufacture_date, assets.total_operating_hours AS assets_total_operating_hours, assets.total_cycles AS assets_total_cycles, assets.is_active AS assets_is_active, assets.metadata AS assets_metadata, assets.id AS assets_id, assets.created_at AS assets_created_at, assets.updated_at AS assets_updated_at 
FROM assets 
WHERE assets.id = %(id_1)s::UUID 
 LIMIT %(param_1)s::INTEGER
2026-09-15 16:41:19,144 INFO sqlalchemy.engine.Engine [cached since 0.1892s ago] {'id_1': UUID('85c49c8d-e51b-4ed5-b38d-68b2fb7b4b3a'), 'param_1': 1}
2026-09-15 16:41:19,147 INFO sqlalchemy.engine.Engine SELECT components.asset_id AS components_asset_id, components.component_id AS components_component_id, components.name AS components_name, components.component_type AS components_component_type, components.criticality AS components_criticality, components.manufacturer AS components_manufacturer, components.model_number AS components_model_number, components.install_date AS components_install_date, components.design_life_hours AS components_design_life_hours, components.design_life_cycles AS components_design_life_cycles, components.current_operating_hours AS components_current_operating_hours, components.current_cycles AS components_current_cycles, components.is_active AS components_is_active, components.metadata AS components_metadata, components.id AS components_id, components.created_at AS components_created_at, components.updated_at AS components_updated_at 
FROM components 
WHERE components.asset_id = %(asset_id_1)s::UUID AND components.is_active = true
2026-09-15 16:41:19,148 INFO sqlalchemy.engine.Engine [cached since 0.2429s ago] {'asset_id_1': UUID('de534921-3579-40b9-bb36-77cb7240c5af')}
2026-09-15 16:41:19,151 INFO sqlalchemy.engine.Engine SELECT components.asset_id AS components_asset_id, components.component_id AS components_component_id, components.name AS components_name, components.component_type AS components_component_type, components.criticality AS components_criticality, components.manufacturer AS components_manufacturer, components.model_number AS components_model_number, components.install_date AS components_install_date, components.design_life_hours AS components_design_life_hours, components.design_life_cycles AS components_design_life_cycles, components.current_operating_hours AS components_current_operating_hours, components.current_cycles AS components_current_cycles, components.is_active AS components_is_active, components.metadata AS components_metadata, components.id AS components_id, components.created_at AS components_created_at, components.updated_at AS components_updated_at 
FROM components 
WHERE components.id = %(id_1)s::UUID 
 LIMIT %(param_1)s::INTEGER
2026-09-15 16:41:19,151 INFO sqlalchemy.engine.Engine [cached since 0.227s ago] {'id_1': UUID('cfd60061-0c26-4c03-9d65-0f37df891bcb'), 'param_1': 1}
2026-09-15 16:41:19,155 INFO sqlalchemy.engine.Engine SELECT predictions.asset_id AS predictions_asset_id, predictions.component_id AS predictions_component_id, predictions.predicted_at AS predictions_predicted_at, predictions.prediction_horizon_days AS predictions_prediction_horizon_days, predictions.risk_score AS predictions_risk_score, predictions.risk_category AS predictions_risk_category, predictions.risk_factors AS predictions_risk_factors, predictions.feature_values AS predictions_feature_values, predictions.uncertainty AS predictions_uncertainty, predictions.data_sufficiency AS predictions_data_sufficiency, predictions.model_version AS predictions_model_version, predictions.layer_scores AS predictions_layer_scores, predictions.pipeline_run_id AS predictions_pipeline_run_id, predictions.id AS predictions_id, predictions.created_at AS predictions_created_at, predictions.updated_at AS predictions_updated_at 
FROM predictions 
WHERE predictions.component_id = %(component_id_1)s::UUID ORDER BY predictions.predicted_at DESC 
 LIMIT %(param_1)s::INTEGER
2026-09-15 16:41:19,156 INFO sqlalchemy.engine.Engine [cached since 0.2242s ago] {'component_id_1': UUID('dac95a7e-9db9-450c-a775-7adf6d57bf0c'), 'param_1': 1}
2026-09-15 16:41:19,160 INFO sqlalchemy.engine.Engine SELECT assets.asset_id AS assets_asset_id, assets.name AS assets_name, assets.asset_type AS assets_asset_type, assets.fleet AS assets_fleet, assets.location AS assets_location, assets.serial_number AS assets_serial_number, assets.manufacture_date AS assets_manufacture_date, assets.total_operating_hours AS assets_total_operating_hours, assets.total_cycles AS assets_total_cycles, assets.is_active AS assets_is_active, assets.metadata AS assets_metadata, assets.id AS assets_id, assets.created_at AS assets_created_at, assets.updated_at AS assets_updated_at 
FROM assets 
WHERE assets.id = %(id_1)s::UUID 
 LIMIT %(param_1)s::INTEGER
2026-09-15 16:41:19,161 INFO sqlalchemy.engine.Engine [cached since 0.2058s ago] {'id_1': UUID('863da5cc-8c07-496d-8616-18a63694d89c'), 'param_1': 1}
2026-09-15 16:41:19,164 INFO sqlalchemy.engine.Engine SELECT predictions.asset_id AS predictions_asset_id, predictions.component_id AS predictions_component_id, predictions.predicted_at AS predictions_predicted_at, predictions.prediction_horizon_days AS predictions_prediction_horizon_days, predictions.risk_score AS predictions_risk_score, predictions.risk_category AS predictions_risk_category, predictions.risk_factors AS predictions_risk_factors, predictions.feature_values AS predictions_feature_values, predictions.uncertainty AS predictions_uncertainty, predictions.data_sufficiency AS predictions_data_sufficiency, predictions.model_version AS predictions_model_version, predictions.layer_scores AS predictions_layer_scores, predictions.pipeline_run_id AS predictions_pipeline_run_id, predictions.id AS predictions_id, predictions.created_at AS predictions_created_at, predictions.updated_at AS predictions_updated_at 
FROM predictions 
WHERE predictions.component_id = %(component_id_1)s::UUID ORDER BY predictions.predicted_at DESC 
 LIMIT %(param_1)s::INTEGER
2026-09-15 16:41:19,169 INFO sqlalchemy.engine.Engine SELECT components.asset_id AS components_asset_id, components.component_id AS components_component_id, components.name AS components_name, components.component_type AS components_component_type, components.criticality AS components_criticality, components.manufacturer AS components_manufacturer, components.model_number AS components_model_number, components.install_date AS components_install_date, components.design_life_hours AS components_design_life_hours, components.design_life_cycles AS components_design_life_cycles, components.current_operating_hours AS components_current_operating_hours, components.current_cycles AS components_current_cycles, components.is_active AS components_is_active, components.metadata AS components_metadata, components.id AS components_id, components.created_at AS components_created_at, components.updated_at AS components_updated_at 
FROM components 
WHERE components.id = %(id_1)s::UUID 
 LIMIT %(param_1)s::INTEGER
2026-09-15 16:41:19,169 INFO sqlalchemy.engine.Engine [cached since 0.237s ago] {'component_id_1': UUID('53d1d020-2144-4621-bd48-da9454250021'), 'param_1': 1}
2026-09-15 16:41:19,169 INFO sqlalchemy.engine.Engine [cached since 0.2447s ago] {'id_1': UUID('cdec732c-92c7-4ac4-9d37-bb161151f899'), 'param_1': 1}
2026-09-15 16:41:19,173 INFO sqlalchemy.engine.Engine SELECT predictions.asset_id AS predictions_asset_id, predictions.component_id AS predictions_component_id, predictions.predicted_at AS predictions_predicted_at, predictions.prediction_horizon_days AS predictions_prediction_horizon_days, predictions.risk_score AS predictions_risk_score, predictions.risk_category AS predictions_risk_category, predictions.risk_factors AS predictions_risk_factors, predictions.feature_values AS predictions_feature_values, predictions.uncertainty AS predictions_uncertainty, predictions.data_sufficiency AS predictions_data_sufficiency, predictions.model_version AS predictions_model_version, predictions.layer_scores AS predictions_layer_scores, predictions.pipeline_run_id AS predictions_pipeline_run_id, predictions.id AS predictions_id, predictions.created_at AS predictions_created_at, predictions.updated_at AS predictions_updated_at 
FROM predictions 
WHERE predictions.component_id = %(component_id_1)s::UUID ORDER BY predictions.predicted_at DESC 
 LIMIT %(param_1)s::INTEGER
2026-09-15 16:41:19,174 INFO sqlalchemy.engine.Engine [cached since 0.2417s ago] {'component_id_1': UUID('3b21f6d8-9b42-4b9e-a3b9-4670576fe944'), 'param_1': 1}
2026-09-15 16:41:19,177 INFO sqlalchemy.engine.Engine SELECT assets.asset_id AS assets_asset_id, assets.name AS assets_name, assets.asset_type AS assets_asset_type, assets.fleet AS assets_fleet, assets.location AS assets_location, assets.serial_number AS assets_serial_number, assets.manufacture_date AS assets_manufacture_date, assets.total_operating_hours AS assets_total_operating_hours, assets.total_cycles AS assets_total_cycles, assets.is_active AS assets_is_active, assets.metadata AS assets_metadata, assets.id AS assets_id, assets.created_at AS assets_created_at, assets.updated_at AS assets_updated_at 
FROM assets 
WHERE assets.id = %(id_1)s::UUID 
 LIMIT %(param_1)s::INTEGER
2026-09-15 16:41:19,178 INFO sqlalchemy.engine.Engine [cached since 0.2226s ago] {'id_1': UUID('2e7b888a-92af-45e6-9ff6-adb0d3140aa3'), 'param_1': 1}
2026-09-15 16:41:19,182 INFO sqlalchemy.engine.Engine SELECT predictions.asset_id AS predictions_asset_id, predictions.component_id AS predictions_component_id, predictions.predicted_at AS predictions_predicted_at, predictions.prediction_horizon_days AS predictions_prediction_horizon_days, predictions.risk_score AS predictions_risk_score, predictions.risk_category AS predictions_risk_category, predictions.risk_factors AS predictions_risk_factors, predictions.feature_values AS predictions_feature_values, predictions.uncertainty AS predictions_uncertainty, predictions.data_sufficiency AS predictions_data_sufficiency, predictions.model_version AS predictions_model_version, predictions.layer_scores AS predictions_layer_scores, predictions.pipeline_run_id AS predictions_pipeline_run_id, predictions.id AS predictions_id, predictions.created_at AS predictions_created_at, predictions.updated_at AS predictions_updated_at 
FROM predictions 
WHERE predictions.component_id = %(component_id_1)s::UUID ORDER BY predictions.predicted_at DESC 
 LIMIT %(param_1)s::INTEGER
2026-09-15 16:41:19,182 INFO sqlalchemy.engine.Engine [cached since 0.2506s ago] {'component_id_1': UUID('d946f2ac-69af-44a9-a428-550d8fefb1ac'), 'param_1': 1}
2026-09-15 16:41:19,186 INFO sqlalchemy.engine.Engine SELECT components.asset_id AS components_asset_id, components.component_id AS components_component_id, components.name AS components_name, components.component_type AS components_component_type, components.criticality AS components_criticality, components.manufacturer AS components_manufacturer, components.model_number AS components_model_number, components.install_date AS components_install_date, components.design_life_hours AS components_design_life_hours, components.design_life_cycles AS components_design_life_cycles, components.current_operating_hours AS components_current_operating_hours, components.current_cycles AS components_current_cycles, components.is_active AS components_is_active, components.metadata AS components_metadata, components.id AS components_id, components.created_at AS components_created_at, components.updated_at AS components_updated_at 
FROM components 
WHERE components.id = %(id_1)s::UUID 
 LIMIT %(param_1)s::INTEGER
2026-09-15 16:41:19,191 INFO sqlalchemy.engine.Engine SELECT predictions.asset_id AS predictions_asset_id, predictions.component_id AS predictions_component_id, predictions.predicted_at AS predictions_predicted_at, predictions.prediction_horizon_days AS predictions_prediction_horizon_days, predictions.risk_score AS predictions_risk_score, predictions.risk_category AS predictions_risk_category, predictions.risk_factors AS predictions_risk_factors, predictions.feature_values AS predictions_feature_values, predictions.uncertainty AS predictions_uncertainty, predictions.data_sufficiency AS predictions_data_sufficiency, predictions.model_version AS predictions_model_version, predictions.layer_scores AS predictions_layer_scores, predictions.pipeline_run_id AS predictions_pipeline_run_id, predictions.id AS predictions_id, predictions.created_at AS predictions_created_at, predictions.updated_at AS predictions_updated_at 
FROM predictions 
WHERE predictions.component_id = %(component_id_1)s::UUID ORDER BY predictions.predicted_at DESC 
 LIMIT %(param_1)s::INTEGER
2026-09-15 16:41:19,191 INFO sqlalchemy.engine.Engine [cached since 0.2668s ago] {'id_1': UUID('d67e6008-5c3e-4604-b21c-471e0c8e021d'), 'param_1': 1}
2026-09-15 16:41:19,191 INFO sqlalchemy.engine.Engine [cached since 0.2598s ago] {'component_id_1': UUID('b110df44-970a-4913-ba42-edc45e324cb2'), 'param_1': 1}
2026-09-15 16:41:19,196 INFO sqlalchemy.engine.Engine SELECT assets.asset_id AS assets_asset_id, assets.name AS assets_name, assets.asset_type AS assets_asset_type, assets.fleet AS assets_fleet, assets.location AS assets_location, assets.serial_number AS assets_serial_number, assets.manufacture_date AS assets_manufacture_date, assets.total_operating_hours AS assets_total_operating_hours, assets.total_cycles AS assets_total_cycles, assets.is_active AS assets_is_active, assets.metadata AS assets_metadata, assets.id AS assets_id, assets.created_at AS assets_created_at, assets.updated_at AS assets_updated_at 
FROM assets 
WHERE assets.id = %(id_1)s::UUID 
 LIMIT %(param_1)s::INTEGER
2026-09-15 16:41:19,199 INFO sqlalchemy.engine.Engine SELECT predictions.asset_id AS predictions_asset_id, predictions.component_id AS predictions_component_id, predictions.predicted_at AS predictions_predicted_at, predictions.prediction_horizon_days AS predictions_prediction_horizon_days, predictions.risk_score AS predictions_risk_score, predictions.risk_category AS predictions_risk_category, predictions.risk_factors AS predictions_risk_factors, predictions.feature_values AS predictions_feature_values, predictions.uncertainty AS predictions_uncertainty, predictions.data_sufficiency AS predictions_data_sufficiency, predictions.model_version AS predictions_model_version, predictions.layer_scores AS predictions_layer_scores, predictions.pipeline_run_id AS predictions_pipeline_run_id, predictions.id AS predictions_id, predictions.created_at AS predictions_created_at, predictions.updated_at AS predictions_updated_at 
FROM predictions 
WHERE predictions.component_id = %(component_id_1)s::UUID ORDER BY predictions.predicted_at DESC 
 LIMIT %(param_1)s::INTEGER
2026-09-15 16:41:19,199 INFO sqlalchemy.engine.Engine [cached since 0.2442s ago] {'id_1': UUID('37fa4ced-d6c5-4bd8-a078-35685d514026'), 'param_1': 1}
2026-09-15 16:41:19,199 INFO sqlalchemy.engine.Engine [cached since 0.2679s ago] {'component_id_1': UUID('9cad2479-e741-47f7-be25-5311ca852f80'), 'param_1': 1}
2026-09-15 16:41:19,204 INFO sqlalchemy.engine.Engine SELECT components.asset_id AS components_asset_id, components.component_id AS components_component_id, components.name AS components_name, components.component_type AS components_component_type, components.criticality AS components_criticality, components.manufacturer AS components_manufacturer, components.model_number AS components_model_number, components.install_date AS components_install_date, components.design_life_hours AS components_design_life_hours, components.design_life_cycles AS components_design_life_cycles, components.current_operating_hours AS components_current_operating_hours, components.current_cycles AS components_current_cycles, components.is_active AS components_is_active, components.metadata AS components_metadata, components.id AS components_id, components.created_at AS components_created_at, components.updated_at AS components_updated_at 
FROM components 
WHERE components.id = %(id_1)s::UUID 
 LIMIT %(param_1)s::INTEGER
2026-09-15 16:41:19,205 INFO sqlalchemy.engine.Engine [cached since 0.2808s ago] {'id_1': UUID('f626addc-1a2f-459d-9dfd-372b5686a0da'), 'param_1': 1}
2026-09-15 16:41:19,209 INFO sqlalchemy.engine.Engine SELECT readiness_assessments.asset_id AS readiness_assessments_asset_id, readiness_assessments.assessed_at AS readiness_assessments_assessed_at, readiness_assessments.status AS readiness_assessments_status, readiness_assessments.overall_health_score AS readiness_assessments_overall_health_score, readiness_assessments.primary_evidence AS readiness_assessments_primary_evidence, readiness_assessments.component_summary AS readiness_assessments_component_summary, readiness_assessments.data_quality_score AS readiness_assessments_data_quality_score, readiness_assessments.prediction_horizon_days AS readiness_assessments_prediction_horizon_days, readiness_assessments.explanation AS readiness_assessments_explanation, readiness_assessments.llm_explanation AS readiness_assessments_llm_explanation, readiness_assessments.pipeline_run_id AS readiness_assessments_pipeline_run_id, readiness_assessments.id AS readiness_assessments_id, readiness_assessments.created_at AS readiness_assessments_created_at, readiness_assessments.updated_at AS readiness_assessments_updated_at 
FROM readiness_assessments 
WHERE readiness_assessments.asset_id = %(asset_id_1)s::UUID ORDER BY readiness_assessments.assessed_at DESC 
 LIMIT %(param_1)s::INTEGER
2026-09-15 16:41:19,210 INFO sqlalchemy.engine.Engine [cached since 0.1599s ago] {'asset_id_1': UUID('de534921-3579-40b9-bb36-77cb7240c5af'), 'param_1': 1}
2026-09-15 16:41:19,212 INFO sqlalchemy.engine.Engine SELECT assets.asset_id AS assets_asset_id, assets.name AS assets_name, assets.asset_type AS assets_asset_type, assets.fleet AS assets_fleet, assets.location AS assets_location, assets.serial_number AS assets_serial_number, assets.manufacture_date AS assets_manufacture_date, assets.total_operating_hours AS assets_total_operating_hours, assets.total_cycles AS assets_total_cycles, assets.is_active AS assets_is_active, assets.metadata AS assets_metadata, assets.id AS assets_id, assets.created_at AS assets_created_at, assets.updated_at AS assets_updated_at 
FROM assets 
WHERE assets.id = %(id_1)s::UUID 
 LIMIT %(param_1)s::INTEGER
2026-09-15 16:41:19,213 INFO sqlalchemy.engine.Engine [cached since 0.258s ago] {'id_1': UUID('55580449-e3ec-4fce-a67b-d432d66e0af6'), 'param_1': 1}
2026-09-15 16:41:19,216 INFO sqlalchemy.engine.Engine SELECT components.asset_id AS components_asset_id, components.component_id AS components_component_id, components.name AS components_name, components.component_type AS components_component_type, components.criticality AS components_criticality, components.manufacturer AS components_manufacturer, components.model_number AS components_model_number, components.install_date AS components_install_date, components.design_life_hours AS components_design_life_hours, components.design_life_cycles AS components_design_life_cycles, components.current_operating_hours AS components_current_operating_hours, components.current_cycles AS components_current_cycles, components.is_active AS components_is_active, components.metadata AS components_metadata, components.id AS components_id, components.created_at AS components_created_at, components.updated_at AS components_updated_at 
FROM components 
WHERE components.asset_id = %(asset_id_1)s::UUID AND components.is_active = true
2026-09-15 16:41:19,217 INFO sqlalchemy.engine.Engine [cached since 0.312s ago] {'asset_id_1': UUID('f9617d8b-e30a-4130-8acd-85e4b803d309')}
2026-09-15 16:41:19,220 INFO sqlalchemy.engine.Engine SELECT components.asset_id AS components_asset_id, components.component_id AS components_component_id, components.name AS components_name, components.component_type AS components_component_type, components.criticality AS components_criticality, components.manufacturer AS components_manufacturer, components.model_number AS components_model_number, components.install_date AS components_install_date, components.design_life_hours AS components_design_life_hours, components.design_life_cycles AS components_design_life_cycles, components.current_operating_hours AS components_current_operating_hours, components.current_cycles AS components_current_cycles, components.is_active AS components_is_active, components.metadata AS components_metadata, components.id AS components_id, components.created_at AS components_created_at, components.updated_at AS components_updated_at 
FROM components 
WHERE components.id = %(id_1)s::UUID 
 LIMIT %(param_1)s::INTEGER
2026-09-15 16:41:19,220 INFO sqlalchemy.engine.Engine [cached since 0.296s ago] {'id_1': UUID('3247e6a5-8f30-4f31-87ce-3078bfe94e8d'), 'param_1': 1}
2026-09-15 16:41:19,224 INFO sqlalchemy.engine.Engine SELECT predictions.asset_id AS predictions_asset_id, predictions.component_id AS predictions_component_id, predictions.predicted_at AS predictions_predicted_at, predictions.prediction_horizon_days AS predictions_prediction_horizon_days, predictions.risk_score AS predictions_risk_score, predictions.risk_category AS predictions_risk_category, predictions.risk_factors AS predictions_risk_factors, predictions.feature_values AS predictions_feature_values, predictions.uncertainty AS predictions_uncertainty, predictions.data_sufficiency AS predictions_data_sufficiency, predictions.model_version AS predictions_model_version, predictions.layer_scores AS predictions_layer_scores, predictions.pipeline_run_id AS predictions_pipeline_run_id, predictions.id AS predictions_id, predictions.created_at AS predictions_created_at, predictions.updated_at AS predictions_updated_at 
FROM predictions 
WHERE predictions.component_id = %(component_id_1)s::UUID ORDER BY predictions.predicted_at DESC 
 LIMIT %(param_1)s::INTEGER
2026-09-15 16:41:19,225 INFO sqlalchemy.engine.Engine [cached since 0.2934s ago] {'component_id_1': UUID('6ab995c1-5686-438c-b040-3341244b3d8a'), 'param_1': 1}
2026-09-15 16:41:19,228 INFO sqlalchemy.engine.Engine SELECT assets.asset_id AS assets_asset_id, assets.name AS assets_name, assets.asset_type AS assets_asset_type, assets.fleet AS assets_fleet, assets.location AS assets_location, assets.serial_number AS assets_serial_number, assets.manufacture_date AS assets_manufacture_date, assets.total_operating_hours AS assets_total_operating_hours, assets.total_cycles AS assets_total_cycles, assets.is_active AS assets_is_active, assets.metadata AS assets_metadata, assets.id AS assets_id, assets.created_at AS assets_created_at, assets.updated_at AS assets_updated_at 
FROM assets 
WHERE assets.id = %(id_1)s::UUID 
 LIMIT %(param_1)s::INTEGER
2026-09-15 16:41:19,229 INFO sqlalchemy.engine.Engine [cached since 0.2739s ago] {'id_1': UUID('68c34d9f-8635-4e12-9cf6-40c9fe6e471e'), 'param_1': 1}
2026-09-15 16:41:19,232 INFO sqlalchemy.engine.Engine SELECT predictions.asset_id AS predictions_asset_id, predictions.component_id AS predictions_component_id, predictions.predicted_at AS predictions_predicted_at, predictions.prediction_horizon_days AS predictions_prediction_horizon_days, predictions.risk_score AS predictions_risk_score, predictions.risk_category AS predictions_risk_category, predictions.risk_factors AS predictions_risk_factors, predictions.feature_values AS predictions_feature_values, predictions.uncertainty AS predictions_uncertainty, predictions.data_sufficiency AS predictions_data_sufficiency, predictions.model_version AS predictions_model_version, predictions.layer_scores AS predictions_layer_scores, predictions.pipeline_run_id AS predictions_pipeline_run_id, predictions.id AS predictions_id, predictions.created_at AS predictions_created_at, predictions.updated_at AS predictions_updated_at 
FROM predictions 
WHERE predictions.component_id = %(component_id_1)s::UUID ORDER BY predictions.predicted_at DESC 
 LIMIT %(param_1)s::INTEGER
2026-09-15 16:41:19,235 INFO sqlalchemy.engine.Engine [cached since 0.3037s ago] {'component_id_1': UUID('006e1ae5-c02a-4cae-93e7-904f0e4dbe18'), 'param_1': 1}
2026-09-15 16:41:19,235 INFO sqlalchemy.engine.Engine SELECT anomaly_events.severity AS anomaly_events_severity, count(anomaly_events.id) AS count_1 
FROM anomaly_events GROUP BY anomaly_events.severity
2026-09-15 16:41:19,239 INFO sqlalchemy.engine.Engine SELECT components.asset_id AS components_asset_id, components.component_id AS components_component_id, components.name AS components_name, components.component_type AS components_component_type, components.criticality AS components_criticality, components.manufacturer AS components_manufacturer, components.model_number AS components_model_number, components.install_date AS components_install_date, components.design_life_hours AS components_design_life_hours, components.design_life_cycles AS components_design_life_cycles, components.current_operating_hours AS components_current_operating_hours, components.current_cycles AS components_current_cycles, components.is_active AS components_is_active, components.metadata AS components_metadata, components.id AS components_id, components.created_at AS components_created_at, components.updated_at AS components_updated_at 
FROM components 
WHERE components.id = %(id_1)s::UUID 
 LIMIT %(param_1)s::INTEGER
2026-09-15 16:41:19,243 INFO sqlalchemy.engine.Engine SELECT predictions.asset_id AS predictions_asset_id, predictions.component_id AS predictions_component_id, predictions.predicted_at AS predictions_predicted_at, predictions.prediction_horizon_days AS predictions_prediction_horizon_days, predictions.risk_score AS predictions_risk_score, predictions.risk_category AS predictions_risk_category, predictions.risk_factors AS predictions_risk_factors, predictions.feature_values AS predictions_feature_values, predictions.uncertainty AS predictions_uncertainty, predictions.data_sufficiency AS predictions_data_sufficiency, predictions.model_version AS predictions_model_version, predictions.layer_scores AS predictions_layer_scores, predictions.pipeline_run_id AS predictions_pipeline_run_id, predictions.id AS predictions_id, predictions.created_at AS predictions_created_at, predictions.updated_at AS predictions_updated_at 
FROM predictions 
WHERE predictions.component_id = %(component_id_1)s::UUID ORDER BY predictions.predicted_at DESC 
 LIMIT %(param_1)s::INTEGER
2026-09-15 16:41:19,243 INFO sqlalchemy.engine.Engine [cached since 27.06s ago] {}
2026-09-15 16:41:19,244 INFO sqlalchemy.engine.Engine [cached since 0.3202s ago] {'id_1': UUID('caae5630-04b7-45fc-9ca8-fab399ff7987'), 'param_1': 1}
2026-09-15 16:41:19,245 INFO sqlalchemy.engine.Engine [cached since 0.3131s ago] {'component_id_1': UUID('649bc37d-a7b4-4855-9c9a-830c55712144'), 'param_1': 1}
2026-09-15 16:41:19,249 INFO sqlalchemy.engine.Engine SELECT assets.asset_id AS assets_asset_id, assets.name AS assets_name, assets.asset_type AS assets_asset_type, assets.fleet AS assets_fleet, assets.location AS assets_location, assets.serial_number AS assets_serial_number, assets.manufacture_date AS assets_manufacture_date, assets.total_operating_hours AS assets_total_operating_hours, assets.total_cycles AS assets_total_cycles, assets.is_active AS assets_is_active, assets.metadata AS assets_metadata, assets.id AS assets_id, assets.created_at AS assets_created_at, assets.updated_at AS assets_updated_at 
FROM assets 
WHERE assets.id = %(id_1)s::UUID 
 LIMIT %(param_1)s::INTEGER
2026-09-15 16:41:19,249 INFO sqlalchemy.engine.Engine [cached since 0.2946s ago] {'id_1': UUID('68c34d9f-8635-4e12-9cf6-40c9fe6e471e'), 'param_1': 1}
2026-09-15 16:41:19,253 INFO sqlalchemy.engine.Engine SELECT predictions.asset_id AS predictions_asset_id, predictions.component_id AS predictions_component_id, predictions.predicted_at AS predictions_predicted_at, predictions.prediction_horizon_days AS predictions_prediction_horizon_days, predictions.risk_score AS predictions_risk_score, predictions.risk_category AS predictions_risk_category, predictions.risk_factors AS predictions_risk_factors, predictions.feature_values AS predictions_feature_values, predictions.uncertainty AS predictions_uncertainty, predictions.data_sufficiency AS predictions_data_sufficiency, predictions.model_version AS predictions_model_version, predictions.layer_scores AS predictions_layer_scores, predictions.pipeline_run_id AS predictions_pipeline_run_id, predictions.id AS predictions_id, predictions.created_at AS predictions_created_at, predictions.updated_at AS predictions_updated_at 
FROM predictions 
WHERE predictions.component_id = %(component_id_1)s::UUID ORDER BY predictions.predicted_at DESC 
 LIMIT %(param_1)s::INTEGER
2026-09-15 16:41:19,254 INFO sqlalchemy.engine.Engine [cached since 0.3228s ago] {'component_id_1': UUID('3a0ba892-bfad-4f39-8f6c-8067ce0de8c2'), 'param_1': 1}
2026-09-15 16:41:19,257 INFO sqlalchemy.engine.Engine SELECT components.asset_id AS components_asset_id, components.component_id AS components_component_id, components.name AS components_name, components.component_type AS components_component_type, components.criticality AS components_criticality, components.manufacturer AS components_manufacturer, components.model_number AS components_model_number, components.install_date AS components_install_date, components.design_life_hours AS components_design_life_hours, components.design_life_cycles AS components_design_life_cycles, components.current_operating_hours AS components_current_operating_hours, components.current_cycles AS components_current_cycles, components.is_active AS components_is_active, components.metadata AS components_metadata, components.id AS components_id, components.created_at AS components_created_at, components.updated_at AS components_updated_at 
FROM components 
WHERE components.id = %(id_1)s::UUID 
 LIMIT %(param_1)s::INTEGER
2026-09-15 16:41:19,258 INFO sqlalchemy.engine.Engine [cached since 0.3343s ago] {'id_1': UUID('fddd28ae-e3c6-492d-a9df-93245597e686'), 'param_1': 1}
2026-09-15 16:41:19,262 INFO sqlalchemy.engine.Engine SELECT readiness_assessments.asset_id AS readiness_assessments_asset_id, readiness_assessments.assessed_at AS readiness_assessments_assessed_at, readiness_assessments.status AS readiness_assessments_status, readiness_assessments.overall_health_score AS readiness_assessments_overall_health_score, readiness_assessments.primary_evidence AS readiness_assessments_primary_evidence, readiness_assessments.component_summary AS readiness_assessments_component_summary, readiness_assessments.data_quality_score AS readiness_assessments_data_quality_score, readiness_assessments.prediction_horizon_days AS readiness_assessments_prediction_horizon_days, readiness_assessments.explanation AS readiness_assessments_explanation, readiness_assessments.llm_explanation AS readiness_assessments_llm_explanation, readiness_assessments.pipeline_run_id AS readiness_assessments_pipeline_run_id, readiness_assessments.id AS readiness_assessments_id, readiness_assessments.created_at AS readiness_assessments_created_at, readiness_assessments.updated_at AS readiness_assessments_updated_at 
FROM readiness_assessments 
WHERE readiness_assessments.asset_id = %(asset_id_1)s::UUID ORDER BY readiness_assessments.assessed_at DESC 
 LIMIT %(param_1)s::INTEGER
2026-09-15 16:41:19,262 INFO sqlalchemy.engine.Engine [cached since 0.2127s ago] {'asset_id_1': UUID('f9617d8b-e30a-4130-8acd-85e4b803d309'), 'param_1': 1}
2026-09-15 16:41:19,266 INFO sqlalchemy.engine.Engine SELECT assets.asset_id AS assets_asset_id, assets.name AS assets_name, assets.asset_type AS assets_asset_type, assets.fleet AS assets_fleet, assets.location AS assets_location, assets.serial_number AS assets_serial_number, assets.manufacture_date AS assets_manufacture_date, assets.total_operating_hours AS assets_total_operating_hours, assets.total_cycles AS assets_total_cycles, assets.is_active AS assets_is_active, assets.metadata AS assets_metadata, assets.id AS assets_id, assets.created_at AS assets_created_at, assets.updated_at AS assets_updated_at 
FROM assets 
WHERE assets.id = %(id_1)s::UUID 
 LIMIT %(param_1)s::INTEGER
2026-09-15 16:41:19,266 INFO sqlalchemy.engine.Engine [cached since 0.3116s ago] {'id_1': UUID('16e38efd-b1de-4036-843b-3be036a2038e'), 'param_1': 1}
2026-09-15 16:41:19,269 INFO sqlalchemy.engine.Engine SELECT predictions.risk_category AS predictions_risk_category, count(predictions.id) AS count_1 
FROM predictions GROUP BY predictions.risk_category
2026-09-15 16:41:19,273 INFO sqlalchemy.engine.Engine SELECT components.asset_id AS components_asset_id, components.component_id AS components_component_id, components.name AS components_name, components.component_type AS components_component_type, components.criticality AS components_criticality, components.manufacturer AS components_manufacturer, components.model_number AS components_model_number, components.install_date AS components_install_date, components.design_life_hours AS components_design_life_hours, components.design_life_cycles AS components_design_life_cycles, components.current_operating_hours AS components_current_operating_hours, components.current_cycles AS components_current_cycles, components.is_active AS components_is_active, components.metadata AS components_metadata, components.id AS components_id, components.created_at AS components_created_at, components.updated_at AS components_updated_at 
FROM components 
WHERE components.asset_id = %(asset_id_1)s::UUID AND components.is_active = true
2026-09-15 16:41:19,273 INFO sqlalchemy.engine.Engine [cached since 27.07s ago] {}
2026-09-15 16:41:19,274 INFO sqlalchemy.engine.Engine [cached since 0.3693s ago] {'asset_id_1': UUID('b2f43ddf-155a-40cf-bacb-fdf86e86ab53')}
2026-09-15 16:41:19,281 INFO sqlalchemy.engine.Engine ROLLBACK
2026-09-15 16:41:19,285 INFO sqlalchemy.engine.Engine SELECT readiness_assessments.status AS readiness_assessments_status, count(readiness_assessments.id) AS count_1 
FROM readiness_assessments GROUP BY readiness_assessments.status
2026-09-15 16:41:19,289 INFO sqlalchemy.engine.Engine SELECT predictions.asset_id AS predictions_asset_id, predictions.component_id AS predictions_component_id, predictions.predicted_at AS predictions_predicted_at, predictions.prediction_horizon_days AS predictions_prediction_horizon_days, predictions.risk_score AS predictions_risk_score, predictions.risk_category AS predictions_risk_category, predictions.risk_factors AS predictions_risk_factors, predictions.feature_values AS predictions_feature_values, predictions.uncertainty AS predictions_uncertainty, predictions.data_sufficiency AS predictions_data_sufficiency, predictions.model_version AS predictions_model_version, predictions.layer_scores AS predictions_layer_scores, predictions.pipeline_run_id AS predictions_pipeline_run_id, predictions.id AS predictions_id, predictions.created_at AS predictions_created_at, predictions.updated_at AS predictions_updated_at 
FROM predictions 
WHERE predictions.component_id = %(component_id_1)s::UUID ORDER BY predictions.predicted_at DESC 
 LIMIT %(param_1)s::INTEGER
2026-09-15 16:41:19,290 INFO sqlalchemy.engine.Engine [cached since 27.08s ago] {}
INFO:     127.0.0.1:44729 - "GET /api/predictions/failure-risk-horizon?top_n=15 HTTP/1.1" 200 OK
2026-09-15 16:41:19,290 INFO sqlalchemy.engine.Engine [cached since 0.358s ago] {'component_id_1': UUID('b3d670dc-8f16-4ba6-853a-84f18a6478f2'), 'param_1': 1}
2026-09-15 16:41:19,297 INFO sqlalchemy.engine.Engine SELECT avg(readiness_assessments.overall_health_score) AS avg_1 
FROM readiness_assessments
2026-09-15 16:41:19,297 INFO sqlalchemy.engine.Engine [cached since 27.07s ago] {}
2026-09-15 16:41:19,302 INFO sqlalchemy.engine.Engine SELECT predictions.asset_id AS predictions_asset_id, predictions.component_id AS predictions_component_id, predictions.predicted_at AS predictions_predicted_at, predictions.prediction_horizon_days AS predictions_prediction_horizon_days, predictions.risk_score AS predictions_risk_score, predictions.risk_category AS predictions_risk_category, predictions.risk_factors AS predictions_risk_factors, predictions.feature_values AS predictions_feature_values, predictions.uncertainty AS predictions_uncertainty, predictions.data_sufficiency AS predictions_data_sufficiency, predictions.model_version AS predictions_model_version, predictions.layer_scores AS predictions_layer_scores, predictions.pipeline_run_id AS predictions_pipeline_run_id, predictions.id AS predictions_id, predictions.created_at AS predictions_created_at, predictions.updated_at AS predictions_updated_at 
FROM predictions 
WHERE predictions.component_id = %(component_id_1)s::UUID ORDER BY predictions.predicted_at DESC 
 LIMIT %(param_1)s::INTEGER
2026-09-15 16:41:19,303 INFO sqlalchemy.engine.Engine [cached since 0.3704s ago] {'component_id_1': UUID('0e417bea-9afd-4b94-84d7-231cc495938d'), 'param_1': 1}
2026-09-15 16:41:19,306 INFO sqlalchemy.engine.Engine SELECT count(*) AS count_1 
FROM (SELECT anomaly_events.asset_id AS anomaly_events_asset_id, anomaly_events.component_id AS anomaly_events_component_id, anomaly_events.sensor_type AS anomaly_events_sensor_type, anomaly_events.detected_at AS anomaly_events_detected_at, anomaly_events.anomaly_type AS anomaly_events_anomaly_type, anomaly_events.severity AS anomaly_events_severity, anomaly_events.anomaly_score AS anomaly_events_anomaly_score, anomaly_events.sensor_value AS anomaly_events_sensor_value, anomaly_events.baseline_value AS anomaly_events_baseline_value, anomaly_events.deviation_pct AS anomaly_events_deviation_pct, anomaly_events.evidence AS anomaly_events_evidence, anomaly_events.is_acknowledged AS anomaly_events_is_acknowledged, anomaly_events.pipeline_run_id AS anomaly_events_pipeline_run_id, anomaly_events.id AS anomaly_events_id, anomaly_events.created_at AS anomaly_events_created_at, anomaly_events.updated_at AS anomaly_events_updated_at 
FROM anomaly_events 
WHERE anomaly_events.severity = %(severity_1)s AND anomaly_events.is_acknowledged = false) AS anon_1
2026-09-15 16:41:19,311 INFO sqlalchemy.engine.Engine SELECT predictions.asset_id AS predictions_asset_id, predictions.component_id AS predictions_component_id, predictions.predicted_at AS predictions_predicted_at, predictions.prediction_horizon_days AS predictions_prediction_horizon_days, predictions.risk_score AS predictions_risk_score, predictions.risk_category AS predictions_risk_category, predictions.risk_factors AS predictions_risk_factors, predictions.feature_values AS predictions_feature_values, predictions.uncertainty AS predictions_uncertainty, predictions.data_sufficiency AS predictions_data_sufficiency, predictions.model_version AS predictions_model_version, predictions.layer_scores AS predictions_layer_scores, predictions.pipeline_run_id AS predictions_pipeline_run_id, predictions.id AS predictions_id, predictions.created_at AS predictions_created_at, predictions.updated_at AS predictions_updated_at 
FROM predictions 
WHERE predictions.component_id = %(component_id_1)s::UUID ORDER BY predictions.predicted_at DESC 
 LIMIT %(param_1)s::INTEGER
2026-09-15 16:41:19,313 INFO sqlalchemy.engine.Engine [cached since 0.3808s ago] {'component_id_1': UUID('f5969203-019a-4731-9020-f9adbbebe9c4'), 'param_1': 1}
2026-09-15 16:41:19,311 INFO sqlalchemy.engine.Engine [cached since 27.07s ago] {'severity_1': 'CRITICAL'}
2026-09-15 16:41:19,318 INFO sqlalchemy.engine.Engine SELECT predictions.asset_id AS predictions_asset_id, predictions.component_id AS predictions_component_id, predictions.predicted_at AS predictions_predicted_at, predictions.prediction_horizon_days AS predictions_prediction_horizon_days, predictions.risk_score AS predictions_risk_score, predictions.risk_category AS predictions_risk_category, predictions.risk_factors AS predictions_risk_factors, predictions.feature_values AS predictions_feature_values, predictions.uncertainty AS predictions_uncertainty, predictions.data_sufficiency AS predictions_data_sufficiency, predictions.model_version AS predictions_model_version, predictions.layer_scores AS predictions_layer_scores, predictions.pipeline_run_id AS predictions_pipeline_run_id, predictions.id AS predictions_id, predictions.created_at AS predictions_created_at, predictions.updated_at AS predictions_updated_at 
FROM predictions 
WHERE predictions.component_id = %(component_id_1)s::UUID ORDER BY predictions.predicted_at DESC 
 LIMIT %(param_1)s::INTEGER
2026-09-15 16:41:19,319 INFO sqlalchemy.engine.Engine [cached since 0.3866s ago] {'component_id_1': UUID('e7848fa1-e261-4b7e-ba10-e6ce6007eb3c'), 'param_1': 1}
2026-09-15 16:41:19,325 INFO sqlalchemy.engine.Engine SELECT predictions.asset_id AS predictions_asset_id, predictions.component_id AS predictions_component_id, predictions.predicted_at AS predictions_predicted_at, predictions.prediction_horizon_days AS predictions_prediction_horizon_days, predictions.risk_score AS predictions_risk_score, predictions.risk_category AS predictions_risk_category, predictions.risk_factors AS predictions_risk_factors, predictions.feature_values AS predictions_feature_values, predictions.uncertainty AS predictions_uncertainty, predictions.data_sufficiency AS predictions_data_sufficiency, predictions.model_version AS predictions_model_version, predictions.layer_scores AS predictions_layer_scores, predictions.pipeline_run_id AS predictions_pipeline_run_id, predictions.id AS predictions_id, predictions.created_at AS predictions_created_at, predictions.updated_at AS predictions_updated_at 
FROM predictions 
WHERE predictions.component_id = %(component_id_1)s::UUID ORDER BY predictions.predicted_at DESC 
 LIMIT %(param_1)s::INTEGER
2026-09-15 16:41:19,326 INFO sqlalchemy.engine.Engine [cached since 0.3936s ago] {'component_id_1': UUID('2ab5b13b-55da-43ea-9723-61551a73f0e2'), 'param_1': 1}
2026-09-15 16:41:19,332 INFO sqlalchemy.engine.Engine SELECT predictions.asset_id AS predictions_asset_id, predictions.component_id AS predictions_component_id, predictions.predicted_at AS predictions_predicted_at, predictions.prediction_horizon_days AS predictions_prediction_horizon_days, predictions.risk_score AS predictions_risk_score, predictions.risk_category AS predictions_risk_category, predictions.risk_factors AS predictions_risk_factors, predictions.feature_values AS predictions_feature_values, predictions.uncertainty AS predictions_uncertainty, predictions.data_sufficiency AS predictions_data_sufficiency, predictions.model_version AS predictions_model_version, predictions.layer_scores AS predictions_layer_scores, predictions.pipeline_run_id AS predictions_pipeline_run_id, predictions.id AS predictions_id, predictions.created_at AS predictions_created_at, predictions.updated_at AS predictions_updated_at 
FROM predictions 
WHERE predictions.component_id = %(component_id_1)s::UUID ORDER BY predictions.predicted_at DESC 
 LIMIT %(param_1)s::INTEGER
2026-09-15 16:41:19,333 INFO sqlalchemy.engine.Engine [cached since 0.4003s ago] {'component_id_1': UUID('8630bfac-3af4-46bf-b84d-b00a01434134'), 'param_1': 1}
2026-09-15 16:41:19,338 INFO sqlalchemy.engine.Engine ROLLBACK
2026-09-15 16:41:19,346 INFO sqlalchemy.engine.Engine SELECT predictions.asset_id AS predictions_asset_id, predictions.component_id AS predictions_component_id, predictions.predicted_at AS predictions_predicted_at, predictions.prediction_horizon_days AS predictions_prediction_horizon_days, predictions.risk_score AS predictions_risk_score, predictions.risk_category AS predictions_risk_category, predictions.risk_factors AS predictions_risk_factors, predictions.feature_values AS predictions_feature_values, predictions.uncertainty AS predictions_uncertainty, predictions.data_sufficiency AS predictions_data_sufficiency, predictions.model_version AS predictions_model_version, predictions.layer_scores AS predictions_layer_scores, predictions.pipeline_run_id AS predictions_pipeline_run_id, predictions.id AS predictions_id, predictions.created_at AS predictions_created_at, predictions.updated_at AS predictions_updated_at 
FROM predictions 
WHERE predictions.component_id = %(component_id_1)s::UUID ORDER BY predictions.predicted_at DESC 
 LIMIT %(param_1)s::INTEGER
2026-09-15 16:41:19,347 INFO sqlalchemy.engine.Engine BEGIN (implicit)
INFO:     127.0.0.1:44736 - "GET /api/dashboard/summary HTTP/1.1" 200 OK
2026-09-15 16:41:19,348 INFO sqlalchemy.engine.Engine [cached since 0.4156s ago] {'component_id_1': UUID('9e0a95cd-53f8-46c7-aa1c-81f261785f2b'), 'param_1': 1}
2026-09-15 16:41:19,350 INFO sqlalchemy.engine.Engine SELECT predictions.asset_id AS predictions_asset_id, predictions.component_id AS predictions_component_id, predictions.predicted_at AS predictions_predicted_at, predictions.prediction_horizon_days AS predictions_prediction_horizon_days, predictions.risk_score AS predictions_risk_score, predictions.risk_category AS predictions_risk_category, predictions.risk_factors AS predictions_risk_factors, predictions.feature_values AS predictions_feature_values, predictions.uncertainty AS predictions_uncertainty, predictions.data_sufficiency AS predictions_data_sufficiency, predictions.model_version AS predictions_model_version, predictions.layer_scores AS predictions_layer_scores, predictions.pipeline_run_id AS predictions_pipeline_run_id, predictions.id AS predictions_id, predictions.created_at AS predictions_created_at, predictions.updated_at AS predictions_updated_at 
FROM predictions JOIN (SELECT predictions.component_id AS component_id, max(predictions.predicted_at) AS max_ts 
FROM predictions GROUP BY predictions.component_id) AS anon_1 ON predictions.component_id = anon_1.component_id AND predictions.predicted_at = anon_1.max_ts ORDER BY predictions.risk_score DESC 
 LIMIT %(param_1)s::INTEGER
2026-09-15 16:41:19,352 INFO sqlalchemy.engine.Engine [cached since 0.4729s ago] {'param_1': 15}
2026-09-15 16:41:19,357 INFO sqlalchemy.engine.Engine SELECT predictions.asset_id AS predictions_asset_id, predictions.component_id AS predictions_component_id, predictions.predicted_at AS predictions_predicted_at, predictions.prediction_horizon_days AS predictions_prediction_horizon_days, predictions.risk_score AS predictions_risk_score, predictions.risk_category AS predictions_risk_category, predictions.risk_factors AS predictions_risk_factors, predictions.feature_values AS predictions_feature_values, predictions.uncertainty AS predictions_uncertainty, predictions.data_sufficiency AS predictions_data_sufficiency, predictions.model_version AS predictions_model_version, predictions.layer_scores AS predictions_layer_scores, predictions.pipeline_run_id AS predictions_pipeline_run_id, predictions.id AS predictions_id, predictions.created_at AS predictions_created_at, predictions.updated_at AS predictions_updated_at 
FROM predictions 
WHERE predictions.component_id = %(component_id_1)s::UUID ORDER BY predictions.predicted_at DESC 
 LIMIT %(param_1)s::INTEGER
2026-09-15 16:41:19,358 INFO sqlalchemy.engine.Engine [cached since 0.4258s ago] {'component_id_1': UUID('80620bc8-0918-4032-b8be-3a263ae6720b'), 'param_1': 1}
2026-09-15 16:41:19,363 INFO sqlalchemy.engine.Engine SELECT readiness_assessments.asset_id AS readiness_assessments_asset_id, readiness_assessments.assessed_at AS readiness_assessments_assessed_at, readiness_assessments.status AS readiness_assessments_status, readiness_assessments.overall_health_score AS readiness_assessments_overall_health_score, readiness_assessments.primary_evidence AS readiness_assessments_primary_evidence, readiness_assessments.component_summary AS readiness_assessments_component_summary, readiness_assessments.data_quality_score AS readiness_assessments_data_quality_score, readiness_assessments.prediction_horizon_days AS readiness_assessments_prediction_horizon_days, readiness_assessments.explanation AS readiness_assessments_explanation, readiness_assessments.llm_explanation AS readiness_assessments_llm_explanation, readiness_assessments.pipeline_run_id AS readiness_assessments_pipeline_run_id, readiness_assessments.id AS readiness_assessments_id, readiness_assessments.created_at AS readiness_assessments_created_at, readiness_assessments.updated_at AS readiness_assessments_updated_at 
FROM readiness_assessments 
WHERE readiness_assessments.asset_id = %(asset_id_1)s::UUID ORDER BY readiness_assessments.assessed_at DESC 
 LIMIT %(param_1)s::INTEGER
2026-09-15 16:41:19,363 INFO sqlalchemy.engine.Engine [cached since 0.3126s ago] {'asset_id_1': UUID('b2f43ddf-155a-40cf-bacb-fdf86e86ab53'), 'param_1': 1}
2026-09-15 16:41:19,367 INFO sqlalchemy.engine.Engine SELECT components.asset_id AS components_asset_id, components.component_id AS components_component_id, components.name AS components_name, components.component_type AS components_component_type, components.criticality AS components_criticality, components.manufacturer AS components_manufacturer, components.model_number AS components_model_number, components.install_date AS components_install_date, components.design_life_hours AS components_design_life_hours, components.design_life_cycles AS components_design_life_cycles, components.current_operating_hours AS components_current_operating_hours, components.current_cycles AS components_current_cycles, components.is_active AS components_is_active, components.metadata AS components_metadata, components.id AS components_id, components.created_at AS components_created_at, components.updated_at AS components_updated_at 
FROM components 
WHERE components.asset_id = %(asset_id_1)s::UUID AND components.is_active = true
2026-09-15 16:41:19,368 INFO sqlalchemy.engine.Engine [cached since 0.4622s ago] {'asset_id_1': UUID('fae2137c-ae16-4cdb-9498-f47e84f58e4f')}
2026-09-15 16:41:19,376 INFO sqlalchemy.engine.Engine SELECT components.asset_id AS components_asset_id, components.component_id AS components_component_id, components.name AS components_name, components.component_type AS components_component_type, components.criticality AS components_criticality, components.manufacturer AS components_manufacturer, components.model_number AS components_model_number, components.install_date AS components_install_date, components.design_life_hours AS components_design_life_hours, components.design_life_cycles AS components_design_life_cycles, components.current_operating_hours AS components_current_operating_hours, components.current_cycles AS components_current_cycles, components.is_active AS components_is_active, components.metadata AS components_metadata, components.id AS components_id, components.created_at AS components_created_at, components.updated_at AS components_updated_at 
FROM components 
WHERE components.id = %(id_1)s::UUID 
 LIMIT %(param_1)s::INTEGER
2026-09-15 16:41:19,376 INFO sqlalchemy.engine.Engine [cached since 0.4515s ago] {'id_1': UUID('8fca027b-65d2-4f42-9fb7-2017eecb2163'), 'param_1': 1}
2026-09-15 16:41:19,381 INFO sqlalchemy.engine.Engine SELECT predictions.asset_id AS predictions_asset_id, predictions.component_id AS predictions_component_id, predictions.predicted_at AS predictions_predicted_at, predictions.prediction_horizon_days AS predictions_prediction_horizon_days, predictions.risk_score AS predictions_risk_score, predictions.risk_category AS predictions_risk_category, predictions.risk_factors AS predictions_risk_factors, predictions.feature_values AS predictions_feature_values, predictions.uncertainty AS predictions_uncertainty, predictions.data_sufficiency AS predictions_data_sufficiency, predictions.model_version AS predictions_model_version, predictions.layer_scores AS predictions_layer_scores, predictions.pipeline_run_id AS predictions_pipeline_run_id, predictions.id AS predictions_id, predictions.created_at AS predictions_created_at, predictions.updated_at AS predictions_updated_at 
FROM predictions 
WHERE predictions.component_id = %(component_id_1)s::UUID ORDER BY predictions.predicted_at DESC 
 LIMIT %(param_1)s::INTEGER
2026-09-15 16:41:19,381 INFO sqlalchemy.engine.Engine [cached since 0.4488s ago] {'component_id_1': UUID('6a0a6f51-b027-4b5f-973c-f671ea16ba3c'), 'param_1': 1}
2026-09-15 16:41:19,385 INFO sqlalchemy.engine.Engine SELECT predictions.asset_id AS predictions_asset_id, predictions.component_id AS predictions_component_id, predictions.predicted_at AS predictions_predicted_at, predictions.prediction_horizon_days AS predictions_prediction_horizon_days, predictions.risk_score AS predictions_risk_score, predictions.risk_category AS predictions_risk_category, predictions.risk_factors AS predictions_risk_factors, predictions.feature_values AS predictions_feature_values, predictions.uncertainty AS predictions_uncertainty, predictions.data_sufficiency AS predictions_data_sufficiency, predictions.model_version AS predictions_model_version, predictions.layer_scores AS predictions_layer_scores, predictions.pipeline_run_id AS predictions_pipeline_run_id, predictions.id AS predictions_id, predictions.created_at AS predictions_created_at, predictions.updated_at AS predictions_updated_at 
FROM predictions 
WHERE predictions.component_id = %(component_id_1)s::UUID ORDER BY predictions.predicted_at DESC 
 LIMIT %(param_1)s::INTEGER
2026-09-15 16:41:19,385 INFO sqlalchemy.engine.Engine [cached since 0.4532s ago] {'component_id_1': UUID('b1309283-3539-4a87-8669-a2d25ba27abd'), 'param_1': 1}
2026-09-15 16:41:19,390 INFO sqlalchemy.engine.Engine SELECT predictions.asset_id AS predictions_asset_id, predictions.component_id AS predictions_component_id, predictions.predicted_at AS predictions_predicted_at, predictions.prediction_horizon_days AS predictions_prediction_horizon_days, predictions.risk_score AS predictions_risk_score, predictions.risk_category AS predictions_risk_category, predictions.risk_factors AS predictions_risk_factors, predictions.feature_values AS predictions_feature_values, predictions.uncertainty AS predictions_uncertainty, predictions.data_sufficiency AS predictions_data_sufficiency, predictions.model_version AS predictions_model_version, predictions.layer_scores AS predictions_layer_scores, predictions.pipeline_run_id AS predictions_pipeline_run_id, predictions.id AS predictions_id, predictions.created_at AS predictions_created_at, predictions.updated_at AS predictions_updated_at 
FROM predictions 
WHERE predictions.component_id = %(component_id_1)s::UUID ORDER BY predictions.predicted_at DESC 
 LIMIT %(param_1)s::INTEGER
2026-09-15 16:41:19,391 INFO sqlalchemy.engine.Engine [cached since 0.4584s ago] {'component_id_1': UUID('9aff649b-6ca4-489a-a9d9-484e3cdb1ae2'), 'param_1': 1}
2026-09-15 16:41:19,394 INFO sqlalchemy.engine.Engine SELECT assets.asset_id AS assets_asset_id, assets.name AS assets_name, assets.asset_type AS assets_asset_type, assets.fleet AS assets_fleet, assets.location AS assets_location, assets.serial_number AS assets_serial_number, assets.manufacture_date AS assets_manufacture_date, assets.total_operating_hours AS assets_total_operating_hours, assets.total_cycles AS assets_total_cycles, assets.is_active AS assets_is_active, assets.metadata AS assets_metadata, assets.id AS assets_id, assets.created_at AS assets_created_at, assets.updated_at AS assets_updated_at 
FROM assets 
WHERE assets.id = %(id_1)s::UUID 
 LIMIT %(param_1)s::INTEGER
2026-09-15 16:41:19,394 INFO sqlalchemy.engine.Engine [cached since 0.4389s ago] {'id_1': UUID('682c3d91-d9aa-486f-836f-592cec9f673b'), 'param_1': 1}
2026-09-15 16:41:19,398 INFO sqlalchemy.engine.Engine SELECT predictions.asset_id AS predictions_asset_id, predictions.component_id AS predictions_component_id, predictions.predicted_at AS predictions_predicted_at, predictions.prediction_horizon_days AS predictions_prediction_horizon_days, predictions.risk_score AS predictions_risk_score, predictions.risk_category AS predictions_risk_category, predictions.risk_factors AS predictions_risk_factors, predictions.feature_values AS predictions_feature_values, predictions.uncertainty AS predictions_uncertainty, predictions.data_sufficiency AS predictions_data_sufficiency, predictions.model_version AS predictions_model_version, predictions.layer_scores AS predictions_layer_scores, predictions.pipeline_run_id AS predictions_pipeline_run_id, predictions.id AS predictions_id, predictions.created_at AS predictions_created_at, predictions.updated_at AS predictions_updated_at 
FROM predictions 
WHERE predictions.component_id = %(component_id_1)s::UUID ORDER BY predictions.predicted_at DESC 
 LIMIT %(param_1)s::INTEGER
2026-09-15 16:41:19,398 INFO sqlalchemy.engine.Engine [cached since 0.466s ago] {'component_id_1': UUID('032cae54-d2d3-4222-9c7e-50e490897067'), 'param_1': 1}
2026-09-15 16:41:19,402 INFO sqlalchemy.engine.Engine SELECT predictions.asset_id AS predictions_asset_id, predictions.component_id AS predictions_component_id, predictions.predicted_at AS predictions_predicted_at, predictions.prediction_horizon_days AS predictions_prediction_horizon_days, predictions.risk_score AS predictions_risk_score, predictions.risk_category AS predictions_risk_category, predictions.risk_factors AS predictions_risk_factors, predictions.feature_values AS predictions_feature_values, predictions.uncertainty AS predictions_uncertainty, predictions.data_sufficiency AS predictions_data_sufficiency, predictions.model_version AS predictions_model_version, predictions.layer_scores AS predictions_layer_scores, predictions.pipeline_run_id AS predictions_pipeline_run_id, predictions.id AS predictions_id, predictions.created_at AS predictions_created_at, predictions.updated_at AS predictions_updated_at 
FROM predictions 
WHERE predictions.component_id = %(component_id_1)s::UUID ORDER BY predictions.predicted_at DESC 
 LIMIT %(param_1)s::INTEGER
2026-09-15 16:41:19,403 INFO sqlalchemy.engine.Engine [cached since 0.4707s ago] {'component_id_1': UUID('3edf0bf1-81ea-4d7b-b98e-55da159e588c'), 'param_1': 1}
2026-09-15 16:41:19,407 INFO sqlalchemy.engine.Engine SELECT predictions.asset_id AS predictions_asset_id, predictions.component_id AS predictions_component_id, predictions.predicted_at AS predictions_predicted_at, predictions.prediction_horizon_days AS predictions_prediction_horizon_days, predictions.risk_score AS predictions_risk_score, predictions.risk_category AS predictions_risk_category, predictions.risk_factors AS predictions_risk_factors, predictions.feature_values AS predictions_feature_values, predictions.uncertainty AS predictions_uncertainty, predictions.data_sufficiency AS predictions_data_sufficiency, predictions.model_version AS predictions_model_version, predictions.layer_scores AS predictions_layer_scores, predictions.pipeline_run_id AS predictions_pipeline_run_id, predictions.id AS predictions_id, predictions.created_at AS predictions_created_at, predictions.updated_at AS predictions_updated_at 
FROM predictions 
WHERE predictions.component_id = %(component_id_1)s::UUID ORDER BY predictions.predicted_at DESC 
 LIMIT %(param_1)s::INTEGER
2026-09-15 16:41:19,408 INFO sqlalchemy.engine.Engine [cached since 0.4757s ago] {'component_id_1': UUID('d278d85b-e471-4488-a3ea-4dc63197fd54'), 'param_1': 1}
2026-09-15 16:41:19,411 INFO sqlalchemy.engine.Engine SELECT components.asset_id AS components_asset_id, components.component_id AS components_component_id, components.name AS components_name, components.component_type AS components_component_type, components.criticality AS components_criticality, components.manufacturer AS components_manufacturer, components.model_number AS components_model_number, components.install_date AS components_install_date, components.design_life_hours AS components_design_life_hours, components.design_life_cycles AS components_design_life_cycles, components.current_operating_hours AS components_current_operating_hours, components.current_cycles AS components_current_cycles, components.is_active AS components_is_active, components.metadata AS components_metadata, components.id AS components_id, components.created_at AS components_created_at, components.updated_at AS components_updated_at 
FROM components 
WHERE components.id = %(id_1)s::UUID 
 LIMIT %(param_1)s::INTEGER
2026-09-15 16:41:19,412 INFO sqlalchemy.engine.Engine [cached since 0.4874s ago] {'id_1': UUID('abaeccde-d995-41a4-b656-c341ba8a29dd'), 'param_1': 1}
2026-09-15 16:41:19,416 INFO sqlalchemy.engine.Engine SELECT predictions.asset_id AS predictions_asset_id, predictions.component_id AS predictions_component_id, predictions.predicted_at AS predictions_predicted_at, predictions.prediction_horizon_days AS predictions_prediction_horizon_days, predictions.risk_score AS predictions_risk_score, predictions.risk_category AS predictions_risk_category, predictions.risk_factors AS predictions_risk_factors, predictions.feature_values AS predictions_feature_values, predictions.uncertainty AS predictions_uncertainty, predictions.data_sufficiency AS predictions_data_sufficiency, predictions.model_version AS predictions_model_version, predictions.layer_scores AS predictions_layer_scores, predictions.pipeline_run_id AS predictions_pipeline_run_id, predictions.id AS predictions_id, predictions.created_at AS predictions_created_at, predictions.updated_at AS predictions_updated_at 
FROM predictions 
WHERE predictions.component_id = %(component_id_1)s::UUID ORDER BY predictions.predicted_at DESC 
 LIMIT %(param_1)s::INTEGER
2026-09-15 16:41:19,417 INFO sqlalchemy.engine.Engine [cached since 0.4844s ago] {'component_id_1': UUID('ee6a5d82-d2ad-4b9c-a440-1c8396761c87'), 'param_1': 1}
2026-09-15 16:41:19,419 INFO sqlalchemy.engine.Engine SELECT assets.asset_id AS assets_asset_id, assets.name AS assets_name, assets.asset_type AS assets_asset_type, assets.fleet AS assets_fleet, assets.location AS assets_location, assets.serial_number AS assets_serial_number, assets.manufacture_date AS assets_manufacture_date, assets.total_operating_hours AS assets_total_operating_hours, assets.total_cycles AS assets_total_cycles, assets.is_active AS assets_is_active, assets.metadata AS assets_metadata, assets.id AS assets_id, assets.created_at AS assets_created_at, assets.updated_at AS assets_updated_at 
FROM assets 
WHERE assets.id = %(id_1)s::UUID 
 LIMIT %(param_1)s::INTEGER
2026-09-15 16:41:19,421 INFO sqlalchemy.engine.Engine [cached since 0.465s ago] {'id_1': UUID('682c3d91-d9aa-486f-836f-592cec9f673b'), 'param_1': 1}
2026-09-15 16:41:19,425 INFO sqlalchemy.engine.Engine SELECT readiness_assessments.asset_id AS readiness_assessments_asset_id, readiness_assessments.assessed_at AS readiness_assessments_assessed_at, readiness_assessments.status AS readiness_assessments_status, readiness_assessments.overall_health_score AS readiness_assessments_overall_health_score, readiness_assessments.primary_evidence AS readiness_assessments_primary_evidence, readiness_assessments.component_summary AS readiness_assessments_component_summary, readiness_assessments.data_quality_score AS readiness_assessments_data_quality_score, readiness_assessments.prediction_horizon_days AS readiness_assessments_prediction_horizon_days, readiness_assessments.explanation AS readiness_assessments_explanation, readiness_assessments.llm_explanation AS readiness_assessments_llm_explanation, readiness_assessments.pipeline_run_id AS readiness_assessments_pipeline_run_id, readiness_assessments.id AS readiness_assessments_id, readiness_assessments.created_at AS readiness_assessments_created_at, readiness_assessments.updated_at AS readiness_assessments_updated_at 
FROM readiness_assessments 
WHERE readiness_assessments.asset_id = %(asset_id_1)s::UUID ORDER BY readiness_assessments.assessed_at DESC 
 LIMIT %(param_1)s::INTEGER
2026-09-15 16:41:19,425 INFO sqlalchemy.engine.Engine [cached since 0.3749s ago] {'asset_id_1': UUID('fae2137c-ae16-4cdb-9498-f47e84f58e4f'), 'param_1': 1}
2026-09-15 16:41:19,428 INFO sqlalchemy.engine.Engine SELECT components.asset_id AS components_asset_id, components.component_id AS components_component_id, components.name AS components_name, components.component_type AS components_component_type, components.criticality AS components_criticality, components.manufacturer AS components_manufacturer, components.model_number AS components_model_number, components.install_date AS components_install_date, components.design_life_hours AS components_design_life_hours, components.design_life_cycles AS components_design_life_cycles, components.current_operating_hours AS components_current_operating_hours, components.current_cycles AS components_current_cycles, components.is_active AS components_is_active, components.metadata AS components_metadata, components.id AS components_id, components.created_at AS components_created_at, components.updated_at AS components_updated_at 
FROM components 
WHERE components.id = %(id_1)s::UUID 
 LIMIT %(param_1)s::INTEGER
2026-09-15 16:41:19,429 INFO sqlalchemy.engine.Engine [cached since 0.504s ago] {'id_1': UUID('e5248393-a642-4c22-8533-75abe18f2742'), 'param_1': 1}
2026-09-15 16:41:19,433 INFO sqlalchemy.engine.Engine SELECT components.asset_id AS components_asset_id, components.component_id AS components_component_id, components.name AS components_name, components.component_type AS components_component_type, components.criticality AS components_criticality, components.manufacturer AS components_manufacturer, components.model_number AS components_model_number, components.install_date AS components_install_date, components.design_life_hours AS components_design_life_hours, components.design_life_cycles AS components_design_life_cycles, components.current_operating_hours AS components_current_operating_hours, components.current_cycles AS components_current_cycles, components.is_active AS components_is_active, components.metadata AS components_metadata, components.id AS components_id, components.created_at AS components_created_at, components.updated_at AS components_updated_at 
FROM components 
WHERE components.asset_id = %(asset_id_1)s::UUID AND components.is_active = true
2026-09-15 16:41:19,434 INFO sqlalchemy.engine.Engine [cached since 0.5281s ago] {'asset_id_1': UUID('119ae754-0876-4470-827c-558d57f4a05e')}
2026-09-15 16:41:19,436 INFO sqlalchemy.engine.Engine SELECT assets.asset_id AS assets_asset_id, assets.name AS assets_name, assets.asset_type AS assets_asset_type, assets.fleet AS assets_fleet, assets.location AS assets_location, assets.serial_number AS assets_serial_number, assets.manufacture_date AS assets_manufacture_date, assets.total_operating_hours AS assets_total_operating_hours, assets.total_cycles AS assets_total_cycles, assets.is_active AS assets_is_active, assets.metadata AS assets_metadata, assets.id AS assets_id, assets.created_at AS assets_created_at, assets.updated_at AS assets_updated_at 
FROM assets 
WHERE assets.id = %(id_1)s::UUID 
 LIMIT %(param_1)s::INTEGER
2026-09-15 16:41:19,437 INFO sqlalchemy.engine.Engine [cached since 0.4819s ago] {'id_1': UUID('68416adc-1108-4a81-a072-c16bc48df41f'), 'param_1': 1}
2026-09-15 16:41:19,441 INFO sqlalchemy.engine.Engine SELECT predictions.asset_id AS predictions_asset_id, predictions.component_id AS predictions_component_id, predictions.predicted_at AS predictions_predicted_at, predictions.prediction_horizon_days AS predictions_prediction_horizon_days, predictions.risk_score AS predictions_risk_score, predictions.risk_category AS predictions_risk_category, predictions.risk_factors AS predictions_risk_factors, predictions.feature_values AS predictions_feature_values, predictions.uncertainty AS predictions_uncertainty, predictions.data_sufficiency AS predictions_data_sufficiency, predictions.model_version AS predictions_model_version, predictions.layer_scores AS predictions_layer_scores, predictions.pipeline_run_id AS predictions_pipeline_run_id, predictions.id AS predictions_id, predictions.created_at AS predictions_created_at, predictions.updated_at AS predictions_updated_at 
FROM predictions 
WHERE predictions.component_id = %(component_id_1)s::UUID ORDER BY predictions.predicted_at DESC 
 LIMIT %(param_1)s::INTEGER
2026-09-15 16:41:19,442 INFO sqlalchemy.engine.Engine [cached since 0.5097s ago] {'component_id_1': UUID('be393a64-a250-479e-85cc-3fbb17c800eb'), 'param_1': 1}
2026-09-15 16:41:19,445 INFO sqlalchemy.engine.Engine SELECT components.asset_id AS components_asset_id, components.component_id AS components_component_id, components.name AS components_name, components.component_type AS components_component_type, components.criticality AS components_criticality, components.manufacturer AS components_manufacturer, components.model_number AS components_model_number, components.install_date AS components_install_date, components.design_life_hours AS components_design_life_hours, components.design_life_cycles AS components_design_life_cycles, components.current_operating_hours AS components_current_operating_hours, components.current_cycles AS components_current_cycles, components.is_active AS components_is_active, components.metadata AS components_metadata, components.id AS components_id, components.created_at AS components_created_at, components.updated_at AS components_updated_at 
FROM components 
WHERE components.id = %(id_1)s::UUID 
 LIMIT %(param_1)s::INTEGER
2026-09-15 16:41:19,446 INFO sqlalchemy.engine.Engine [cached since 0.5213s ago] {'id_1': UUID('9b1f5c51-501d-44cc-b158-d63b8188d02a'), 'param_1': 1}
2026-09-15 16:41:19,450 INFO sqlalchemy.engine.Engine SELECT predictions.asset_id AS predictions_asset_id, predictions.component_id AS predictions_component_id, predictions.predicted_at AS predictions_predicted_at, predictions.prediction_horizon_days AS predictions_prediction_horizon_days, predictions.risk_score AS predictions_risk_score, predictions.risk_category AS predictions_risk_category, predictions.risk_factors AS predictions_risk_factors, predictions.feature_values AS predictions_feature_values, predictions.uncertainty AS predictions_uncertainty, predictions.data_sufficiency AS predictions_data_sufficiency, predictions.model_version AS predictions_model_version, predictions.layer_scores AS predictions_layer_scores, predictions.pipeline_run_id AS predictions_pipeline_run_id, predictions.id AS predictions_id, predictions.created_at AS predictions_created_at, predictions.updated_at AS predictions_updated_at 
FROM predictions 
WHERE predictions.component_id = %(component_id_1)s::UUID ORDER BY predictions.predicted_at DESC 
 LIMIT %(param_1)s::INTEGER
2026-09-15 16:41:19,451 INFO sqlalchemy.engine.Engine [cached since 0.5188s ago] {'component_id_1': UUID('09d5f214-32cc-4f1b-8dd0-231a6582444d'), 'param_1': 1}
2026-09-15 16:41:19,455 INFO sqlalchemy.engine.Engine SELECT assets.asset_id AS assets_asset_id, assets.name AS assets_name, assets.asset_type AS assets_asset_type, assets.fleet AS assets_fleet, assets.location AS assets_location, assets.serial_number AS assets_serial_number, assets.manufacture_date AS assets_manufacture_date, assets.total_operating_hours AS assets_total_operating_hours, assets.total_cycles AS assets_total_cycles, assets.is_active AS assets_is_active, assets.metadata AS assets_metadata, assets.id AS assets_id, assets.created_at AS assets_created_at, assets.updated_at AS assets_updated_at 
FROM assets 
WHERE assets.id = %(id_1)s::UUID 
 LIMIT %(param_1)s::INTEGER
2026-09-15 16:41:19,455 INFO sqlalchemy.engine.Engine [cached since 0.4996s ago] {'id_1': UUID('2e7b888a-92af-45e6-9ff6-adb0d3140aa3'), 'param_1': 1}
2026-09-15 16:41:19,459 INFO sqlalchemy.engine.Engine SELECT predictions.asset_id AS predictions_asset_id, predictions.component_id AS predictions_component_id, predictions.predicted_at AS predictions_predicted_at, predictions.prediction_horizon_days AS predictions_prediction_horizon_days, predictions.risk_score AS predictions_risk_score, predictions.risk_category AS predictions_risk_category, predictions.risk_factors AS predictions_risk_factors, predictions.feature_values AS predictions_feature_values, predictions.uncertainty AS predictions_uncertainty, predictions.data_sufficiency AS predictions_data_sufficiency, predictions.model_version AS predictions_model_version, predictions.layer_scores AS predictions_layer_scores, predictions.pipeline_run_id AS predictions_pipeline_run_id, predictions.id AS predictions_id, predictions.created_at AS predictions_created_at, predictions.updated_at AS predictions_updated_at 
FROM predictions 
WHERE predictions.component_id = %(component_id_1)s::UUID ORDER BY predictions.predicted_at DESC 
 LIMIT %(param_1)s::INTEGER
2026-09-15 16:41:19,459 INFO sqlalchemy.engine.Engine [cached since 0.5271s ago] {'component_id_1': UUID('8f341fac-8832-4098-9262-afa7888f330b'), 'param_1': 1}
2026-09-15 16:41:19,462 INFO sqlalchemy.engine.Engine SELECT components.asset_id AS components_asset_id, components.component_id AS components_component_id, components.name AS components_name, components.component_type AS components_component_type, components.criticality AS components_criticality, components.manufacturer AS components_manufacturer, components.model_number AS components_model_number, components.install_date AS components_install_date, components.design_life_hours AS components_design_life_hours, components.design_life_cycles AS components_design_life_cycles, components.current_operating_hours AS components_current_operating_hours, components.current_cycles AS components_current_cycles, components.is_active AS components_is_active, components.metadata AS components_metadata, components.id AS components_id, components.created_at AS components_created_at, components.updated_at AS components_updated_at 
FROM components 
WHERE components.id = %(id_1)s::UUID 
 LIMIT %(param_1)s::INTEGER
2026-09-15 16:41:19,463 INFO sqlalchemy.engine.Engine [cached since 0.5385s ago] {'id_1': UUID('873d3a75-0b7c-4e17-a012-4d8bf048f4ad'), 'param_1': 1}
2026-09-15 16:41:19,467 INFO sqlalchemy.engine.Engine SELECT predictions.asset_id AS predictions_asset_id, predictions.component_id AS predictions_component_id, predictions.predicted_at AS predictions_predicted_at, predictions.prediction_horizon_days AS predictions_prediction_horizon_days, predictions.risk_score AS predictions_risk_score, predictions.risk_category AS predictions_risk_category, predictions.risk_factors AS predictions_risk_factors, predictions.feature_values AS predictions_feature_values, predictions.uncertainty AS predictions_uncertainty, predictions.data_sufficiency AS predictions_data_sufficiency, predictions.model_version AS predictions_model_version, predictions.layer_scores AS predictions_layer_scores, predictions.pipeline_run_id AS predictions_pipeline_run_id, predictions.id AS predictions_id, predictions.created_at AS predictions_created_at, predictions.updated_at AS predictions_updated_at 
FROM predictions 
WHERE predictions.component_id = %(component_id_1)s::UUID ORDER BY predictions.predicted_at DESC 
 LIMIT %(param_1)s::INTEGER
2026-09-15 16:41:19,468 INFO sqlalchemy.engine.Engine [cached since 0.5353s ago] {'component_id_1': UUID('42456b8e-1d60-431e-b5aa-da70894742d1'), 'param_1': 1}
2026-09-15 16:41:19,471 INFO sqlalchemy.engine.Engine SELECT assets.asset_id AS assets_asset_id, assets.name AS assets_name, assets.asset_type AS assets_asset_type, assets.fleet AS assets_fleet, assets.location AS assets_location, assets.serial_number AS assets_serial_number, assets.manufacture_date AS assets_manufacture_date, assets.total_operating_hours AS assets_total_operating_hours, assets.total_cycles AS assets_total_cycles, assets.is_active AS assets_is_active, assets.metadata AS assets_metadata, assets.id AS assets_id, assets.created_at AS assets_created_at, assets.updated_at AS assets_updated_at 
FROM assets 
WHERE assets.id = %(id_1)s::UUID 
 LIMIT %(param_1)s::INTEGER
2026-09-15 16:41:19,471 INFO sqlalchemy.engine.Engine [cached since 0.5158s ago] {'id_1': UUID('55580449-e3ec-4fce-a67b-d432d66e0af6'), 'param_1': 1}
2026-09-15 16:41:19,475 INFO sqlalchemy.engine.Engine SELECT predictions.asset_id AS predictions_asset_id, predictions.component_id AS predictions_component_id, predictions.predicted_at AS predictions_predicted_at, predictions.prediction_horizon_days AS predictions_prediction_horizon_days, predictions.risk_score AS predictions_risk_score, predictions.risk_category AS predictions_risk_category, predictions.risk_factors AS predictions_risk_factors, predictions.feature_values AS predictions_feature_values, predictions.uncertainty AS predictions_uncertainty, predictions.data_sufficiency AS predictions_data_sufficiency, predictions.model_version AS predictions_model_version, predictions.layer_scores AS predictions_layer_scores, predictions.pipeline_run_id AS predictions_pipeline_run_id, predictions.id AS predictions_id, predictions.created_at AS predictions_created_at, predictions.updated_at AS predictions_updated_at 
FROM predictions 
WHERE predictions.component_id = %(component_id_1)s::UUID ORDER BY predictions.predicted_at DESC 
 LIMIT %(param_1)s::INTEGER
2026-09-15 16:41:19,476 INFO sqlalchemy.engine.Engine [cached since 0.5434s ago] {'component_id_1': UUID('b10fdfc2-f436-467c-919b-28abcfe534b1'), 'param_1': 1}
2026-09-15 16:41:19,479 INFO sqlalchemy.engine.Engine SELECT components.asset_id AS components_asset_id, components.component_id AS components_component_id, components.name AS components_name, components.component_type AS components_component_type, components.criticality AS components_criticality, components.manufacturer AS components_manufacturer, components.model_number AS components_model_number, components.install_date AS components_install_date, components.design_life_hours AS components_design_life_hours, components.design_life_cycles AS components_design_life_cycles, components.current_operating_hours AS components_current_operating_hours, components.current_cycles AS components_current_cycles, components.is_active AS components_is_active, components.metadata AS components_metadata, components.id AS components_id, components.created_at AS components_created_at, components.updated_at AS components_updated_at 
FROM components 
WHERE components.id = %(id_1)s::UUID 
 LIMIT %(param_1)s::INTEGER
2026-09-15 16:41:19,480 INFO sqlalchemy.engine.Engine [cached since 0.5547s ago] {'id_1': UUID('b31fab53-8b72-4d58-9061-2c028192076c'), 'param_1': 1}
2026-09-15 16:41:19,483 INFO sqlalchemy.engine.Engine SELECT readiness_assessments.asset_id AS readiness_assessments_asset_id, readiness_assessments.assessed_at AS readiness_assessments_assessed_at, readiness_assessments.status AS readiness_assessments_status, readiness_assessments.overall_health_score AS readiness_assessments_overall_health_score, readiness_assessments.primary_evidence AS readiness_assessments_primary_evidence, readiness_assessments.component_summary AS readiness_assessments_component_summary, readiness_assessments.data_quality_score AS readiness_assessments_data_quality_score, readiness_assessments.prediction_horizon_days AS readiness_assessments_prediction_horizon_days, readiness_assessments.explanation AS readiness_assessments_explanation, readiness_assessments.llm_explanation AS readiness_assessments_llm_explanation, readiness_assessments.pipeline_run_id AS readiness_assessments_pipeline_run_id, readiness_assessments.id AS readiness_assessments_id, readiness_assessments.created_at AS readiness_assessments_created_at, readiness_assessments.updated_at AS readiness_assessments_updated_at 
FROM readiness_assessments 
WHERE readiness_assessments.asset_id = %(asset_id_1)s::UUID ORDER BY readiness_assessments.assessed_at DESC 
 LIMIT %(param_1)s::INTEGER
2026-09-15 16:41:19,484 INFO sqlalchemy.engine.Engine [cached since 0.4339s ago] {'asset_id_1': UUID('119ae754-0876-4470-827c-558d57f4a05e'), 'param_1': 1}
2026-09-15 16:41:19,488 INFO sqlalchemy.engine.Engine SELECT assets.asset_id AS assets_asset_id, assets.name AS assets_name, assets.asset_type AS assets_asset_type, assets.fleet AS assets_fleet, assets.location AS assets_location, assets.serial_number AS assets_serial_number, assets.manufacture_date AS assets_manufacture_date, assets.total_operating_hours AS assets_total_operating_hours, assets.total_cycles AS assets_total_cycles, assets.is_active AS assets_is_active, assets.metadata AS assets_metadata, assets.id AS assets_id, assets.created_at AS assets_created_at, assets.updated_at AS assets_updated_at 
FROM assets 
WHERE assets.id = %(id_1)s::UUID 
 LIMIT %(param_1)s::INTEGER
2026-09-15 16:41:19,492 INFO sqlalchemy.engine.Engine SELECT components.asset_id AS components_asset_id, components.component_id AS components_component_id, components.name AS components_name, components.component_type AS components_component_type, components.criticality AS components_criticality, components.manufacturer AS components_manufacturer, components.model_number AS components_model_number, components.install_date AS components_install_date, components.design_life_hours AS components_design_life_hours, components.design_life_cycles AS components_design_life_cycles, components.current_operating_hours AS components_current_operating_hours, components.current_cycles AS components_current_cycles, components.is_active AS components_is_active, components.metadata AS components_metadata, components.id AS components_id, components.created_at AS components_created_at, components.updated_at AS components_updated_at 
FROM components 
WHERE components.asset_id = %(asset_id_1)s::UUID AND components.is_active = true
2026-09-15 16:41:19,492 INFO sqlalchemy.engine.Engine [cached since 0.5365s ago] {'id_1': UUID('68416adc-1108-4a81-a072-c16bc48df41f'), 'param_1': 1}
2026-09-15 16:41:19,493 INFO sqlalchemy.engine.Engine [cached since 0.587s ago] {'asset_id_1': UUID('682c3d91-d9aa-486f-836f-592cec9f673b')}
2026-09-15 16:41:19,497 INFO sqlalchemy.engine.Engine SELECT components.asset_id AS components_asset_id, components.component_id AS components_component_id, components.name AS components_name, components.component_type AS components_component_type, components.criticality AS components_criticality, components.manufacturer AS components_manufacturer, components.model_number AS components_model_number, components.install_date AS components_install_date, components.design_life_hours AS components_design_life_hours, components.design_life_cycles AS components_design_life_cycles, components.current_operating_hours AS components_current_operating_hours, components.current_cycles AS components_current_cycles, components.is_active AS components_is_active, components.metadata AS components_metadata, components.id AS components_id, components.created_at AS components_created_at, components.updated_at AS components_updated_at 
FROM components 
WHERE components.id = %(id_1)s::UUID 
 LIMIT %(param_1)s::INTEGER
2026-09-15 16:41:19,498 INFO sqlalchemy.engine.Engine [cached since 0.5729s ago] {'id_1': UUID('0fd8d205-61d3-4eb5-b2aa-fbd25491fc1c'), 'param_1': 1}
2026-09-15 16:41:19,502 INFO sqlalchemy.engine.Engine SELECT predictions.asset_id AS predictions_asset_id, predictions.component_id AS predictions_component_id, predictions.predicted_at AS predictions_predicted_at, predictions.prediction_horizon_days AS predictions_prediction_horizon_days, predictions.risk_score AS predictions_risk_score, predictions.risk_category AS predictions_risk_category, predictions.risk_factors AS predictions_risk_factors, predictions.feature_values AS predictions_feature_values, predictions.uncertainty AS predictions_uncertainty, predictions.data_sufficiency AS predictions_data_sufficiency, predictions.model_version AS predictions_model_version, predictions.layer_scores AS predictions_layer_scores, predictions.pipeline_run_id AS predictions_pipeline_run_id, predictions.id AS predictions_id, predictions.created_at AS predictions_created_at, predictions.updated_at AS predictions_updated_at 
FROM predictions 
WHERE predictions.component_id = %(component_id_1)s::UUID ORDER BY predictions.predicted_at DESC 
 LIMIT %(param_1)s::INTEGER
2026-09-15 16:41:19,503 INFO sqlalchemy.engine.Engine [cached since 0.5705s ago] {'component_id_1': UUID('abaeccde-d995-41a4-b656-c341ba8a29dd'), 'param_1': 1}
2026-09-15 16:41:19,506 INFO sqlalchemy.engine.Engine SELECT assets.asset_id AS assets_asset_id, assets.name AS assets_name, assets.asset_type AS assets_asset_type, assets.fleet AS assets_fleet, assets.location AS assets_location, assets.serial_number AS assets_serial_number, assets.manufacture_date AS assets_manufacture_date, assets.total_operating_hours AS assets_total_operating_hours, assets.total_cycles AS assets_total_cycles, assets.is_active AS assets_is_active, assets.metadata AS assets_metadata, assets.id AS assets_id, assets.created_at AS assets_created_at, assets.updated_at AS assets_updated_at 
FROM assets 
WHERE assets.id = %(id_1)s::UUID 
 LIMIT %(param_1)s::INTEGER
2026-09-15 16:41:19,506 INFO sqlalchemy.engine.Engine [cached since 0.5509s ago] {'id_1': UUID('85c49c8d-e51b-4ed5-b38d-68b2fb7b4b3a'), 'param_1': 1}
2026-09-15 16:41:19,510 INFO sqlalchemy.engine.Engine SELECT predictions.asset_id AS predictions_asset_id, predictions.component_id AS predictions_component_id, predictions.predicted_at AS predictions_predicted_at, predictions.prediction_horizon_days AS predictions_prediction_horizon_days, predictions.risk_score AS predictions_risk_score, predictions.risk_category AS predictions_risk_category, predictions.risk_factors AS predictions_risk_factors, predictions.feature_values AS predictions_feature_values, predictions.uncertainty AS predictions_uncertainty, predictions.data_sufficiency AS predictions_data_sufficiency, predictions.model_version AS predictions_model_version, predictions.layer_scores AS predictions_layer_scores, predictions.pipeline_run_id AS predictions_pipeline_run_id, predictions.id AS predictions_id, predictions.created_at AS predictions_created_at, predictions.updated_at AS predictions_updated_at 
FROM predictions 
WHERE predictions.component_id = %(component_id_1)s::UUID ORDER BY predictions.predicted_at DESC 
 LIMIT %(param_1)s::INTEGER
2026-09-15 16:41:19,511 INFO sqlalchemy.engine.Engine [cached since 0.5789s ago] {'component_id_1': UUID('8fca027b-65d2-4f42-9fb7-2017eecb2163'), 'param_1': 1}
2026-09-15 16:41:19,515 INFO sqlalchemy.engine.Engine SELECT components.asset_id AS components_asset_id, components.component_id AS components_component_id, components.name AS components_name, components.component_type AS components_component_type, components.criticality AS components_criticality, components.manufacturer AS components_manufacturer, components.model_number AS components_model_number, components.install_date AS components_install_date, components.design_life_hours AS components_design_life_hours, components.design_life_cycles AS components_design_life_cycles, components.current_operating_hours AS components_current_operating_hours, components.current_cycles AS components_current_cycles, components.is_active AS components_is_active, components.metadata AS components_metadata, components.id AS components_id, components.created_at AS components_created_at, components.updated_at AS components_updated_at 
FROM components 
WHERE components.id = %(id_1)s::UUID 
 LIMIT %(param_1)s::INTEGER
2026-09-15 16:41:19,516 INFO sqlalchemy.engine.Engine [cached since 0.5909s ago] {'id_1': UUID('095aa0a4-b261-4715-9f8d-8466ed55af03'), 'param_1': 1}
2026-09-15 16:41:19,519 INFO sqlalchemy.engine.Engine SELECT predictions.asset_id AS predictions_asset_id, predictions.component_id AS predictions_component_id, predictions.predicted_at AS predictions_predicted_at, predictions.prediction_horizon_days AS predictions_prediction_horizon_days, predictions.risk_score AS predictions_risk_score, predictions.risk_category AS predictions_risk_category, predictions.risk_factors AS predictions_risk_factors, predictions.feature_values AS predictions_feature_values, predictions.uncertainty AS predictions_uncertainty, predictions.data_sufficiency AS predictions_data_sufficiency, predictions.model_version AS predictions_model_version, predictions.layer_scores AS predictions_layer_scores, predictions.pipeline_run_id AS predictions_pipeline_run_id, predictions.id AS predictions_id, predictions.created_at AS predictions_created_at, predictions.updated_at AS predictions_updated_at 
FROM predictions 
WHERE predictions.component_id = %(component_id_1)s::UUID ORDER BY predictions.predicted_at DESC 
 LIMIT %(param_1)s::INTEGER
2026-09-15 16:41:19,520 INFO sqlalchemy.engine.Engine [cached since 0.5876s ago] {'component_id_1': UUID('7f32a077-562c-46b4-ad75-7a5490b394f9'), 'param_1': 1}
2026-09-15 16:41:19,524 INFO sqlalchemy.engine.Engine SELECT assets.asset_id AS assets_asset_id, assets.name AS assets_name, assets.asset_type AS assets_asset_type, assets.fleet AS assets_fleet, assets.location AS assets_location, assets.serial_number AS assets_serial_number, assets.manufacture_date AS assets_manufacture_date, assets.total_operating_hours AS assets_total_operating_hours, assets.total_cycles AS assets_total_cycles, assets.is_active AS assets_is_active, assets.metadata AS assets_metadata, assets.id AS assets_id, assets.created_at AS assets_created_at, assets.updated_at AS assets_updated_at 
FROM assets 
WHERE assets.id = %(id_1)s::UUID 
 LIMIT %(param_1)s::INTEGER
2026-09-15 16:41:19,525 INFO sqlalchemy.engine.Engine [cached since 0.5696s ago] {'id_1': UUID('85c49c8d-e51b-4ed5-b38d-68b2fb7b4b3a'), 'param_1': 1}
2026-09-15 16:41:19,529 INFO sqlalchemy.engine.Engine SELECT predictions.asset_id AS predictions_asset_id, predictions.component_id AS predictions_component_id, predictions.predicted_at AS predictions_predicted_at, predictions.prediction_horizon_days AS predictions_prediction_horizon_days, predictions.risk_score AS predictions_risk_score, predictions.risk_category AS predictions_risk_category, predictions.risk_factors AS predictions_risk_factors, predictions.feature_values AS predictions_feature_values, predictions.uncertainty AS predictions_uncertainty, predictions.data_sufficiency AS predictions_data_sufficiency, predictions.model_version AS predictions_model_version, predictions.layer_scores AS predictions_layer_scores, predictions.pipeline_run_id AS predictions_pipeline_run_id, predictions.id AS predictions_id, predictions.created_at AS predictions_created_at, predictions.updated_at AS predictions_updated_at 
FROM predictions 
WHERE predictions.component_id = %(component_id_1)s::UUID ORDER BY predictions.predicted_at DESC 
 LIMIT %(param_1)s::INTEGER
2026-09-15 16:41:19,530 INFO sqlalchemy.engine.Engine [cached since 0.5975s ago] {'component_id_1': UUID('279c5896-9a01-4ac5-b371-81505a653086'), 'param_1': 1}
2026-09-15 16:41:19,533 INFO sqlalchemy.engine.Engine SELECT components.asset_id AS components_asset_id, components.component_id AS components_component_id, components.name AS components_name, components.component_type AS components_component_type, components.criticality AS components_criticality, components.manufacturer AS components_manufacturer, components.model_number AS components_model_number, components.install_date AS components_install_date, components.design_life_hours AS components_design_life_hours, components.design_life_cycles AS components_design_life_cycles, components.current_operating_hours AS components_current_operating_hours, components.current_cycles AS components_current_cycles, components.is_active AS components_is_active, components.metadata AS components_metadata, components.id AS components_id, components.created_at AS components_created_at, components.updated_at AS components_updated_at 
FROM components 
WHERE components.id = %(id_1)s::UUID 
 LIMIT %(param_1)s::INTEGER
2026-09-15 16:41:19,534 INFO sqlalchemy.engine.Engine [cached since 0.6089s ago] {'id_1': UUID('cfd60061-0c26-4c03-9d65-0f37df891bcb'), 'param_1': 1}
2026-09-15 16:41:19,538 INFO sqlalchemy.engine.Engine SELECT predictions.asset_id AS predictions_asset_id, predictions.component_id AS predictions_component_id, predictions.predicted_at AS predictions_predicted_at, predictions.prediction_horizon_days AS predictions_prediction_horizon_days, predictions.risk_score AS predictions_risk_score, predictions.risk_category AS predictions_risk_category, predictions.risk_factors AS predictions_risk_factors, predictions.feature_values AS predictions_feature_values, predictions.uncertainty AS predictions_uncertainty, predictions.data_sufficiency AS predictions_data_sufficiency, predictions.model_version AS predictions_model_version, predictions.layer_scores AS predictions_layer_scores, predictions.pipeline_run_id AS predictions_pipeline_run_id, predictions.id AS predictions_id, predictions.created_at AS predictions_created_at, predictions.updated_at AS predictions_updated_at 
FROM predictions 
WHERE predictions.component_id = %(component_id_1)s::UUID ORDER BY predictions.predicted_at DESC 
 LIMIT %(param_1)s::INTEGER
2026-09-15 16:41:19,538 INFO sqlalchemy.engine.Engine [cached since 0.606s ago] {'component_id_1': UUID('35661fb1-b28a-44e5-9500-93bff2d459d8'), 'param_1': 1}
2026-09-15 16:41:19,541 INFO sqlalchemy.engine.Engine SELECT assets.asset_id AS assets_asset_id, assets.name AS assets_name, assets.asset_type AS assets_asset_type, assets.fleet AS assets_fleet, assets.location AS assets_location, assets.serial_number AS assets_serial_number, assets.manufacture_date AS assets_manufacture_date, assets.total_operating_hours AS assets_total_operating_hours, assets.total_cycles AS assets_total_cycles, assets.is_active AS assets_is_active, assets.metadata AS assets_metadata, assets.id AS assets_id, assets.created_at AS assets_created_at, assets.updated_at AS assets_updated_at 
FROM assets 
WHERE assets.id = %(id_1)s::UUID 
 LIMIT %(param_1)s::INTEGER
2026-09-15 16:41:19,543 INFO sqlalchemy.engine.Engine [cached since 0.5875s ago] {'id_1': UUID('863da5cc-8c07-496d-8616-18a63694d89c'), 'param_1': 1}
2026-09-15 16:41:19,547 INFO sqlalchemy.engine.Engine SELECT predictions.asset_id AS predictions_asset_id, predictions.component_id AS predictions_component_id, predictions.predicted_at AS predictions_predicted_at, predictions.prediction_horizon_days AS predictions_prediction_horizon_days, predictions.risk_score AS predictions_risk_score, predictions.risk_category AS predictions_risk_category, predictions.risk_factors AS predictions_risk_factors, predictions.feature_values AS predictions_feature_values, predictions.uncertainty AS predictions_uncertainty, predictions.data_sufficiency AS predictions_data_sufficiency, predictions.model_version AS predictions_model_version, predictions.layer_scores AS predictions_layer_scores, predictions.pipeline_run_id AS predictions_pipeline_run_id, predictions.id AS predictions_id, predictions.created_at AS predictions_created_at, predictions.updated_at AS predictions_updated_at 
FROM predictions 
WHERE predictions.component_id = %(component_id_1)s::UUID ORDER BY predictions.predicted_at DESC 
 LIMIT %(param_1)s::INTEGER
2026-09-15 16:41:19,547 INFO sqlalchemy.engine.Engine [cached since 0.615s ago] {'component_id_1': UUID('3d2d0cbe-1f44-48e5-87a9-4f3c438593d6'), 'param_1': 1}
2026-09-15 16:41:19,551 INFO sqlalchemy.engine.Engine SELECT components.asset_id AS components_asset_id, components.component_id AS components_component_id, components.name AS components_name, components.component_type AS components_component_type, components.criticality AS components_criticality, components.manufacturer AS components_manufacturer, components.model_number AS components_model_number, components.install_date AS components_install_date, components.design_life_hours AS components_design_life_hours, components.design_life_cycles AS components_design_life_cycles, components.current_operating_hours AS components_current_operating_hours, components.current_cycles AS components_current_cycles, components.is_active AS components_is_active, components.metadata AS components_metadata, components.id AS components_id, components.created_at AS components_created_at, components.updated_at AS components_updated_at 
FROM components 
WHERE components.id = %(id_1)s::UUID 
 LIMIT %(param_1)s::INTEGER
2026-09-15 16:41:19,551 INFO sqlalchemy.engine.Engine [cached since 0.6268s ago] {'id_1': UUID('cdec732c-92c7-4ac4-9d37-bb161151f899'), 'param_1': 1}
2026-09-15 16:41:19,557 INFO sqlalchemy.engine.Engine SELECT predictions.asset_id AS predictions_asset_id, predictions.component_id AS predictions_component_id, predictions.predicted_at AS predictions_predicted_at, predictions.prediction_horizon_days AS predictions_prediction_horizon_days, predictions.risk_score AS predictions_risk_score, predictions.risk_category AS predictions_risk_category, predictions.risk_factors AS predictions_risk_factors, predictions.feature_values AS predictions_feature_values, predictions.uncertainty AS predictions_uncertainty, predictions.data_sufficiency AS predictions_data_sufficiency, predictions.model_version AS predictions_model_version, predictions.layer_scores AS predictions_layer_scores, predictions.pipeline_run_id AS predictions_pipeline_run_id, predictions.id AS predictions_id, predictions.created_at AS predictions_created_at, predictions.updated_at AS predictions_updated_at 
FROM predictions 
WHERE predictions.component_id = %(component_id_1)s::UUID ORDER BY predictions.predicted_at DESC 
 LIMIT %(param_1)s::INTEGER
2026-09-15 16:41:19,557 INFO sqlalchemy.engine.Engine [cached since 0.6251s ago] {'component_id_1': UUID('0168ccf1-4913-4de2-bf37-e49861172032'), 'param_1': 1}
2026-09-15 16:41:19,560 INFO sqlalchemy.engine.Engine SELECT assets.asset_id AS assets_asset_id, assets.name AS assets_name, assets.asset_type AS assets_asset_type, assets.fleet AS assets_fleet, assets.location AS assets_location, assets.serial_number AS assets_serial_number, assets.manufacture_date AS assets_manufacture_date, assets.total_operating_hours AS assets_total_operating_hours, assets.total_cycles AS assets_total_cycles, assets.is_active AS assets_is_active, assets.metadata AS assets_metadata, assets.id AS assets_id, assets.created_at AS assets_created_at, assets.updated_at AS assets_updated_at 
FROM assets 
WHERE assets.id = %(id_1)s::UUID 
 LIMIT %(param_1)s::INTEGER
2026-09-15 16:41:19,561 INFO sqlalchemy.engine.Engine [cached since 0.6055s ago] {'id_1': UUID('2e7b888a-92af-45e6-9ff6-adb0d3140aa3'), 'param_1': 1}
2026-09-15 16:41:19,565 INFO sqlalchemy.engine.Engine SELECT predictions.asset_id AS predictions_asset_id, predictions.component_id AS predictions_component_id, predictions.predicted_at AS predictions_predicted_at, predictions.prediction_horizon_days AS predictions_prediction_horizon_days, predictions.risk_score AS predictions_risk_score, predictions.risk_category AS predictions_risk_category, predictions.risk_factors AS predictions_risk_factors, predictions.feature_values AS predictions_feature_values, predictions.uncertainty AS predictions_uncertainty, predictions.data_sufficiency AS predictions_data_sufficiency, predictions.model_version AS predictions_model_version, predictions.layer_scores AS predictions_layer_scores, predictions.pipeline_run_id AS predictions_pipeline_run_id, predictions.id AS predictions_id, predictions.created_at AS predictions_created_at, predictions.updated_at AS predictions_updated_at 
FROM predictions 
WHERE predictions.component_id = %(component_id_1)s::UUID ORDER BY predictions.predicted_at DESC 
 LIMIT %(param_1)s::INTEGER
2026-09-15 16:41:19,565 INFO sqlalchemy.engine.Engine [cached since 0.633s ago] {'component_id_1': UUID('c69afb57-c8b4-4e1c-aa5d-23b67021e6c1'), 'param_1': 1}
2026-09-15 16:41:19,568 INFO sqlalchemy.engine.Engine SELECT components.asset_id AS components_asset_id, components.component_id AS components_component_id, components.name AS components_name, components.component_type AS components_component_type, components.criticality AS components_criticality, components.manufacturer AS components_manufacturer, components.model_number AS components_model_number, components.install_date AS components_install_date, components.design_life_hours AS components_design_life_hours, components.design_life_cycles AS components_design_life_cycles, components.current_operating_hours AS components_current_operating_hours, components.current_cycles AS components_current_cycles, components.is_active AS components_is_active, components.metadata AS components_metadata, components.id AS components_id, components.created_at AS components_created_at, components.updated_at AS components_updated_at 
FROM components 
WHERE components.id = %(id_1)s::UUID 
 LIMIT %(param_1)s::INTEGER
2026-09-15 16:41:19,569 INFO sqlalchemy.engine.Engine [cached since 0.644s ago] {'id_1': UUID('d67e6008-5c3e-4604-b21c-471e0c8e021d'), 'param_1': 1}
2026-09-15 16:41:19,573 INFO sqlalchemy.engine.Engine SELECT predictions.asset_id AS predictions_asset_id, predictions.component_id AS predictions_component_id, predictions.predicted_at AS predictions_predicted_at, predictions.prediction_horizon_days AS predictions_prediction_horizon_days, predictions.risk_score AS predictions_risk_score, predictions.risk_category AS predictions_risk_category, predictions.risk_factors AS predictions_risk_factors, predictions.feature_values AS predictions_feature_values, predictions.uncertainty AS predictions_uncertainty, predictions.data_sufficiency AS predictions_data_sufficiency, predictions.model_version AS predictions_model_version, predictions.layer_scores AS predictions_layer_scores, predictions.pipeline_run_id AS predictions_pipeline_run_id, predictions.id AS predictions_id, predictions.created_at AS predictions_created_at, predictions.updated_at AS predictions_updated_at 
FROM predictions 
WHERE predictions.component_id = %(component_id_1)s::UUID ORDER BY predictions.predicted_at DESC 
 LIMIT %(param_1)s::INTEGER
2026-09-15 16:41:19,573 INFO sqlalchemy.engine.Engine [cached since 0.641s ago] {'component_id_1': UUID('a0e2d2a9-7ba2-48e1-92a8-e4e975ca3285'), 'param_1': 1}
2026-09-15 16:41:19,576 INFO sqlalchemy.engine.Engine SELECT assets.asset_id AS assets_asset_id, assets.name AS assets_name, assets.asset_type AS assets_asset_type, assets.fleet AS assets_fleet, assets.location AS assets_location, assets.serial_number AS assets_serial_number, assets.manufacture_date AS assets_manufacture_date, assets.total_operating_hours AS assets_total_operating_hours, assets.total_cycles AS assets_total_cycles, assets.is_active AS assets_is_active, assets.metadata AS assets_metadata, assets.id AS assets_id, assets.created_at AS assets_created_at, assets.updated_at AS assets_updated_at 
FROM assets 
WHERE assets.id = %(id_1)s::UUID 
 LIMIT %(param_1)s::INTEGER
2026-09-15 16:41:19,577 INFO sqlalchemy.engine.Engine [cached since 0.6215s ago] {'id_1': UUID('37fa4ced-d6c5-4bd8-a078-35685d514026'), 'param_1': 1}
2026-09-15 16:41:19,581 INFO sqlalchemy.engine.Engine SELECT predictions.asset_id AS predictions_asset_id, predictions.component_id AS predictions_component_id, predictions.predicted_at AS predictions_predicted_at, predictions.prediction_horizon_days AS predictions_prediction_horizon_days, predictions.risk_score AS predictions_risk_score, predictions.risk_category AS predictions_risk_category, predictions.risk_factors AS predictions_risk_factors, predictions.feature_values AS predictions_feature_values, predictions.uncertainty AS predictions_uncertainty, predictions.data_sufficiency AS predictions_data_sufficiency, predictions.model_version AS predictions_model_version, predictions.layer_scores AS predictions_layer_scores, predictions.pipeline_run_id AS predictions_pipeline_run_id, predictions.id AS predictions_id, predictions.created_at AS predictions_created_at, predictions.updated_at AS predictions_updated_at 
FROM predictions 
WHERE predictions.component_id = %(component_id_1)s::UUID ORDER BY predictions.predicted_at DESC 
 LIMIT %(param_1)s::INTEGER
2026-09-15 16:41:19,581 INFO sqlalchemy.engine.Engine [cached since 0.6489s ago] {'component_id_1': UUID('ddb60294-c994-4155-89c0-628277cf709c'), 'param_1': 1}
2026-09-15 16:41:19,585 INFO sqlalchemy.engine.Engine SELECT components.asset_id AS components_asset_id, components.component_id AS components_component_id, components.name AS components_name, components.component_type AS components_component_type, components.criticality AS components_criticality, components.manufacturer AS components_manufacturer, components.model_number AS components_model_number, components.install_date AS components_install_date, components.design_life_hours AS components_design_life_hours, components.design_life_cycles AS components_design_life_cycles, components.current_operating_hours AS components_current_operating_hours, components.current_cycles AS components_current_cycles, components.is_active AS components_is_active, components.metadata AS components_metadata, components.id AS components_id, components.created_at AS components_created_at, components.updated_at AS components_updated_at 
FROM components 
WHERE components.id = %(id_1)s::UUID 
 LIMIT %(param_1)s::INTEGER
2026-09-15 16:41:19,585 INFO sqlalchemy.engine.Engine [cached since 0.6607s ago] {'id_1': UUID('f626addc-1a2f-459d-9dfd-372b5686a0da'), 'param_1': 1}
2026-09-15 16:41:19,590 INFO sqlalchemy.engine.Engine SELECT readiness_assessments.asset_id AS readiness_assessments_asset_id, readiness_assessments.assessed_at AS readiness_assessments_assessed_at, readiness_assessments.status AS readiness_assessments_status, readiness_assessments.overall_health_score AS readiness_assessments_overall_health_score, readiness_assessments.primary_evidence AS readiness_assessments_primary_evidence, readiness_assessments.component_summary AS readiness_assessments_component_summary, readiness_assessments.data_quality_score AS readiness_assessments_data_quality_score, readiness_assessments.prediction_horizon_days AS readiness_assessments_prediction_horizon_days, readiness_assessments.explanation AS readiness_assessments_explanation, readiness_assessments.llm_explanation AS readiness_assessments_llm_explanation, readiness_assessments.pipeline_run_id AS readiness_assessments_pipeline_run_id, readiness_assessments.id AS readiness_assessments_id, readiness_assessments.created_at AS readiness_assessments_created_at, readiness_assessments.updated_at AS readiness_assessments_updated_at 
FROM readiness_assessments 
WHERE readiness_assessments.asset_id = %(asset_id_1)s::UUID ORDER BY readiness_assessments.assessed_at DESC 
 LIMIT %(param_1)s::INTEGER
2026-09-15 16:41:19,593 INFO sqlalchemy.engine.Engine SELECT assets.asset_id AS assets_asset_id, assets.name AS assets_name, assets.asset_type AS assets_asset_type, assets.fleet AS assets_fleet, assets.location AS assets_location, assets.serial_number AS assets_serial_number, assets.manufacture_date AS assets_manufacture_date, assets.total_operating_hours AS assets_total_operating_hours, assets.total_cycles AS assets_total_cycles, assets.is_active AS assets_is_active, assets.metadata AS assets_metadata, assets.id AS assets_id, assets.created_at AS assets_created_at, assets.updated_at AS assets_updated_at 
FROM assets 
WHERE assets.id = %(id_1)s::UUID 
 LIMIT %(param_1)s::INTEGER
2026-09-15 16:41:19,593 INFO sqlalchemy.engine.Engine [cached since 0.5432s ago] {'asset_id_1': UUID('682c3d91-d9aa-486f-836f-592cec9f673b'), 'param_1': 1}
2026-09-15 16:41:19,594 INFO sqlalchemy.engine.Engine [cached since 0.6385s ago] {'id_1': UUID('55580449-e3ec-4fce-a67b-d432d66e0af6'), 'param_1': 1}
2026-09-15 16:41:19,599 INFO sqlalchemy.engine.Engine SELECT components.asset_id AS components_asset_id, components.component_id AS components_component_id, components.name AS components_name, components.component_type AS components_component_type, components.criticality AS components_criticality, components.manufacturer AS components_manufacturer, components.model_number AS components_model_number, components.install_date AS components_install_date, components.design_life_hours AS components_design_life_hours, components.design_life_cycles AS components_design_life_cycles, components.current_operating_hours AS components_current_operating_hours, components.current_cycles AS components_current_cycles, components.is_active AS components_is_active, components.metadata AS components_metadata, components.id AS components_id, components.created_at AS components_created_at, components.updated_at AS components_updated_at 
FROM components 
WHERE components.asset_id = %(asset_id_1)s::UUID AND components.is_active = true
2026-09-15 16:41:19,599 INFO sqlalchemy.engine.Engine [cached since 0.6938s ago] {'asset_id_1': UUID('208295ea-42df-4309-a04c-f006df63fa97')}
2026-09-15 16:41:19,602 INFO sqlalchemy.engine.Engine SELECT components.asset_id AS components_asset_id, components.component_id AS components_component_id, components.name AS components_name, components.component_type AS components_component_type, components.criticality AS components_criticality, components.manufacturer AS components_manufacturer, components.model_number AS components_model_number, components.install_date AS components_install_date, components.design_life_hours AS components_design_life_hours, components.design_life_cycles AS components_design_life_cycles, components.current_operating_hours AS components_current_operating_hours, components.current_cycles AS components_current_cycles, components.is_active AS components_is_active, components.metadata AS components_metadata, components.id AS components_id, components.created_at AS components_created_at, components.updated_at AS components_updated_at 
FROM components 
WHERE components.id = %(id_1)s::UUID 
 LIMIT %(param_1)s::INTEGER
2026-09-15 16:41:19,603 INFO sqlalchemy.engine.Engine [cached since 0.678s ago] {'id_1': UUID('3247e6a5-8f30-4f31-87ce-3078bfe94e8d'), 'param_1': 1}
2026-09-15 16:41:19,607 INFO sqlalchemy.engine.Engine SELECT predictions.asset_id AS predictions_asset_id, predictions.component_id AS predictions_component_id, predictions.predicted_at AS predictions_predicted_at, predictions.prediction_horizon_days AS predictions_prediction_horizon_days, predictions.risk_score AS predictions_risk_score, predictions.risk_category AS predictions_risk_category, predictions.risk_factors AS predictions_risk_factors, predictions.feature_values AS predictions_feature_values, predictions.uncertainty AS predictions_uncertainty, predictions.data_sufficiency AS predictions_data_sufficiency, predictions.model_version AS predictions_model_version, predictions.layer_scores AS predictions_layer_scores, predictions.pipeline_run_id AS predictions_pipeline_run_id, predictions.id AS predictions_id, predictions.created_at AS predictions_created_at, predictions.updated_at AS predictions_updated_at 
FROM predictions 
WHERE predictions.component_id = %(component_id_1)s::UUID ORDER BY predictions.predicted_at DESC 
 LIMIT %(param_1)s::INTEGER
2026-09-15 16:41:19,607 INFO sqlalchemy.engine.Engine [cached since 0.6753s ago] {'component_id_1': UUID('9594878a-c43a-424a-9af3-512b8a896e32'), 'param_1': 1}
2026-09-15 16:41:19,611 INFO sqlalchemy.engine.Engine SELECT assets.asset_id AS assets_asset_id, assets.name AS assets_name, assets.asset_type AS assets_asset_type, assets.fleet AS assets_fleet, assets.location AS assets_location, assets.serial_number AS assets_serial_number, assets.manufacture_date AS assets_manufacture_date, assets.total_operating_hours AS assets_total_operating_hours, assets.total_cycles AS assets_total_cycles, assets.is_active AS assets_is_active, assets.metadata AS assets_metadata, assets.id AS assets_id, assets.created_at AS assets_created_at, assets.updated_at AS assets_updated_at 
FROM assets 
WHERE assets.id = %(id_1)s::UUID 
 LIMIT %(param_1)s::INTEGER
2026-09-15 16:41:19,611 INFO sqlalchemy.engine.Engine [cached since 0.6559s ago] {'id_1': UUID('68c34d9f-8635-4e12-9cf6-40c9fe6e471e'), 'param_1': 1}
2026-09-15 16:41:19,615 INFO sqlalchemy.engine.Engine SELECT predictions.asset_id AS predictions_asset_id, predictions.component_id AS predictions_component_id, predictions.predicted_at AS predictions_predicted_at, predictions.prediction_horizon_days AS predictions_prediction_horizon_days, predictions.risk_score AS predictions_risk_score, predictions.risk_category AS predictions_risk_category, predictions.risk_factors AS predictions_risk_factors, predictions.feature_values AS predictions_feature_values, predictions.uncertainty AS predictions_uncertainty, predictions.data_sufficiency AS predictions_data_sufficiency, predictions.model_version AS predictions_model_version, predictions.layer_scores AS predictions_layer_scores, predictions.pipeline_run_id AS predictions_pipeline_run_id, predictions.id AS predictions_id, predictions.created_at AS predictions_created_at, predictions.updated_at AS predictions_updated_at 
FROM predictions 
WHERE predictions.component_id = %(component_id_1)s::UUID ORDER BY predictions.predicted_at DESC 
 LIMIT %(param_1)s::INTEGER
2026-09-15 16:41:19,616 INFO sqlalchemy.engine.Engine [cached since 0.6834s ago] {'component_id_1': UUID('b183efe9-3c67-45b2-b8ca-4e1edb9e47ab'), 'param_1': 1}
2026-09-15 16:41:19,619 INFO sqlalchemy.engine.Engine SELECT components.asset_id AS components_asset_id, components.component_id AS components_component_id, components.name AS components_name, components.component_type AS components_component_type, components.criticality AS components_criticality, components.manufacturer AS components_manufacturer, components.model_number AS components_model_number, components.install_date AS components_install_date, components.design_life_hours AS components_design_life_hours, components.design_life_cycles AS components_design_life_cycles, components.current_operating_hours AS components_current_operating_hours, components.current_cycles AS components_current_cycles, components.is_active AS components_is_active, components.metadata AS components_metadata, components.id AS components_id, components.created_at AS components_created_at, components.updated_at AS components_updated_at 
FROM components 
WHERE components.id = %(id_1)s::UUID 
 LIMIT %(param_1)s::INTEGER
2026-09-15 16:41:19,620 INFO sqlalchemy.engine.Engine [cached since 0.6949s ago] {'id_1': UUID('caae5630-04b7-45fc-9ca8-fab399ff7987'), 'param_1': 1}
2026-09-15 16:41:19,623 INFO sqlalchemy.engine.Engine SELECT predictions.asset_id AS predictions_asset_id, predictions.component_id AS predictions_component_id, predictions.predicted_at AS predictions_predicted_at, predictions.prediction_horizon_days AS predictions_prediction_horizon_days, predictions.risk_score AS predictions_risk_score, predictions.risk_category AS predictions_risk_category, predictions.risk_factors AS predictions_risk_factors, predictions.feature_values AS predictions_feature_values, predictions.uncertainty AS predictions_uncertainty, predictions.data_sufficiency AS predictions_data_sufficiency, predictions.model_version AS predictions_model_version, predictions.layer_scores AS predictions_layer_scores, predictions.pipeline_run_id AS predictions_pipeline_run_id, predictions.id AS predictions_id, predictions.created_at AS predictions_created_at, predictions.updated_at AS predictions_updated_at 
FROM predictions 
WHERE predictions.component_id = %(component_id_1)s::UUID ORDER BY predictions.predicted_at DESC 
 LIMIT %(param_1)s::INTEGER
2026-09-15 16:41:19,624 INFO sqlalchemy.engine.Engine [cached since 0.6916s ago] {'component_id_1': UUID('3c542f8d-a574-4d02-9dbd-350d68a7dc3c'), 'param_1': 1}
2026-09-15 16:41:19,627 INFO sqlalchemy.engine.Engine SELECT assets.asset_id AS assets_asset_id, assets.name AS assets_name, assets.asset_type AS assets_asset_type, assets.fleet AS assets_fleet, assets.location AS assets_location, assets.serial_number AS assets_serial_number, assets.manufacture_date AS assets_manufacture_date, assets.total_operating_hours AS assets_total_operating_hours, assets.total_cycles AS assets_total_cycles, assets.is_active AS assets_is_active, assets.metadata AS assets_metadata, assets.id AS assets_id, assets.created_at AS assets_created_at, assets.updated_at AS assets_updated_at 
FROM assets 
WHERE assets.id = %(id_1)s::UUID 
 LIMIT %(param_1)s::INTEGER
2026-09-15 16:41:19,627 INFO sqlalchemy.engine.Engine [cached since 0.672s ago] {'id_1': UUID('68c34d9f-8635-4e12-9cf6-40c9fe6e471e'), 'param_1': 1}
2026-09-15 16:41:19,631 INFO sqlalchemy.engine.Engine SELECT predictions.asset_id AS predictions_asset_id, predictions.component_id AS predictions_component_id, predictions.predicted_at AS predictions_predicted_at, predictions.prediction_horizon_days AS predictions_prediction_horizon_days, predictions.risk_score AS predictions_risk_score, predictions.risk_category AS predictions_risk_category, predictions.risk_factors AS predictions_risk_factors, predictions.feature_values AS predictions_feature_values, predictions.uncertainty AS predictions_uncertainty, predictions.data_sufficiency AS predictions_data_sufficiency, predictions.model_version AS predictions_model_version, predictions.layer_scores AS predictions_layer_scores, predictions.pipeline_run_id AS predictions_pipeline_run_id, predictions.id AS predictions_id, predictions.created_at AS predictions_created_at, predictions.updated_at AS predictions_updated_at 
FROM predictions 
WHERE predictions.component_id = %(component_id_1)s::UUID ORDER BY predictions.predicted_at DESC 
 LIMIT %(param_1)s::INTEGER
2026-09-15 16:41:19,632 INFO sqlalchemy.engine.Engine [cached since 0.6993s ago] {'component_id_1': UUID('95e8b24f-f57f-400d-93ae-b36e7ce9779b'), 'param_1': 1}
2026-09-15 16:41:19,635 INFO sqlalchemy.engine.Engine SELECT components.asset_id AS components_asset_id, components.component_id AS components_component_id, components.name AS components_name, components.component_type AS components_component_type, components.criticality AS components_criticality, components.manufacturer AS components_manufacturer, components.model_number AS components_model_number, components.install_date AS components_install_date, components.design_life_hours AS components_design_life_hours, components.design_life_cycles AS components_design_life_cycles, components.current_operating_hours AS components_current_operating_hours, components.current_cycles AS components_current_cycles, components.is_active AS components_is_active, components.metadata AS components_metadata, components.id AS components_id, components.created_at AS components_created_at, components.updated_at AS components_updated_at 
FROM components 
WHERE components.id = %(id_1)s::UUID 
 LIMIT %(param_1)s::INTEGER
2026-09-15 16:41:19,636 INFO sqlalchemy.engine.Engine [cached since 0.7108s ago] {'id_1': UUID('fddd28ae-e3c6-492d-a9df-93245597e686'), 'param_1': 1}
2026-09-15 16:41:19,639 INFO sqlalchemy.engine.Engine SELECT predictions.asset_id AS predictions_asset_id, predictions.component_id AS predictions_component_id, predictions.predicted_at AS predictions_predicted_at, predictions.prediction_horizon_days AS predictions_prediction_horizon_days, predictions.risk_score AS predictions_risk_score, predictions.risk_category AS predictions_risk_category, predictions.risk_factors AS predictions_risk_factors, predictions.feature_values AS predictions_feature_values, predictions.uncertainty AS predictions_uncertainty, predictions.data_sufficiency AS predictions_data_sufficiency, predictions.model_version AS predictions_model_version, predictions.layer_scores AS predictions_layer_scores, predictions.pipeline_run_id AS predictions_pipeline_run_id, predictions.id AS predictions_id, predictions.created_at AS predictions_created_at, predictions.updated_at AS predictions_updated_at 
FROM predictions 
WHERE predictions.component_id = %(component_id_1)s::UUID ORDER BY predictions.predicted_at DESC 
 LIMIT %(param_1)s::INTEGER
2026-09-15 16:41:19,640 INFO sqlalchemy.engine.Engine [cached since 0.7075s ago] {'component_id_1': UUID('35c681de-1d45-412e-bf4f-19e89294b952'), 'param_1': 1}
2026-09-15 16:41:19,643 INFO sqlalchemy.engine.Engine SELECT assets.asset_id AS assets_asset_id, assets.name AS assets_name, assets.asset_type AS assets_asset_type, assets.fleet AS assets_fleet, assets.location AS assets_location, assets.serial_number AS assets_serial_number, assets.manufacture_date AS assets_manufacture_date, assets.total_operating_hours AS assets_total_operating_hours, assets.total_cycles AS assets_total_cycles, assets.is_active AS assets_is_active, assets.metadata AS assets_metadata, assets.id AS assets_id, assets.created_at AS assets_created_at, assets.updated_at AS assets_updated_at 
FROM assets 
WHERE assets.id = %(id_1)s::UUID 
 LIMIT %(param_1)s::INTEGER
2026-09-15 16:41:19,644 INFO sqlalchemy.engine.Engine [cached since 0.6882s ago] {'id_1': UUID('16e38efd-b1de-4036-843b-3be036a2038e'), 'param_1': 1}
2026-09-15 16:41:19,648 INFO sqlalchemy.engine.Engine SELECT predictions.asset_id AS predictions_asset_id, predictions.component_id AS predictions_component_id, predictions.predicted_at AS predictions_predicted_at, predictions.prediction_horizon_days AS predictions_prediction_horizon_days, predictions.risk_score AS predictions_risk_score, predictions.risk_category AS predictions_risk_category, predictions.risk_factors AS predictions_risk_factors, predictions.feature_values AS predictions_feature_values, predictions.uncertainty AS predictions_uncertainty, predictions.data_sufficiency AS predictions_data_sufficiency, predictions.model_version AS predictions_model_version, predictions.layer_scores AS predictions_layer_scores, predictions.pipeline_run_id AS predictions_pipeline_run_id, predictions.id AS predictions_id, predictions.created_at AS predictions_created_at, predictions.updated_at AS predictions_updated_at 
FROM predictions 
WHERE predictions.component_id = %(component_id_1)s::UUID ORDER BY predictions.predicted_at DESC 
 LIMIT %(param_1)s::INTEGER
2026-09-15 16:41:19,648 INFO sqlalchemy.engine.Engine [cached since 0.716s ago] {'component_id_1': UUID('daf7ef5d-3a55-4db2-9754-4e6e1dc5e24e'), 'param_1': 1}
2026-09-15 16:41:19,655 INFO sqlalchemy.engine.Engine SELECT predictions.asset_id AS predictions_asset_id, predictions.component_id AS predictions_component_id, predictions.predicted_at AS predictions_predicted_at, predictions.prediction_horizon_days AS predictions_prediction_horizon_days, predictions.risk_score AS predictions_risk_score, predictions.risk_category AS predictions_risk_category, predictions.risk_factors AS predictions_risk_factors, predictions.feature_values AS predictions_feature_values, predictions.uncertainty AS predictions_uncertainty, predictions.data_sufficiency AS predictions_data_sufficiency, predictions.model_version AS predictions_model_version, predictions.layer_scores AS predictions_layer_scores, predictions.pipeline_run_id AS predictions_pipeline_run_id, predictions.id AS predictions_id, predictions.created_at AS predictions_created_at, predictions.updated_at AS predictions_updated_at 
FROM predictions 
WHERE predictions.component_id = %(component_id_1)s::UUID ORDER BY predictions.predicted_at DESC 
 LIMIT %(param_1)s::INTEGER
2026-09-15 16:41:19,661 INFO sqlalchemy.engine.Engine ROLLBACK
2026-09-15 16:41:19,661 INFO sqlalchemy.engine.Engine [cached since 0.7287s ago] {'component_id_1': UUID('80448217-8aa5-4140-bd39-c28ef8a7c1a0'), 'param_1': 1}
2026-09-15 16:41:19,668 INFO sqlalchemy.engine.Engine SELECT predictions.asset_id AS predictions_asset_id, predictions.component_id AS predictions_component_id, predictions.predicted_at AS predictions_predicted_at, predictions.prediction_horizon_days AS predictions_prediction_horizon_days, predictions.risk_score AS predictions_risk_score, predictions.risk_category AS predictions_risk_category, predictions.risk_factors AS predictions_risk_factors, predictions.feature_values AS predictions_feature_values, predictions.uncertainty AS predictions_uncertainty, predictions.data_sufficiency AS predictions_data_sufficiency, predictions.model_version AS predictions_model_version, predictions.layer_scores AS predictions_layer_scores, predictions.pipeline_run_id AS predictions_pipeline_run_id, predictions.id AS predictions_id, predictions.created_at AS predictions_created_at, predictions.updated_at AS predictions_updated_at 
FROM predictions 
WHERE predictions.component_id = %(component_id_1)s::UUID ORDER BY predictions.predicted_at DESC 
 LIMIT %(param_1)s::INTEGER
2026-09-15 16:41:19,669 INFO sqlalchemy.engine.Engine [cached since 0.7363s ago] {'component_id_1': UUID('bc9a3774-45b6-44ee-9cbf-7c226073b448'), 'param_1': 1}
INFO:     127.0.0.1:33385 - "GET /api/predictions/failure-risk-horizon?top_n=15 HTTP/1.1" 200 OK
2026-09-15 16:41:19,675 INFO sqlalchemy.engine.Engine SELECT predictions.asset_id AS predictions_asset_id, predictions.component_id AS predictions_component_id, predictions.predicted_at AS predictions_predicted_at, predictions.prediction_horizon_days AS predictions_prediction_horizon_days, predictions.risk_score AS predictions_risk_score, predictions.risk_category AS predictions_risk_category, predictions.risk_factors AS predictions_risk_factors, predictions.feature_values AS predictions_feature_values, predictions.uncertainty AS predictions_uncertainty, predictions.data_sufficiency AS predictions_data_sufficiency, predictions.model_version AS predictions_model_version, predictions.layer_scores AS predictions_layer_scores, predictions.pipeline_run_id AS predictions_pipeline_run_id, predictions.id AS predictions_id, predictions.created_at AS predictions_created_at, predictions.updated_at AS predictions_updated_at 
FROM predictions 
WHERE predictions.component_id = %(component_id_1)s::UUID ORDER BY predictions.predicted_at DESC 
 LIMIT %(param_1)s::INTEGER
2026-09-15 16:41:19,676 INFO sqlalchemy.engine.Engine [cached since 0.7432s ago] {'component_id_1': UUID('31d77d72-cc7f-444b-8d4d-1066cd784410'), 'param_1': 1}
2026-09-15 16:41:19,681 INFO sqlalchemy.engine.Engine SELECT readiness_assessments.asset_id AS readiness_assessments_asset_id, readiness_assessments.assessed_at AS readiness_assessments_assessed_at, readiness_assessments.status AS readiness_assessments_status, readiness_assessments.overall_health_score AS readiness_assessments_overall_health_score, readiness_assessments.primary_evidence AS readiness_assessments_primary_evidence, readiness_assessments.component_summary AS readiness_assessments_component_summary, readiness_assessments.data_quality_score AS readiness_assessments_data_quality_score, readiness_assessments.prediction_horizon_days AS readiness_assessments_prediction_horizon_days, readiness_assessments.explanation AS readiness_assessments_explanation, readiness_assessments.llm_explanation AS readiness_assessments_llm_explanation, readiness_assessments.pipeline_run_id AS readiness_assessments_pipeline_run_id, readiness_assessments.id AS readiness_assessments_id, readiness_assessments.created_at AS readiness_assessments_created_at, readiness_assessments.updated_at AS readiness_assessments_updated_at 
FROM readiness_assessments 
WHERE readiness_assessments.asset_id = %(asset_id_1)s::UUID ORDER BY readiness_assessments.assessed_at DESC 
 LIMIT %(param_1)s::INTEGER
2026-09-15 16:41:19,681 INFO sqlalchemy.engine.Engine [cached since 0.6311s ago] {'asset_id_1': UUID('208295ea-42df-4309-a04c-f006df63fa97'), 'param_1': 1}
2026-09-15 16:41:19,686 INFO sqlalchemy.engine.Engine SELECT components.asset_id AS components_asset_id, components.component_id AS components_component_id, components.name AS components_name, components.component_type AS components_component_type, components.criticality AS components_criticality, components.manufacturer AS components_manufacturer, components.model_number AS components_model_number, components.install_date AS components_install_date, components.design_life_hours AS components_design_life_hours, components.design_life_cycles AS components_design_life_cycles, components.current_operating_hours AS components_current_operating_hours, components.current_cycles AS components_current_cycles, components.is_active AS components_is_active, components.metadata AS components_metadata, components.id AS components_id, components.created_at AS components_created_at, components.updated_at AS components_updated_at 
FROM components 
WHERE components.asset_id = %(asset_id_1)s::UUID AND components.is_active = true
2026-09-15 16:41:19,686 INFO sqlalchemy.engine.Engine [cached since 0.781s ago] {'asset_id_1': UUID('68c34d9f-8635-4e12-9cf6-40c9fe6e471e')}
2026-09-15 16:41:19,691 INFO sqlalchemy.engine.Engine SELECT predictions.asset_id AS predictions_asset_id, predictions.component_id AS predictions_component_id, predictions.predicted_at AS predictions_predicted_at, predictions.prediction_horizon_days AS predictions_prediction_horizon_days, predictions.risk_score AS predictions_risk_score, predictions.risk_category AS predictions_risk_category, predictions.risk_factors AS predictions_risk_factors, predictions.feature_values AS predictions_feature_values, predictions.uncertainty AS predictions_uncertainty, predictions.data_sufficiency AS predictions_data_sufficiency, predictions.model_version AS predictions_model_version, predictions.layer_scores AS predictions_layer_scores, predictions.pipeline_run_id AS predictions_pipeline_run_id, predictions.id AS predictions_id, predictions.created_at AS predictions_created_at, predictions.updated_at AS predictions_updated_at 
FROM predictions 
WHERE predictions.component_id = %(component_id_1)s::UUID ORDER BY predictions.predicted_at DESC 
 LIMIT %(param_1)s::INTEGER
2026-09-15 16:41:19,691 INFO sqlalchemy.engine.Engine [cached since 0.7593s ago] {'component_id_1': UUID('3247e6a5-8f30-4f31-87ce-3078bfe94e8d'), 'param_1': 1}
2026-09-15 16:41:19,696 INFO sqlalchemy.engine.Engine SELECT predictions.asset_id AS predictions_asset_id, predictions.component_id AS predictions_component_id, predictions.predicted_at AS predictions_predicted_at, predictions.prediction_horizon_days AS predictions_prediction_horizon_days, predictions.risk_score AS predictions_risk_score, predictions.risk_category AS predictions_risk_category, predictions.risk_factors AS predictions_risk_factors, predictions.feature_values AS predictions_feature_values, predictions.uncertainty AS predictions_uncertainty, predictions.data_sufficiency AS predictions_data_sufficiency, predictions.model_version AS predictions_model_version, predictions.layer_scores AS predictions_layer_scores, predictions.pipeline_run_id AS predictions_pipeline_run_id, predictions.id AS predictions_id, predictions.created_at AS predictions_created_at, predictions.updated_at AS predictions_updated_at 
FROM predictions 
WHERE predictions.component_id = %(component_id_1)s::UUID ORDER BY predictions.predicted_at DESC 
 LIMIT %(param_1)s::INTEGER
2026-09-15 16:41:19,696 INFO sqlalchemy.engine.Engine [cached since 0.7642s ago] {'component_id_1': UUID('caae5630-04b7-45fc-9ca8-fab399ff7987'), 'param_1': 1}
2026-09-15 16:41:19,700 INFO sqlalchemy.engine.Engine SELECT predictions.asset_id AS predictions_asset_id, predictions.component_id AS predictions_component_id, predictions.predicted_at AS predictions_predicted_at, predictions.prediction_horizon_days AS predictions_prediction_horizon_days, predictions.risk_score AS predictions_risk_score, predictions.risk_category AS predictions_risk_category, predictions.risk_factors AS predictions_risk_factors, predictions.feature_values AS predictions_feature_values, predictions.uncertainty AS predictions_uncertainty, predictions.data_sufficiency AS predictions_data_sufficiency, predictions.model_version AS predictions_model_version, predictions.layer_scores AS predictions_layer_scores, predictions.pipeline_run_id AS predictions_pipeline_run_id, predictions.id AS predictions_id, predictions.created_at AS predictions_created_at, predictions.updated_at AS predictions_updated_at 
FROM predictions 
WHERE predictions.component_id = %(component_id_1)s::UUID ORDER BY predictions.predicted_at DESC 
 LIMIT %(param_1)s::INTEGER
2026-09-15 16:41:19,701 INFO sqlalchemy.engine.Engine [cached since 0.7685s ago] {'component_id_1': UUID('8e57cd2f-2d10-4ea0-a7a9-de0ebd719d20'), 'param_1': 1}
2026-09-15 16:41:19,705 INFO sqlalchemy.engine.Engine SELECT predictions.asset_id AS predictions_asset_id, predictions.component_id AS predictions_component_id, predictions.predicted_at AS predictions_predicted_at, predictions.prediction_horizon_days AS predictions_prediction_horizon_days, predictions.risk_score AS predictions_risk_score, predictions.risk_category AS predictions_risk_category, predictions.risk_factors AS predictions_risk_factors, predictions.feature_values AS predictions_feature_values, predictions.uncertainty AS predictions_uncertainty, predictions.data_sufficiency AS predictions_data_sufficiency, predictions.model_version AS predictions_model_version, predictions.layer_scores AS predictions_layer_scores, predictions.pipeline_run_id AS predictions_pipeline_run_id, predictions.id AS predictions_id, predictions.created_at AS predictions_created_at, predictions.updated_at AS predictions_updated_at 
FROM predictions 
WHERE predictions.component_id = %(component_id_1)s::UUID ORDER BY predictions.predicted_at DESC 
 LIMIT %(param_1)s::INTEGER
2026-09-15 16:41:19,705 INFO sqlalchemy.engine.Engine [cached since 0.7732s ago] {'component_id_1': UUID('8c86675f-0345-486a-a974-724cc7362b4d'), 'param_1': 1}
2026-09-15 16:41:19,710 INFO sqlalchemy.engine.Engine SELECT predictions.asset_id AS predictions_asset_id, predictions.component_id AS predictions_component_id, predictions.predicted_at AS predictions_predicted_at, predictions.prediction_horizon_days AS predictions_prediction_horizon_days, predictions.risk_score AS predictions_risk_score, predictions.risk_category AS predictions_risk_category, predictions.risk_factors AS predictions_risk_factors, predictions.feature_values AS predictions_feature_values, predictions.uncertainty AS predictions_uncertainty, predictions.data_sufficiency AS predictions_data_sufficiency, predictions.model_version AS predictions_model_version, predictions.layer_scores AS predictions_layer_scores, predictions.pipeline_run_id AS predictions_pipeline_run_id, predictions.id AS predictions_id, predictions.created_at AS predictions_created_at, predictions.updated_at AS predictions_updated_at 
FROM predictions 
WHERE predictions.component_id = %(component_id_1)s::UUID ORDER BY predictions.predicted_at DESC 
 LIMIT %(param_1)s::INTEGER
2026-09-15 16:41:19,710 INFO sqlalchemy.engine.Engine [cached since 0.778s ago] {'component_id_1': UUID('89fb6ab2-e36a-4f16-9423-8966e9613870'), 'param_1': 1}
2026-09-15 16:41:19,714 INFO sqlalchemy.engine.Engine SELECT predictions.asset_id AS predictions_asset_id, predictions.component_id AS predictions_component_id, predictions.predicted_at AS predictions_predicted_at, predictions.prediction_horizon_days AS predictions_prediction_horizon_days, predictions.risk_score AS predictions_risk_score, predictions.risk_category AS predictions_risk_category, predictions.risk_factors AS predictions_risk_factors, predictions.feature_values AS predictions_feature_values, predictions.uncertainty AS predictions_uncertainty, predictions.data_sufficiency AS predictions_data_sufficiency, predictions.model_version AS predictions_model_version, predictions.layer_scores AS predictions_layer_scores, predictions.pipeline_run_id AS predictions_pipeline_run_id, predictions.id AS predictions_id, predictions.created_at AS predictions_created_at, predictions.updated_at AS predictions_updated_at 
FROM predictions 
WHERE predictions.component_id = %(component_id_1)s::UUID ORDER BY predictions.predicted_at DESC 
 LIMIT %(param_1)s::INTEGER
2026-09-15 16:41:19,715 INFO sqlalchemy.engine.Engine [cached since 0.7826s ago] {'component_id_1': UUID('dfdf70c6-1f24-45fa-931e-fa5b4a5c07e8'), 'param_1': 1}
2026-09-15 16:41:19,716 INFO sqlalchemy.engine.Engine SELECT readiness_assessments.asset_id AS readiness_assessments_asset_id, readiness_assessments.assessed_at AS readiness_assessments_assessed_at, readiness_assessments.status AS readiness_assessments_status, readiness_assessments.overall_health_score AS readiness_assessments_overall_health_score, readiness_assessments.primary_evidence AS readiness_assessments_primary_evidence, readiness_assessments.component_summary AS readiness_assessments_component_summary, readiness_assessments.data_quality_score AS readiness_assessments_data_quality_score, readiness_assessments.prediction_horizon_days AS readiness_assessments_prediction_horizon_days, readiness_assessments.explanation AS readiness_assessments_explanation, readiness_assessments.llm_explanation AS readiness_assessments_llm_explanation, readiness_assessments.pipeline_run_id AS readiness_assessments_pipeline_run_id, readiness_assessments.id AS readiness_assessments_id, readiness_assessments.created_at AS readiness_assessments_created_at, readiness_assessments.updated_at AS readiness_assessments_updated_at 
FROM readiness_assessments 
WHERE readiness_assessments.asset_id = %(asset_id_1)s::UUID ORDER BY readiness_assessments.assessed_at DESC 
 LIMIT %(param_1)s::INTEGER
2026-09-15 16:41:19,716 INFO sqlalchemy.engine.Engine [cached since 0.669s ago] {'asset_id_1': UUID('68c34d9f-8635-4e12-9cf6-40c9fe6e471e'), 'param_1': 1}
2026-09-15 16:41:19,724 INFO sqlalchemy.engine.Engine SELECT components.asset_id AS components_asset_id, components.component_id AS components_component_id, components.name AS components_name, components.component_type AS components_component_type, components.criticality AS components_criticality, components.manufacturer AS components_manufacturer, components.model_number AS components_model_number, components.install_date AS components_install_date, components.design_life_hours AS components_design_life_hours, components.design_life_cycles AS components_design_life_cycles, components.current_operating_hours AS components_current_operating_hours, components.current_cycles AS components_current_cycles, components.is_active AS components_is_active, components.metadata AS components_metadata, components.id AS components_id, components.created_at AS components_created_at, components.updated_at AS components_updated_at 
FROM components 
WHERE components.asset_id = %(asset_id_1)s::UUID AND components.is_active = true
2026-09-15 16:41:19,724 INFO sqlalchemy.engine.Engine [cached since 0.8186s ago] {'asset_id_1': UUID('16e38efd-b1de-4036-843b-3be036a2038e')}
2026-09-15 16:41:19,728 INFO sqlalchemy.engine.Engine SELECT predictions.asset_id AS predictions_asset_id, predictions.component_id AS predictions_component_id, predictions.predicted_at AS predictions_predicted_at, predictions.prediction_horizon_days AS predictions_prediction_horizon_days, predictions.risk_score AS predictions_risk_score, predictions.risk_category AS predictions_risk_category, predictions.risk_factors AS predictions_risk_factors, predictions.feature_values AS predictions_feature_values, predictions.uncertainty AS predictions_uncertainty, predictions.data_sufficiency AS predictions_data_sufficiency, predictions.model_version AS predictions_model_version, predictions.layer_scores AS predictions_layer_scores, predictions.pipeline_run_id AS predictions_pipeline_run_id, predictions.id AS predictions_id, predictions.created_at AS predictions_created_at, predictions.updated_at AS predictions_updated_at 
FROM predictions 
WHERE predictions.component_id = %(component_id_1)s::UUID ORDER BY predictions.predicted_at DESC 
 LIMIT %(param_1)s::INTEGER
2026-09-15 16:41:19,729 INFO sqlalchemy.engine.Engine [cached since 0.7968s ago] {'component_id_1': UUID('b334eab1-0268-4461-afea-38682d2f8886'), 'param_1': 1}
2026-09-15 16:41:19,734 INFO sqlalchemy.engine.Engine SELECT predictions.asset_id AS predictions_asset_id, predictions.component_id AS predictions_component_id, predictions.predicted_at AS predictions_predicted_at, predictions.prediction_horizon_days AS predictions_prediction_horizon_days, predictions.risk_score AS predictions_risk_score, predictions.risk_category AS predictions_risk_category, predictions.risk_factors AS predictions_risk_factors, predictions.feature_values AS predictions_feature_values, predictions.uncertainty AS predictions_uncertainty, predictions.data_sufficiency AS predictions_data_sufficiency, predictions.model_version AS predictions_model_version, predictions.layer_scores AS predictions_layer_scores, predictions.pipeline_run_id AS predictions_pipeline_run_id, predictions.id AS predictions_id, predictions.created_at AS predictions_created_at, predictions.updated_at AS predictions_updated_at 
FROM predictions 
WHERE predictions.component_id = %(component_id_1)s::UUID ORDER BY predictions.predicted_at DESC 
 LIMIT %(param_1)s::INTEGER
2026-09-15 16:41:19,734 INFO sqlalchemy.engine.Engine [cached since 0.802s ago] {'component_id_1': UUID('fddd28ae-e3c6-492d-a9df-93245597e686'), 'param_1': 1}
2026-09-15 16:41:19,739 INFO sqlalchemy.engine.Engine SELECT predictions.asset_id AS predictions_asset_id, predictions.component_id AS predictions_component_id, predictions.predicted_at AS predictions_predicted_at, predictions.prediction_horizon_days AS predictions_prediction_horizon_days, predictions.risk_score AS predictions_risk_score, predictions.risk_category AS predictions_risk_category, predictions.risk_factors AS predictions_risk_factors, predictions.feature_values AS predictions_feature_values, predictions.uncertainty AS predictions_uncertainty, predictions.data_sufficiency AS predictions_data_sufficiency, predictions.model_version AS predictions_model_version, predictions.layer_scores AS predictions_layer_scores, predictions.pipeline_run_id AS predictions_pipeline_run_id, predictions.id AS predictions_id, predictions.created_at AS predictions_created_at, predictions.updated_at AS predictions_updated_at 
FROM predictions 
WHERE predictions.component_id = %(component_id_1)s::UUID ORDER BY predictions.predicted_at DESC 
 LIMIT %(param_1)s::INTEGER
2026-09-15 16:41:19,740 INFO sqlalchemy.engine.Engine [cached since 0.8073s ago] {'component_id_1': UUID('fd49bc1c-42ac-438f-837d-579ed552abb3'), 'param_1': 1}
2026-09-15 16:41:19,744 INFO sqlalchemy.engine.Engine SELECT predictions.asset_id AS predictions_asset_id, predictions.component_id AS predictions_component_id, predictions.predicted_at AS predictions_predicted_at, predictions.prediction_horizon_days AS predictions_prediction_horizon_days, predictions.risk_score AS predictions_risk_score, predictions.risk_category AS predictions_risk_category, predictions.risk_factors AS predictions_risk_factors, predictions.feature_values AS predictions_feature_values, predictions.uncertainty AS predictions_uncertainty, predictions.data_sufficiency AS predictions_data_sufficiency, predictions.model_version AS predictions_model_version, predictions.layer_scores AS predictions_layer_scores, predictions.pipeline_run_id AS predictions_pipeline_run_id, predictions.id AS predictions_id, predictions.created_at AS predictions_created_at, predictions.updated_at AS predictions_updated_at 
FROM predictions 
WHERE predictions.component_id = %(component_id_1)s::UUID ORDER BY predictions.predicted_at DESC 
 LIMIT %(param_1)s::INTEGER
2026-09-15 16:41:19,744 INFO sqlalchemy.engine.Engine [cached since 0.8121s ago] {'component_id_1': UUID('083484ee-1719-44f1-a634-e1e171d1380a'), 'param_1': 1}
2026-09-15 16:41:19,749 INFO sqlalchemy.engine.Engine SELECT predictions.asset_id AS predictions_asset_id, predictions.component_id AS predictions_component_id, predictions.predicted_at AS predictions_predicted_at, predictions.prediction_horizon_days AS predictions_prediction_horizon_days, predictions.risk_score AS predictions_risk_score, predictions.risk_category AS predictions_risk_category, predictions.risk_factors AS predictions_risk_factors, predictions.feature_values AS predictions_feature_values, predictions.uncertainty AS predictions_uncertainty, predictions.data_sufficiency AS predictions_data_sufficiency, predictions.model_version AS predictions_model_version, predictions.layer_scores AS predictions_layer_scores, predictions.pipeline_run_id AS predictions_pipeline_run_id, predictions.id AS predictions_id, predictions.created_at AS predictions_created_at, predictions.updated_at AS predictions_updated_at 
FROM predictions 
WHERE predictions.component_id = %(component_id_1)s::UUID ORDER BY predictions.predicted_at DESC 
 LIMIT %(param_1)s::INTEGER
2026-09-15 16:41:19,749 INFO sqlalchemy.engine.Engine [cached since 0.8172s ago] {'component_id_1': UUID('09fac54e-3187-438f-80af-6215531a0c3e'), 'param_1': 1}
2026-09-15 16:41:19,754 INFO sqlalchemy.engine.Engine SELECT predictions.asset_id AS predictions_asset_id, predictions.component_id AS predictions_component_id, predictions.predicted_at AS predictions_predicted_at, predictions.prediction_horizon_days AS predictions_prediction_horizon_days, predictions.risk_score AS predictions_risk_score, predictions.risk_category AS predictions_risk_category, predictions.risk_factors AS predictions_risk_factors, predictions.feature_values AS predictions_feature_values, predictions.uncertainty AS predictions_uncertainty, predictions.data_sufficiency AS predictions_data_sufficiency, predictions.model_version AS predictions_model_version, predictions.layer_scores AS predictions_layer_scores, predictions.pipeline_run_id AS predictions_pipeline_run_id, predictions.id AS predictions_id, predictions.created_at AS predictions_created_at, predictions.updated_at AS predictions_updated_at 
FROM predictions 
WHERE predictions.component_id = %(component_id_1)s::UUID ORDER BY predictions.predicted_at DESC 
 LIMIT %(param_1)s::INTEGER
2026-09-15 16:41:19,755 INFO sqlalchemy.engine.Engine [cached since 0.8225s ago] {'component_id_1': UUID('ab28764a-9770-439f-be1b-f934e64d513b'), 'param_1': 1}
2026-09-15 16:41:19,759 INFO sqlalchemy.engine.Engine SELECT predictions.asset_id AS predictions_asset_id, predictions.component_id AS predictions_component_id, predictions.predicted_at AS predictions_predicted_at, predictions.prediction_horizon_days AS predictions_prediction_horizon_days, predictions.risk_score AS predictions_risk_score, predictions.risk_category AS predictions_risk_category, predictions.risk_factors AS predictions_risk_factors, predictions.feature_values AS predictions_feature_values, predictions.uncertainty AS predictions_uncertainty, predictions.data_sufficiency AS predictions_data_sufficiency, predictions.model_version AS predictions_model_version, predictions.layer_scores AS predictions_layer_scores, predictions.pipeline_run_id AS predictions_pipeline_run_id, predictions.id AS predictions_id, predictions.created_at AS predictions_created_at, predictions.updated_at AS predictions_updated_at 
FROM predictions 
WHERE predictions.component_id = %(component_id_1)s::UUID ORDER BY predictions.predicted_at DESC 
 LIMIT %(param_1)s::INTEGER
2026-09-15 16:41:19,759 INFO sqlalchemy.engine.Engine [cached since 0.8273s ago] {'component_id_1': UUID('80535567-ac89-483c-9d43-dcbb8aae5dd9'), 'param_1': 1}
2026-09-15 16:41:19,764 INFO sqlalchemy.engine.Engine SELECT readiness_assessments.asset_id AS readiness_assessments_asset_id, readiness_assessments.assessed_at AS readiness_assessments_assessed_at, readiness_assessments.status AS readiness_assessments_status, readiness_assessments.overall_health_score AS readiness_assessments_overall_health_score, readiness_assessments.primary_evidence AS readiness_assessments_primary_evidence, readiness_assessments.component_summary AS readiness_assessments_component_summary, readiness_assessments.data_quality_score AS readiness_assessments_data_quality_score, readiness_assessments.prediction_horizon_days AS readiness_assessments_prediction_horizon_days, readiness_assessments.explanation AS readiness_assessments_explanation, readiness_assessments.llm_explanation AS readiness_assessments_llm_explanation, readiness_assessments.pipeline_run_id AS readiness_assessments_pipeline_run_id, readiness_assessments.id AS readiness_assessments_id, readiness_assessments.created_at AS readiness_assessments_created_at, readiness_assessments.updated_at AS readiness_assessments_updated_at 
FROM readiness_assessments 
WHERE readiness_assessments.asset_id = %(asset_id_1)s::UUID ORDER BY readiness_assessments.assessed_at DESC 
 LIMIT %(param_1)s::INTEGER
2026-09-15 16:41:19,765 INFO sqlalchemy.engine.Engine [cached since 0.7143s ago] {'asset_id_1': UUID('16e38efd-b1de-4036-843b-3be036a2038e'), 'param_1': 1}
2026-09-15 16:41:19,769 INFO sqlalchemy.engine.Engine SELECT components.asset_id AS components_asset_id, components.component_id AS components_component_id, components.name AS components_name, components.component_type AS components_component_type, components.criticality AS components_criticality, components.manufacturer AS components_manufacturer, components.model_number AS components_model_number, components.install_date AS components_install_date, components.design_life_hours AS components_design_life_hours, components.design_life_cycles AS components_design_life_cycles, components.current_operating_hours AS components_current_operating_hours, components.current_cycles AS components_current_cycles, components.is_active AS components_is_active, components.metadata AS components_metadata, components.id AS components_id, components.created_at AS components_created_at, components.updated_at AS components_updated_at 
FROM components 
WHERE components.asset_id = %(asset_id_1)s::UUID AND components.is_active = true
2026-09-15 16:41:19,769 INFO sqlalchemy.engine.Engine [cached since 0.8638s ago] {'asset_id_1': UUID('020d0166-a056-432b-bd9e-b468fe4c47ef')}
2026-09-15 16:41:19,775 INFO sqlalchemy.engine.Engine SELECT predictions.asset_id AS predictions_asset_id, predictions.component_id AS predictions_component_id, predictions.predicted_at AS predictions_predicted_at, predictions.prediction_horizon_days AS predictions_prediction_horizon_days, predictions.risk_score AS predictions_risk_score, predictions.risk_category AS predictions_risk_category, predictions.risk_factors AS predictions_risk_factors, predictions.feature_values AS predictions_feature_values, predictions.uncertainty AS predictions_uncertainty, predictions.data_sufficiency AS predictions_data_sufficiency, predictions.model_version AS predictions_model_version, predictions.layer_scores AS predictions_layer_scores, predictions.pipeline_run_id AS predictions_pipeline_run_id, predictions.id AS predictions_id, predictions.created_at AS predictions_created_at, predictions.updated_at AS predictions_updated_at 
FROM predictions 
WHERE predictions.component_id = %(component_id_1)s::UUID ORDER BY predictions.predicted_at DESC 
 LIMIT %(param_1)s::INTEGER
2026-09-15 16:41:19,775 INFO sqlalchemy.engine.Engine [cached since 0.8428s ago] {'component_id_1': UUID('e0168a84-4793-49fb-ae6b-ff078c16378c'), 'param_1': 1}
2026-09-15 16:41:19,780 INFO sqlalchemy.engine.Engine SELECT predictions.asset_id AS predictions_asset_id, predictions.component_id AS predictions_component_id, predictions.predicted_at AS predictions_predicted_at, predictions.prediction_horizon_days AS predictions_prediction_horizon_days, predictions.risk_score AS predictions_risk_score, predictions.risk_category AS predictions_risk_category, predictions.risk_factors AS predictions_risk_factors, predictions.feature_values AS predictions_feature_values, predictions.uncertainty AS predictions_uncertainty, predictions.data_sufficiency AS predictions_data_sufficiency, predictions.model_version AS predictions_model_version, predictions.layer_scores AS predictions_layer_scores, predictions.pipeline_run_id AS predictions_pipeline_run_id, predictions.id AS predictions_id, predictions.created_at AS predictions_created_at, predictions.updated_at AS predictions_updated_at 
FROM predictions 
WHERE predictions.component_id = %(component_id_1)s::UUID ORDER BY predictions.predicted_at DESC 
 LIMIT %(param_1)s::INTEGER
2026-09-15 16:41:19,780 INFO sqlalchemy.engine.Engine [cached since 0.8481s ago] {'component_id_1': UUID('0f6b1e47-3221-4d56-ab63-7e1d33c18153'), 'param_1': 1}
2026-09-15 16:41:19,785 INFO sqlalchemy.engine.Engine SELECT predictions.asset_id AS predictions_asset_id, predictions.component_id AS predictions_component_id, predictions.predicted_at AS predictions_predicted_at, predictions.prediction_horizon_days AS predictions_prediction_horizon_days, predictions.risk_score AS predictions_risk_score, predictions.risk_category AS predictions_risk_category, predictions.risk_factors AS predictions_risk_factors, predictions.feature_values AS predictions_feature_values, predictions.uncertainty AS predictions_uncertainty, predictions.data_sufficiency AS predictions_data_sufficiency, predictions.model_version AS predictions_model_version, predictions.layer_scores AS predictions_layer_scores, predictions.pipeline_run_id AS predictions_pipeline_run_id, predictions.id AS predictions_id, predictions.created_at AS predictions_created_at, predictions.updated_at AS predictions_updated_at 
FROM predictions 
WHERE predictions.component_id = %(component_id_1)s::UUID ORDER BY predictions.predicted_at DESC 
 LIMIT %(param_1)s::INTEGER
2026-09-15 16:41:19,785 INFO sqlalchemy.engine.Engine [cached since 0.8527s ago] {'component_id_1': UUID('04c3aa04-4e38-4789-80fe-4d97d2ddb9b8'), 'param_1': 1}
2026-09-15 16:41:19,789 INFO sqlalchemy.engine.Engine SELECT predictions.asset_id AS predictions_asset_id, predictions.component_id AS predictions_component_id, predictions.predicted_at AS predictions_predicted_at, predictions.prediction_horizon_days AS predictions_prediction_horizon_days, predictions.risk_score AS predictions_risk_score, predictions.risk_category AS predictions_risk_category, predictions.risk_factors AS predictions_risk_factors, predictions.feature_values AS predictions_feature_values, predictions.uncertainty AS predictions_uncertainty, predictions.data_sufficiency AS predictions_data_sufficiency, predictions.model_version AS predictions_model_version, predictions.layer_scores AS predictions_layer_scores, predictions.pipeline_run_id AS predictions_pipeline_run_id, predictions.id AS predictions_id, predictions.created_at AS predictions_created_at, predictions.updated_at AS predictions_updated_at 
FROM predictions 
WHERE predictions.component_id = %(component_id_1)s::UUID ORDER BY predictions.predicted_at DESC 
 LIMIT %(param_1)s::INTEGER
2026-09-15 16:41:19,790 INFO sqlalchemy.engine.Engine [cached since 0.8575s ago] {'component_id_1': UUID('b773cf86-4283-4e05-bd45-6eb13b2faa73'), 'param_1': 1}
2026-09-15 16:41:19,794 INFO sqlalchemy.engine.Engine SELECT predictions.asset_id AS predictions_asset_id, predictions.component_id AS predictions_component_id, predictions.predicted_at AS predictions_predicted_at, predictions.prediction_horizon_days AS predictions_prediction_horizon_days, predictions.risk_score AS predictions_risk_score, predictions.risk_category AS predictions_risk_category, predictions.risk_factors AS predictions_risk_factors, predictions.feature_values AS predictions_feature_values, predictions.uncertainty AS predictions_uncertainty, predictions.data_sufficiency AS predictions_data_sufficiency, predictions.model_version AS predictions_model_version, predictions.layer_scores AS predictions_layer_scores, predictions.pipeline_run_id AS predictions_pipeline_run_id, predictions.id AS predictions_id, predictions.created_at AS predictions_created_at, predictions.updated_at AS predictions_updated_at 
FROM predictions 
WHERE predictions.component_id = %(component_id_1)s::UUID ORDER BY predictions.predicted_at DESC 
 LIMIT %(param_1)s::INTEGER
2026-09-15 16:41:19,794 INFO sqlalchemy.engine.Engine [cached since 0.8623s ago] {'component_id_1': UUID('74d2addb-b16b-459a-a882-8069b8e1ab44'), 'param_1': 1}
2026-09-15 16:41:19,799 INFO sqlalchemy.engine.Engine SELECT predictions.asset_id AS predictions_asset_id, predictions.component_id AS predictions_component_id, predictions.predicted_at AS predictions_predicted_at, predictions.prediction_horizon_days AS predictions_prediction_horizon_days, predictions.risk_score AS predictions_risk_score, predictions.risk_category AS predictions_risk_category, predictions.risk_factors AS predictions_risk_factors, predictions.feature_values AS predictions_feature_values, predictions.uncertainty AS predictions_uncertainty, predictions.data_sufficiency AS predictions_data_sufficiency, predictions.model_version AS predictions_model_version, predictions.layer_scores AS predictions_layer_scores, predictions.pipeline_run_id AS predictions_pipeline_run_id, predictions.id AS predictions_id, predictions.created_at AS predictions_created_at, predictions.updated_at AS predictions_updated_at 
FROM predictions 
WHERE predictions.component_id = %(component_id_1)s::UUID ORDER BY predictions.predicted_at DESC 
 LIMIT %(param_1)s::INTEGER
2026-09-15 16:41:19,800 INFO sqlalchemy.engine.Engine [cached since 0.8672s ago] {'component_id_1': UUID('f8dcaa29-279d-40fa-9fe7-29175360fe9a'), 'param_1': 1}
2026-09-15 16:41:19,804 INFO sqlalchemy.engine.Engine SELECT predictions.asset_id AS predictions_asset_id, predictions.component_id AS predictions_component_id, predictions.predicted_at AS predictions_predicted_at, predictions.prediction_horizon_days AS predictions_prediction_horizon_days, predictions.risk_score AS predictions_risk_score, predictions.risk_category AS predictions_risk_category, predictions.risk_factors AS predictions_risk_factors, predictions.feature_values AS predictions_feature_values, predictions.uncertainty AS predictions_uncertainty, predictions.data_sufficiency AS predictions_data_sufficiency, predictions.model_version AS predictions_model_version, predictions.layer_scores AS predictions_layer_scores, predictions.pipeline_run_id AS predictions_pipeline_run_id, predictions.id AS predictions_id, predictions.created_at AS predictions_created_at, predictions.updated_at AS predictions_updated_at 
FROM predictions 
WHERE predictions.component_id = %(component_id_1)s::UUID ORDER BY predictions.predicted_at DESC 
 LIMIT %(param_1)s::INTEGER
2026-09-15 16:41:19,804 INFO sqlalchemy.engine.Engine [cached since 0.8722s ago] {'component_id_1': UUID('e6660ca5-eaf0-4970-8d7e-a55ff8bcbc1f'), 'param_1': 1}
2026-09-15 16:41:19,809 INFO sqlalchemy.engine.Engine SELECT readiness_assessments.asset_id AS readiness_assessments_asset_id, readiness_assessments.assessed_at AS readiness_assessments_assessed_at, readiness_assessments.status AS readiness_assessments_status, readiness_assessments.overall_health_score AS readiness_assessments_overall_health_score, readiness_assessments.primary_evidence AS readiness_assessments_primary_evidence, readiness_assessments.component_summary AS readiness_assessments_component_summary, readiness_assessments.data_quality_score AS readiness_assessments_data_quality_score, readiness_assessments.prediction_horizon_days AS readiness_assessments_prediction_horizon_days, readiness_assessments.explanation AS readiness_assessments_explanation, readiness_assessments.llm_explanation AS readiness_assessments_llm_explanation, readiness_assessments.pipeline_run_id AS readiness_assessments_pipeline_run_id, readiness_assessments.id AS readiness_assessments_id, readiness_assessments.created_at AS readiness_assessments_created_at, readiness_assessments.updated_at AS readiness_assessments_updated_at 
FROM readiness_assessments 
WHERE readiness_assessments.asset_id = %(asset_id_1)s::UUID ORDER BY readiness_assessments.assessed_at DESC 
 LIMIT %(param_1)s::INTEGER
2026-09-15 16:41:19,809 INFO sqlalchemy.engine.Engine [cached since 0.7589s ago] {'asset_id_1': UUID('020d0166-a056-432b-bd9e-b468fe4c47ef'), 'param_1': 1}
2026-09-15 16:41:19,813 INFO sqlalchemy.engine.Engine SELECT components.asset_id AS components_asset_id, components.component_id AS components_component_id, components.name AS components_name, components.component_type AS components_component_type, components.criticality AS components_criticality, components.manufacturer AS components_manufacturer, components.model_number AS components_model_number, components.install_date AS components_install_date, components.design_life_hours AS components_design_life_hours, components.design_life_cycles AS components_design_life_cycles, components.current_operating_hours AS components_current_operating_hours, components.current_cycles AS components_current_cycles, components.is_active AS components_is_active, components.metadata AS components_metadata, components.id AS components_id, components.created_at AS components_created_at, components.updated_at AS components_updated_at 
FROM components 
WHERE components.asset_id = %(asset_id_1)s::UUID AND components.is_active = true
2026-09-15 16:41:19,814 INFO sqlalchemy.engine.Engine [cached since 0.9085s ago] {'asset_id_1': UUID('418695a8-bf39-430f-9e21-fd9ad62193a6')}
2026-09-15 16:41:19,818 INFO sqlalchemy.engine.Engine SELECT predictions.asset_id AS predictions_asset_id, predictions.component_id AS predictions_component_id, predictions.predicted_at AS predictions_predicted_at, predictions.prediction_horizon_days AS predictions_prediction_horizon_days, predictions.risk_score AS predictions_risk_score, predictions.risk_category AS predictions_risk_category, predictions.risk_factors AS predictions_risk_factors, predictions.feature_values AS predictions_feature_values, predictions.uncertainty AS predictions_uncertainty, predictions.data_sufficiency AS predictions_data_sufficiency, predictions.model_version AS predictions_model_version, predictions.layer_scores AS predictions_layer_scores, predictions.pipeline_run_id AS predictions_pipeline_run_id, predictions.id AS predictions_id, predictions.created_at AS predictions_created_at, predictions.updated_at AS predictions_updated_at 
FROM predictions 
WHERE predictions.component_id = %(component_id_1)s::UUID ORDER BY predictions.predicted_at DESC 
 LIMIT %(param_1)s::INTEGER
2026-09-15 16:41:19,819 INFO sqlalchemy.engine.Engine [cached since 0.8864s ago] {'component_id_1': UUID('30e78996-5ff0-465c-ae7c-f4e1ab72ff56'), 'param_1': 1}
2026-09-15 16:41:19,823 INFO sqlalchemy.engine.Engine SELECT predictions.asset_id AS predictions_asset_id, predictions.component_id AS predictions_component_id, predictions.predicted_at AS predictions_predicted_at, predictions.prediction_horizon_days AS predictions_prediction_horizon_days, predictions.risk_score AS predictions_risk_score, predictions.risk_category AS predictions_risk_category, predictions.risk_factors AS predictions_risk_factors, predictions.feature_values AS predictions_feature_values, predictions.uncertainty AS predictions_uncertainty, predictions.data_sufficiency AS predictions_data_sufficiency, predictions.model_version AS predictions_model_version, predictions.layer_scores AS predictions_layer_scores, predictions.pipeline_run_id AS predictions_pipeline_run_id, predictions.id AS predictions_id, predictions.created_at AS predictions_created_at, predictions.updated_at AS predictions_updated_at 
FROM predictions 
WHERE predictions.component_id = %(component_id_1)s::UUID ORDER BY predictions.predicted_at DESC 
 LIMIT %(param_1)s::INTEGER
2026-09-15 16:41:19,824 INFO sqlalchemy.engine.Engine [cached since 0.8914s ago] {'component_id_1': UUID('2c6cce10-cfed-4ece-8992-bca308a2912e'), 'param_1': 1}
2026-09-15 16:41:19,828 INFO sqlalchemy.engine.Engine SELECT predictions.asset_id AS predictions_asset_id, predictions.component_id AS predictions_component_id, predictions.predicted_at AS predictions_predicted_at, predictions.prediction_horizon_days AS predictions_prediction_horizon_days, predictions.risk_score AS predictions_risk_score, predictions.risk_category AS predictions_risk_category, predictions.risk_factors AS predictions_risk_factors, predictions.feature_values AS predictions_feature_values, predictions.uncertainty AS predictions_uncertainty, predictions.data_sufficiency AS predictions_data_sufficiency, predictions.model_version AS predictions_model_version, predictions.layer_scores AS predictions_layer_scores, predictions.pipeline_run_id AS predictions_pipeline_run_id, predictions.id AS predictions_id, predictions.created_at AS predictions_created_at, predictions.updated_at AS predictions_updated_at 
FROM predictions 
WHERE predictions.component_id = %(component_id_1)s::UUID ORDER BY predictions.predicted_at DESC 
 LIMIT %(param_1)s::INTEGER
2026-09-15 16:41:19,828 INFO sqlalchemy.engine.Engine [cached since 0.8964s ago] {'component_id_1': UUID('37aff280-a6a1-4916-b686-17c8405259ae'), 'param_1': 1}
2026-09-15 16:41:19,833 INFO sqlalchemy.engine.Engine SELECT predictions.asset_id AS predictions_asset_id, predictions.component_id AS predictions_component_id, predictions.predicted_at AS predictions_predicted_at, predictions.prediction_horizon_days AS predictions_prediction_horizon_days, predictions.risk_score AS predictions_risk_score, predictions.risk_category AS predictions_risk_category, predictions.risk_factors AS predictions_risk_factors, predictions.feature_values AS predictions_feature_values, predictions.uncertainty AS predictions_uncertainty, predictions.data_sufficiency AS predictions_data_sufficiency, predictions.model_version AS predictions_model_version, predictions.layer_scores AS predictions_layer_scores, predictions.pipeline_run_id AS predictions_pipeline_run_id, predictions.id AS predictions_id, predictions.created_at AS predictions_created_at, predictions.updated_at AS predictions_updated_at 
FROM predictions 
WHERE predictions.component_id = %(component_id_1)s::UUID ORDER BY predictions.predicted_at DESC 
 LIMIT %(param_1)s::INTEGER
2026-09-15 16:41:19,833 INFO sqlalchemy.engine.Engine [cached since 0.9012s ago] {'component_id_1': UUID('8a4c652f-551e-4253-b649-311f08940f82'), 'param_1': 1}
2026-09-15 16:41:19,837 INFO sqlalchemy.engine.Engine SELECT predictions.asset_id AS predictions_asset_id, predictions.component_id AS predictions_component_id, predictions.predicted_at AS predictions_predicted_at, predictions.prediction_horizon_days AS predictions_prediction_horizon_days, predictions.risk_score AS predictions_risk_score, predictions.risk_category AS predictions_risk_category, predictions.risk_factors AS predictions_risk_factors, predictions.feature_values AS predictions_feature_values, predictions.uncertainty AS predictions_uncertainty, predictions.data_sufficiency AS predictions_data_sufficiency, predictions.model_version AS predictions_model_version, predictions.layer_scores AS predictions_layer_scores, predictions.pipeline_run_id AS predictions_pipeline_run_id, predictions.id AS predictions_id, predictions.created_at AS predictions_created_at, predictions.updated_at AS predictions_updated_at 
FROM predictions 
WHERE predictions.component_id = %(component_id_1)s::UUID ORDER BY predictions.predicted_at DESC 
 LIMIT %(param_1)s::INTEGER
2026-09-15 16:41:19,838 INFO sqlalchemy.engine.Engine [cached since 0.9056s ago] {'component_id_1': UUID('78a1d039-32e2-4f5e-b47b-dacba2324d71'), 'param_1': 1}
2026-09-15 16:41:19,841 INFO sqlalchemy.engine.Engine SELECT readiness_assessments.asset_id AS readiness_assessments_asset_id, readiness_assessments.assessed_at AS readiness_assessments_assessed_at, readiness_assessments.status AS readiness_assessments_status, readiness_assessments.overall_health_score AS readiness_assessments_overall_health_score, readiness_assessments.primary_evidence AS readiness_assessments_primary_evidence, readiness_assessments.component_summary AS readiness_assessments_component_summary, readiness_assessments.data_quality_score AS readiness_assessments_data_quality_score, readiness_assessments.prediction_horizon_days AS readiness_assessments_prediction_horizon_days, readiness_assessments.explanation AS readiness_assessments_explanation, readiness_assessments.llm_explanation AS readiness_assessments_llm_explanation, readiness_assessments.pipeline_run_id AS readiness_assessments_pipeline_run_id, readiness_assessments.id AS readiness_assessments_id, readiness_assessments.created_at AS readiness_assessments_created_at, readiness_assessments.updated_at AS readiness_assessments_updated_at 
FROM readiness_assessments 
WHERE readiness_assessments.asset_id = %(asset_id_1)s::UUID ORDER BY readiness_assessments.assessed_at DESC 
 LIMIT %(param_1)s::INTEGER
2026-09-15 16:41:19,841 INFO sqlalchemy.engine.Engine [cached since 0.7913s ago] {'asset_id_1': UUID('418695a8-bf39-430f-9e21-fd9ad62193a6'), 'param_1': 1}
2026-09-15 16:41:19,844 INFO sqlalchemy.engine.Engine SELECT components.asset_id AS components_asset_id, components.component_id AS components_component_id, components.name AS components_name, components.component_type AS components_component_type, components.criticality AS components_criticality, components.manufacturer AS components_manufacturer, components.model_number AS components_model_number, components.install_date AS components_install_date, components.design_life_hours AS components_design_life_hours, components.design_life_cycles AS components_design_life_cycles, components.current_operating_hours AS components_current_operating_hours, components.current_cycles AS components_current_cycles, components.is_active AS components_is_active, components.metadata AS components_metadata, components.id AS components_id, components.created_at AS components_created_at, components.updated_at AS components_updated_at 
FROM components 
WHERE components.asset_id = %(asset_id_1)s::UUID AND components.is_active = true
2026-09-15 16:41:19,845 INFO sqlalchemy.engine.Engine [cached since 0.9395s ago] {'asset_id_1': UUID('f7bb969c-8a8a-41cd-a411-f5006126c6d3')}
2026-09-15 16:41:19,849 INFO sqlalchemy.engine.Engine SELECT predictions.asset_id AS predictions_asset_id, predictions.component_id AS predictions_component_id, predictions.predicted_at AS predictions_predicted_at, predictions.prediction_horizon_days AS predictions_prediction_horizon_days, predictions.risk_score AS predictions_risk_score, predictions.risk_category AS predictions_risk_category, predictions.risk_factors AS predictions_risk_factors, predictions.feature_values AS predictions_feature_values, predictions.uncertainty AS predictions_uncertainty, predictions.data_sufficiency AS predictions_data_sufficiency, predictions.model_version AS predictions_model_version, predictions.layer_scores AS predictions_layer_scores, predictions.pipeline_run_id AS predictions_pipeline_run_id, predictions.id AS predictions_id, predictions.created_at AS predictions_created_at, predictions.updated_at AS predictions_updated_at 
FROM predictions 
WHERE predictions.component_id = %(component_id_1)s::UUID ORDER BY predictions.predicted_at DESC 
 LIMIT %(param_1)s::INTEGER
2026-09-15 16:41:19,849 INFO sqlalchemy.engine.Engine [cached since 0.917s ago] {'component_id_1': UUID('23821ab8-0bf4-488e-a067-574292adc4d0'), 'param_1': 1}
2026-09-15 16:41:19,853 INFO sqlalchemy.engine.Engine SELECT predictions.asset_id AS predictions_asset_id, predictions.component_id AS predictions_component_id, predictions.predicted_at AS predictions_predicted_at, predictions.prediction_horizon_days AS predictions_prediction_horizon_days, predictions.risk_score AS predictions_risk_score, predictions.risk_category AS predictions_risk_category, predictions.risk_factors AS predictions_risk_factors, predictions.feature_values AS predictions_feature_values, predictions.uncertainty AS predictions_uncertainty, predictions.data_sufficiency AS predictions_data_sufficiency, predictions.model_version AS predictions_model_version, predictions.layer_scores AS predictions_layer_scores, predictions.pipeline_run_id AS predictions_pipeline_run_id, predictions.id AS predictions_id, predictions.created_at AS predictions_created_at, predictions.updated_at AS predictions_updated_at 
FROM predictions 
WHERE predictions.component_id = %(component_id_1)s::UUID ORDER BY predictions.predicted_at DESC 
 LIMIT %(param_1)s::INTEGER
2026-09-15 16:41:19,854 INFO sqlalchemy.engine.Engine [cached since 0.9218s ago] {'component_id_1': UUID('c424bdc4-7350-480b-8a23-4016fb9a5b7a'), 'param_1': 1}
2026-09-15 16:41:19,858 INFO sqlalchemy.engine.Engine SELECT predictions.asset_id AS predictions_asset_id, predictions.component_id AS predictions_component_id, predictions.predicted_at AS predictions_predicted_at, predictions.prediction_horizon_days AS predictions_prediction_horizon_days, predictions.risk_score AS predictions_risk_score, predictions.risk_category AS predictions_risk_category, predictions.risk_factors AS predictions_risk_factors, predictions.feature_values AS predictions_feature_values, predictions.uncertainty AS predictions_uncertainty, predictions.data_sufficiency AS predictions_data_sufficiency, predictions.model_version AS predictions_model_version, predictions.layer_scores AS predictions_layer_scores, predictions.pipeline_run_id AS predictions_pipeline_run_id, predictions.id AS predictions_id, predictions.created_at AS predictions_created_at, predictions.updated_at AS predictions_updated_at 
FROM predictions 
WHERE predictions.component_id = %(component_id_1)s::UUID ORDER BY predictions.predicted_at DESC 
 LIMIT %(param_1)s::INTEGER
2026-09-15 16:41:19,858 INFO sqlalchemy.engine.Engine [cached since 0.9266s ago] {'component_id_1': UUID('640131ff-bd30-4c19-9068-9b9358f01daf'), 'param_1': 1}
2026-09-15 16:41:19,863 INFO sqlalchemy.engine.Engine SELECT predictions.asset_id AS predictions_asset_id, predictions.component_id AS predictions_component_id, predictions.predicted_at AS predictions_predicted_at, predictions.prediction_horizon_days AS predictions_prediction_horizon_days, predictions.risk_score AS predictions_risk_score, predictions.risk_category AS predictions_risk_category, predictions.risk_factors AS predictions_risk_factors, predictions.feature_values AS predictions_feature_values, predictions.uncertainty AS predictions_uncertainty, predictions.data_sufficiency AS predictions_data_sufficiency, predictions.model_version AS predictions_model_version, predictions.layer_scores AS predictions_layer_scores, predictions.pipeline_run_id AS predictions_pipeline_run_id, predictions.id AS predictions_id, predictions.created_at AS predictions_created_at, predictions.updated_at AS predictions_updated_at 
FROM predictions 
WHERE predictions.component_id = %(component_id_1)s::UUID ORDER BY predictions.predicted_at DESC 
 LIMIT %(param_1)s::INTEGER
2026-09-15 16:41:19,864 INFO sqlalchemy.engine.Engine [cached since 0.9318s ago] {'component_id_1': UUID('276b59fa-af62-4c0c-b2ba-2b541cdd2af9'), 'param_1': 1}
2026-09-15 16:41:19,868 INFO sqlalchemy.engine.Engine SELECT predictions.asset_id AS predictions_asset_id, predictions.component_id AS predictions_component_id, predictions.predicted_at AS predictions_predicted_at, predictions.prediction_horizon_days AS predictions_prediction_horizon_days, predictions.risk_score AS predictions_risk_score, predictions.risk_category AS predictions_risk_category, predictions.risk_factors AS predictions_risk_factors, predictions.feature_values AS predictions_feature_values, predictions.uncertainty AS predictions_uncertainty, predictions.data_sufficiency AS predictions_data_sufficiency, predictions.model_version AS predictions_model_version, predictions.layer_scores AS predictions_layer_scores, predictions.pipeline_run_id AS predictions_pipeline_run_id, predictions.id AS predictions_id, predictions.created_at AS predictions_created_at, predictions.updated_at AS predictions_updated_at 
FROM predictions 
WHERE predictions.component_id = %(component_id_1)s::UUID ORDER BY predictions.predicted_at DESC 
 LIMIT %(param_1)s::INTEGER
2026-09-15 16:41:19,869 INFO sqlalchemy.engine.Engine [cached since 0.9367s ago] {'component_id_1': UUID('221bdc29-4d7d-4199-8d0e-eaa26b4ca7ef'), 'param_1': 1}
2026-09-15 16:41:19,873 INFO sqlalchemy.engine.Engine SELECT readiness_assessments.asset_id AS readiness_assessments_asset_id, readiness_assessments.assessed_at AS readiness_assessments_assessed_at, readiness_assessments.status AS readiness_assessments_status, readiness_assessments.overall_health_score AS readiness_assessments_overall_health_score, readiness_assessments.primary_evidence AS readiness_assessments_primary_evidence, readiness_assessments.component_summary AS readiness_assessments_component_summary, readiness_assessments.data_quality_score AS readiness_assessments_data_quality_score, readiness_assessments.prediction_horizon_days AS readiness_assessments_prediction_horizon_days, readiness_assessments.explanation AS readiness_assessments_explanation, readiness_assessments.llm_explanation AS readiness_assessments_llm_explanation, readiness_assessments.pipeline_run_id AS readiness_assessments_pipeline_run_id, readiness_assessments.id AS readiness_assessments_id, readiness_assessments.created_at AS readiness_assessments_created_at, readiness_assessments.updated_at AS readiness_assessments_updated_at 
FROM readiness_assessments 
WHERE readiness_assessments.asset_id = %(asset_id_1)s::UUID ORDER BY readiness_assessments.assessed_at DESC 
 LIMIT %(param_1)s::INTEGER
2026-09-15 16:41:19,874 INFO sqlalchemy.engine.Engine [cached since 0.8242s ago] {'asset_id_1': UUID('f7bb969c-8a8a-41cd-a411-f5006126c6d3'), 'param_1': 1}
2026-09-15 16:41:19,878 INFO sqlalchemy.engine.Engine SELECT components.asset_id AS components_asset_id, components.component_id AS components_component_id, components.name AS components_name, components.component_type AS components_component_type, components.criticality AS components_criticality, components.manufacturer AS components_manufacturer, components.model_number AS components_model_number, components.install_date AS components_install_date, components.design_life_hours AS components_design_life_hours, components.design_life_cycles AS components_design_life_cycles, components.current_operating_hours AS components_current_operating_hours, components.current_cycles AS components_current_cycles, components.is_active AS components_is_active, components.metadata AS components_metadata, components.id AS components_id, components.created_at AS components_created_at, components.updated_at AS components_updated_at 
FROM components 
WHERE components.asset_id = %(asset_id_1)s::UUID AND components.is_active = true
2026-09-15 16:41:19,879 INFO sqlalchemy.engine.Engine [cached since 0.9737s ago] {'asset_id_1': UUID('41f89704-22e1-4f95-8719-e19da33575c4')}
2026-09-15 16:41:19,883 INFO sqlalchemy.engine.Engine SELECT predictions.asset_id AS predictions_asset_id, predictions.component_id AS predictions_component_id, predictions.predicted_at AS predictions_predicted_at, predictions.prediction_horizon_days AS predictions_prediction_horizon_days, predictions.risk_score AS predictions_risk_score, predictions.risk_category AS predictions_risk_category, predictions.risk_factors AS predictions_risk_factors, predictions.feature_values AS predictions_feature_values, predictions.uncertainty AS predictions_uncertainty, predictions.data_sufficiency AS predictions_data_sufficiency, predictions.model_version AS predictions_model_version, predictions.layer_scores AS predictions_layer_scores, predictions.pipeline_run_id AS predictions_pipeline_run_id, predictions.id AS predictions_id, predictions.created_at AS predictions_created_at, predictions.updated_at AS predictions_updated_at 
FROM predictions 
WHERE predictions.component_id = %(component_id_1)s::UUID ORDER BY predictions.predicted_at DESC 
 LIMIT %(param_1)s::INTEGER
2026-09-15 16:41:19,884 INFO sqlalchemy.engine.Engine [cached since 0.952s ago] {'component_id_1': UUID('981a53e7-ba61-4e55-9271-0c11c8f7911f'), 'param_1': 1}
2026-09-15 16:41:19,888 INFO sqlalchemy.engine.Engine SELECT predictions.asset_id AS predictions_asset_id, predictions.component_id AS predictions_component_id, predictions.predicted_at AS predictions_predicted_at, predictions.prediction_horizon_days AS predictions_prediction_horizon_days, predictions.risk_score AS predictions_risk_score, predictions.risk_category AS predictions_risk_category, predictions.risk_factors AS predictions_risk_factors, predictions.feature_values AS predictions_feature_values, predictions.uncertainty AS predictions_uncertainty, predictions.data_sufficiency AS predictions_data_sufficiency, predictions.model_version AS predictions_model_version, predictions.layer_scores AS predictions_layer_scores, predictions.pipeline_run_id AS predictions_pipeline_run_id, predictions.id AS predictions_id, predictions.created_at AS predictions_created_at, predictions.updated_at AS predictions_updated_at 
FROM predictions 
WHERE predictions.component_id = %(component_id_1)s::UUID ORDER BY predictions.predicted_at DESC 
 LIMIT %(param_1)s::INTEGER
2026-09-15 16:41:19,889 INFO sqlalchemy.engine.Engine [cached since 0.9571s ago] {'component_id_1': UUID('7325ff2a-9e8c-4c43-b659-5298b57d9050'), 'param_1': 1}
2026-09-15 16:41:19,893 INFO sqlalchemy.engine.Engine SELECT predictions.asset_id AS predictions_asset_id, predictions.component_id AS predictions_component_id, predictions.predicted_at AS predictions_predicted_at, predictions.prediction_horizon_days AS predictions_prediction_horizon_days, predictions.risk_score AS predictions_risk_score, predictions.risk_category AS predictions_risk_category, predictions.risk_factors AS predictions_risk_factors, predictions.feature_values AS predictions_feature_values, predictions.uncertainty AS predictions_uncertainty, predictions.data_sufficiency AS predictions_data_sufficiency, predictions.model_version AS predictions_model_version, predictions.layer_scores AS predictions_layer_scores, predictions.pipeline_run_id AS predictions_pipeline_run_id, predictions.id AS predictions_id, predictions.created_at AS predictions_created_at, predictions.updated_at AS predictions_updated_at 
FROM predictions 
WHERE predictions.component_id = %(component_id_1)s::UUID ORDER BY predictions.predicted_at DESC 
 LIMIT %(param_1)s::INTEGER
2026-09-15 16:41:19,894 INFO sqlalchemy.engine.Engine [cached since 0.9621s ago] {'component_id_1': UUID('05947c5e-a783-4696-b860-1c1e93040dc6'), 'param_1': 1}
2026-09-15 16:41:19,898 INFO sqlalchemy.engine.Engine SELECT predictions.asset_id AS predictions_asset_id, predictions.component_id AS predictions_component_id, predictions.predicted_at AS predictions_predicted_at, predictions.prediction_horizon_days AS predictions_prediction_horizon_days, predictions.risk_score AS predictions_risk_score, predictions.risk_category AS predictions_risk_category, predictions.risk_factors AS predictions_risk_factors, predictions.feature_values AS predictions_feature_values, predictions.uncertainty AS predictions_uncertainty, predictions.data_sufficiency AS predictions_data_sufficiency, predictions.model_version AS predictions_model_version, predictions.layer_scores AS predictions_layer_scores, predictions.pipeline_run_id AS predictions_pipeline_run_id, predictions.id AS predictions_id, predictions.created_at AS predictions_created_at, predictions.updated_at AS predictions_updated_at 
FROM predictions 
WHERE predictions.component_id = %(component_id_1)s::UUID ORDER BY predictions.predicted_at DESC 
 LIMIT %(param_1)s::INTEGER
2026-09-15 16:41:19,899 INFO sqlalchemy.engine.Engine [cached since 0.9669s ago] {'component_id_1': UUID('6ba11896-2293-458c-9a9b-9b1b20536b63'), 'param_1': 1}
2026-09-15 16:41:19,903 INFO sqlalchemy.engine.Engine SELECT readiness_assessments.asset_id AS readiness_assessments_asset_id, readiness_assessments.assessed_at AS readiness_assessments_assessed_at, readiness_assessments.status AS readiness_assessments_status, readiness_assessments.overall_health_score AS readiness_assessments_overall_health_score, readiness_assessments.primary_evidence AS readiness_assessments_primary_evidence, readiness_assessments.component_summary AS readiness_assessments_component_summary, readiness_assessments.data_quality_score AS readiness_assessments_data_quality_score, readiness_assessments.prediction_horizon_days AS readiness_assessments_prediction_horizon_days, readiness_assessments.explanation AS readiness_assessments_explanation, readiness_assessments.llm_explanation AS readiness_assessments_llm_explanation, readiness_assessments.pipeline_run_id AS readiness_assessments_pipeline_run_id, readiness_assessments.id AS readiness_assessments_id, readiness_assessments.created_at AS readiness_assessments_created_at, readiness_assessments.updated_at AS readiness_assessments_updated_at 
FROM readiness_assessments 
WHERE readiness_assessments.asset_id = %(asset_id_1)s::UUID ORDER BY readiness_assessments.assessed_at DESC 
 LIMIT %(param_1)s::INTEGER
2026-09-15 16:41:19,904 INFO sqlalchemy.engine.Engine [cached since 0.8539s ago] {'asset_id_1': UUID('41f89704-22e1-4f95-8719-e19da33575c4'), 'param_1': 1}
2026-09-15 16:41:19,907 INFO sqlalchemy.engine.Engine SELECT components.asset_id AS components_asset_id, components.component_id AS components_component_id, components.name AS components_name, components.component_type AS components_component_type, components.criticality AS components_criticality, components.manufacturer AS components_manufacturer, components.model_number AS components_model_number, components.install_date AS components_install_date, components.design_life_hours AS components_design_life_hours, components.design_life_cycles AS components_design_life_cycles, components.current_operating_hours AS components_current_operating_hours, components.current_cycles AS components_current_cycles, components.is_active AS components_is_active, components.metadata AS components_metadata, components.id AS components_id, components.created_at AS components_created_at, components.updated_at AS components_updated_at 
FROM components 
WHERE components.asset_id = %(asset_id_1)s::UUID AND components.is_active = true
2026-09-15 16:41:19,908 INFO sqlalchemy.engine.Engine [cached since 1.003s ago] {'asset_id_1': UUID('511323f6-e20e-480f-8e63-71586514c429')}
2026-09-15 16:41:19,912 INFO sqlalchemy.engine.Engine SELECT predictions.asset_id AS predictions_asset_id, predictions.component_id AS predictions_component_id, predictions.predicted_at AS predictions_predicted_at, predictions.prediction_horizon_days AS predictions_prediction_horizon_days, predictions.risk_score AS predictions_risk_score, predictions.risk_category AS predictions_risk_category, predictions.risk_factors AS predictions_risk_factors, predictions.feature_values AS predictions_feature_values, predictions.uncertainty AS predictions_uncertainty, predictions.data_sufficiency AS predictions_data_sufficiency, predictions.model_version AS predictions_model_version, predictions.layer_scores AS predictions_layer_scores, predictions.pipeline_run_id AS predictions_pipeline_run_id, predictions.id AS predictions_id, predictions.created_at AS predictions_created_at, predictions.updated_at AS predictions_updated_at 
FROM predictions 
WHERE predictions.component_id = %(component_id_1)s::UUID ORDER BY predictions.predicted_at DESC 
 LIMIT %(param_1)s::INTEGER
2026-09-15 16:41:19,913 INFO sqlalchemy.engine.Engine [cached since 0.9809s ago] {'component_id_1': UUID('6023e751-11b9-480e-8d96-2ce2d9ce9c13'), 'param_1': 1}
2026-09-15 16:41:19,917 INFO sqlalchemy.engine.Engine SELECT predictions.asset_id AS predictions_asset_id, predictions.component_id AS predictions_component_id, predictions.predicted_at AS predictions_predicted_at, predictions.prediction_horizon_days AS predictions_prediction_horizon_days, predictions.risk_score AS predictions_risk_score, predictions.risk_category AS predictions_risk_category, predictions.risk_factors AS predictions_risk_factors, predictions.feature_values AS predictions_feature_values, predictions.uncertainty AS predictions_uncertainty, predictions.data_sufficiency AS predictions_data_sufficiency, predictions.model_version AS predictions_model_version, predictions.layer_scores AS predictions_layer_scores, predictions.pipeline_run_id AS predictions_pipeline_run_id, predictions.id AS predictions_id, predictions.created_at AS predictions_created_at, predictions.updated_at AS predictions_updated_at 
FROM predictions 
WHERE predictions.component_id = %(component_id_1)s::UUID ORDER BY predictions.predicted_at DESC 
 LIMIT %(param_1)s::INTEGER
2026-09-15 16:41:19,918 INFO sqlalchemy.engine.Engine [cached since 0.9857s ago] {'component_id_1': UUID('746d5963-040a-456f-83a8-044b7fc81b5a'), 'param_1': 1}
2026-09-15 16:41:19,923 INFO sqlalchemy.engine.Engine SELECT predictions.asset_id AS predictions_asset_id, predictions.component_id AS predictions_component_id, predictions.predicted_at AS predictions_predicted_at, predictions.prediction_horizon_days AS predictions_prediction_horizon_days, predictions.risk_score AS predictions_risk_score, predictions.risk_category AS predictions_risk_category, predictions.risk_factors AS predictions_risk_factors, predictions.feature_values AS predictions_feature_values, predictions.uncertainty AS predictions_uncertainty, predictions.data_sufficiency AS predictions_data_sufficiency, predictions.model_version AS predictions_model_version, predictions.layer_scores AS predictions_layer_scores, predictions.pipeline_run_id AS predictions_pipeline_run_id, predictions.id AS predictions_id, predictions.created_at AS predictions_created_at, predictions.updated_at AS predictions_updated_at 
FROM predictions 
WHERE predictions.component_id = %(component_id_1)s::UUID ORDER BY predictions.predicted_at DESC 
 LIMIT %(param_1)s::INTEGER
2026-09-15 16:41:19,923 INFO sqlalchemy.engine.Engine [cached since 0.9914s ago] {'component_id_1': UUID('557030a8-0bbe-450f-ba1b-ba1104a26bae'), 'param_1': 1}
2026-09-15 16:41:19,928 INFO sqlalchemy.engine.Engine SELECT predictions.asset_id AS predictions_asset_id, predictions.component_id AS predictions_component_id, predictions.predicted_at AS predictions_predicted_at, predictions.prediction_horizon_days AS predictions_prediction_horizon_days, predictions.risk_score AS predictions_risk_score, predictions.risk_category AS predictions_risk_category, predictions.risk_factors AS predictions_risk_factors, predictions.feature_values AS predictions_feature_values, predictions.uncertainty AS predictions_uncertainty, predictions.data_sufficiency AS predictions_data_sufficiency, predictions.model_version AS predictions_model_version, predictions.layer_scores AS predictions_layer_scores, predictions.pipeline_run_id AS predictions_pipeline_run_id, predictions.id AS predictions_id, predictions.created_at AS predictions_created_at, predictions.updated_at AS predictions_updated_at 
FROM predictions 
WHERE predictions.component_id = %(component_id_1)s::UUID ORDER BY predictions.predicted_at DESC 
 LIMIT %(param_1)s::INTEGER
2026-09-15 16:41:19,928 INFO sqlalchemy.engine.Engine [cached since 0.9961s ago] {'component_id_1': UUID('44d6b48b-117d-4799-bd6e-71fb067533fe'), 'param_1': 1}
2026-09-15 16:41:19,933 INFO sqlalchemy.engine.Engine SELECT predictions.asset_id AS predictions_asset_id, predictions.component_id AS predictions_component_id, predictions.predicted_at AS predictions_predicted_at, predictions.prediction_horizon_days AS predictions_prediction_horizon_days, predictions.risk_score AS predictions_risk_score, predictions.risk_category AS predictions_risk_category, predictions.risk_factors AS predictions_risk_factors, predictions.feature_values AS predictions_feature_values, predictions.uncertainty AS predictions_uncertainty, predictions.data_sufficiency AS predictions_data_sufficiency, predictions.model_version AS predictions_model_version, predictions.layer_scores AS predictions_layer_scores, predictions.pipeline_run_id AS predictions_pipeline_run_id, predictions.id AS predictions_id, predictions.created_at AS predictions_created_at, predictions.updated_at AS predictions_updated_at 
FROM predictions 
WHERE predictions.component_id = %(component_id_1)s::UUID ORDER BY predictions.predicted_at DESC 
 LIMIT %(param_1)s::INTEGER
2026-09-15 16:41:19,933 INFO sqlalchemy.engine.Engine [cached since 1.001s ago] {'component_id_1': UUID('91676c7b-67c3-4b7d-877e-79c1bf29c2bd'), 'param_1': 1}
2026-09-15 16:41:19,938 INFO sqlalchemy.engine.Engine SELECT predictions.asset_id AS predictions_asset_id, predictions.component_id AS predictions_component_id, predictions.predicted_at AS predictions_predicted_at, predictions.prediction_horizon_days AS predictions_prediction_horizon_days, predictions.risk_score AS predictions_risk_score, predictions.risk_category AS predictions_risk_category, predictions.risk_factors AS predictions_risk_factors, predictions.feature_values AS predictions_feature_values, predictions.uncertainty AS predictions_uncertainty, predictions.data_sufficiency AS predictions_data_sufficiency, predictions.model_version AS predictions_model_version, predictions.layer_scores AS predictions_layer_scores, predictions.pipeline_run_id AS predictions_pipeline_run_id, predictions.id AS predictions_id, predictions.created_at AS predictions_created_at, predictions.updated_at AS predictions_updated_at 
FROM predictions 
WHERE predictions.component_id = %(component_id_1)s::UUID ORDER BY predictions.predicted_at DESC 
 LIMIT %(param_1)s::INTEGER
2026-09-15 16:41:19,938 INFO sqlalchemy.engine.Engine [cached since 1.006s ago] {'component_id_1': UUID('3e1c5692-55f6-4cec-85a1-676abc7a1eeb'), 'param_1': 1}
2026-09-15 16:41:19,943 INFO sqlalchemy.engine.Engine SELECT predictions.asset_id AS predictions_asset_id, predictions.component_id AS predictions_component_id, predictions.predicted_at AS predictions_predicted_at, predictions.prediction_horizon_days AS predictions_prediction_horizon_days, predictions.risk_score AS predictions_risk_score, predictions.risk_category AS predictions_risk_category, predictions.risk_factors AS predictions_risk_factors, predictions.feature_values AS predictions_feature_values, predictions.uncertainty AS predictions_uncertainty, predictions.data_sufficiency AS predictions_data_sufficiency, predictions.model_version AS predictions_model_version, predictions.layer_scores AS predictions_layer_scores, predictions.pipeline_run_id AS predictions_pipeline_run_id, predictions.id AS predictions_id, predictions.created_at AS predictions_created_at, predictions.updated_at AS predictions_updated_at 
FROM predictions 
WHERE predictions.component_id = %(component_id_1)s::UUID ORDER BY predictions.predicted_at DESC 
 LIMIT %(param_1)s::INTEGER
2026-09-15 16:41:19,943 INFO sqlalchemy.engine.Engine [cached since 1.011s ago] {'component_id_1': UUID('214707de-f06a-48d0-89b6-c89c1e66d754'), 'param_1': 1}
2026-09-15 16:41:19,948 INFO sqlalchemy.engine.Engine SELECT predictions.asset_id AS predictions_asset_id, predictions.component_id AS predictions_component_id, predictions.predicted_at AS predictions_predicted_at, predictions.prediction_horizon_days AS predictions_prediction_horizon_days, predictions.risk_score AS predictions_risk_score, predictions.risk_category AS predictions_risk_category, predictions.risk_factors AS predictions_risk_factors, predictions.feature_values AS predictions_feature_values, predictions.uncertainty AS predictions_uncertainty, predictions.data_sufficiency AS predictions_data_sufficiency, predictions.model_version AS predictions_model_version, predictions.layer_scores AS predictions_layer_scores, predictions.pipeline_run_id AS predictions_pipeline_run_id, predictions.id AS predictions_id, predictions.created_at AS predictions_created_at, predictions.updated_at AS predictions_updated_at 
FROM predictions 
WHERE predictions.component_id = %(component_id_1)s::UUID ORDER BY predictions.predicted_at DESC 
 LIMIT %(param_1)s::INTEGER
2026-09-15 16:41:19,948 INFO sqlalchemy.engine.Engine [cached since 1.016s ago] {'component_id_1': UUID('349c4e92-6531-42d3-818c-81a1edc00adc'), 'param_1': 1}
2026-09-15 16:41:19,952 INFO sqlalchemy.engine.Engine SELECT predictions.asset_id AS predictions_asset_id, predictions.component_id AS predictions_component_id, predictions.predicted_at AS predictions_predicted_at, predictions.prediction_horizon_days AS predictions_prediction_horizon_days, predictions.risk_score AS predictions_risk_score, predictions.risk_category AS predictions_risk_category, predictions.risk_factors AS predictions_risk_factors, predictions.feature_values AS predictions_feature_values, predictions.uncertainty AS predictions_uncertainty, predictions.data_sufficiency AS predictions_data_sufficiency, predictions.model_version AS predictions_model_version, predictions.layer_scores AS predictions_layer_scores, predictions.pipeline_run_id AS predictions_pipeline_run_id, predictions.id AS predictions_id, predictions.created_at AS predictions_created_at, predictions.updated_at AS predictions_updated_at 
FROM predictions 
WHERE predictions.component_id = %(component_id_1)s::UUID ORDER BY predictions.predicted_at DESC 
 LIMIT %(param_1)s::INTEGER
2026-09-15 16:41:19,952 INFO sqlalchemy.engine.Engine [cached since 1.021s ago] {'component_id_1': UUID('548bc10a-0855-4c73-b16e-150cb9db68bf'), 'param_1': 1}
2026-09-15 16:41:19,957 INFO sqlalchemy.engine.Engine SELECT readiness_assessments.asset_id AS readiness_assessments_asset_id, readiness_assessments.assessed_at AS readiness_assessments_assessed_at, readiness_assessments.status AS readiness_assessments_status, readiness_assessments.overall_health_score AS readiness_assessments_overall_health_score, readiness_assessments.primary_evidence AS readiness_assessments_primary_evidence, readiness_assessments.component_summary AS readiness_assessments_component_summary, readiness_assessments.data_quality_score AS readiness_assessments_data_quality_score, readiness_assessments.prediction_horizon_days AS readiness_assessments_prediction_horizon_days, readiness_assessments.explanation AS readiness_assessments_explanation, readiness_assessments.llm_explanation AS readiness_assessments_llm_explanation, readiness_assessments.pipeline_run_id AS readiness_assessments_pipeline_run_id, readiness_assessments.id AS readiness_assessments_id, readiness_assessments.created_at AS readiness_assessments_created_at, readiness_assessments.updated_at AS readiness_assessments_updated_at 
FROM readiness_assessments 
WHERE readiness_assessments.asset_id = %(asset_id_1)s::UUID ORDER BY readiness_assessments.assessed_at DESC 
 LIMIT %(param_1)s::INTEGER
2026-09-15 16:41:19,957 INFO sqlalchemy.engine.Engine [cached since 0.9073s ago] {'asset_id_1': UUID('511323f6-e20e-480f-8e63-71586514c429'), 'param_1': 1}
2026-09-15 16:41:19,961 INFO sqlalchemy.engine.Engine SELECT components.asset_id AS components_asset_id, components.component_id AS components_component_id, components.name AS components_name, components.component_type AS components_component_type, components.criticality AS components_criticality, components.manufacturer AS components_manufacturer, components.model_number AS components_model_number, components.install_date AS components_install_date, components.design_life_hours AS components_design_life_hours, components.design_life_cycles AS components_design_life_cycles, components.current_operating_hours AS components_current_operating_hours, components.current_cycles AS components_current_cycles, components.is_active AS components_is_active, components.metadata AS components_metadata, components.id AS components_id, components.created_at AS components_created_at, components.updated_at AS components_updated_at 
FROM components 
WHERE components.asset_id = %(asset_id_1)s::UUID AND components.is_active = true
2026-09-15 16:41:19,962 INFO sqlalchemy.engine.Engine [cached since 1.057s ago] {'asset_id_1': UUID('edb270ef-1793-443c-b28b-3fb3133b0c55')}
2026-09-15 16:41:19,966 INFO sqlalchemy.engine.Engine SELECT predictions.asset_id AS predictions_asset_id, predictions.component_id AS predictions_component_id, predictions.predicted_at AS predictions_predicted_at, predictions.prediction_horizon_days AS predictions_prediction_horizon_days, predictions.risk_score AS predictions_risk_score, predictions.risk_category AS predictions_risk_category, predictions.risk_factors AS predictions_risk_factors, predictions.feature_values AS predictions_feature_values, predictions.uncertainty AS predictions_uncertainty, predictions.data_sufficiency AS predictions_data_sufficiency, predictions.model_version AS predictions_model_version, predictions.layer_scores AS predictions_layer_scores, predictions.pipeline_run_id AS predictions_pipeline_run_id, predictions.id AS predictions_id, predictions.created_at AS predictions_created_at, predictions.updated_at AS predictions_updated_at 
FROM predictions 
WHERE predictions.component_id = %(component_id_1)s::UUID ORDER BY predictions.predicted_at DESC 
 LIMIT %(param_1)s::INTEGER
2026-09-15 16:41:19,967 INFO sqlalchemy.engine.Engine [cached since 1.035s ago] {'component_id_1': UUID('9fa00f89-53f2-438f-b6d7-a753ec79dd0f'), 'param_1': 1}
2026-09-15 16:41:19,973 INFO sqlalchemy.engine.Engine SELECT predictions.asset_id AS predictions_asset_id, predictions.component_id AS predictions_component_id, predictions.predicted_at AS predictions_predicted_at, predictions.prediction_horizon_days AS predictions_prediction_horizon_days, predictions.risk_score AS predictions_risk_score, predictions.risk_category AS predictions_risk_category, predictions.risk_factors AS predictions_risk_factors, predictions.feature_values AS predictions_feature_values, predictions.uncertainty AS predictions_uncertainty, predictions.data_sufficiency AS predictions_data_sufficiency, predictions.model_version AS predictions_model_version, predictions.layer_scores AS predictions_layer_scores, predictions.pipeline_run_id AS predictions_pipeline_run_id, predictions.id AS predictions_id, predictions.created_at AS predictions_created_at, predictions.updated_at AS predictions_updated_at 
FROM predictions 
WHERE predictions.component_id = %(component_id_1)s::UUID ORDER BY predictions.predicted_at DESC 
 LIMIT %(param_1)s::INTEGER
2026-09-15 16:41:19,974 INFO sqlalchemy.engine.Engine [cached since 1.042s ago] {'component_id_1': UUID('cdbddc17-bfd0-432f-934c-0870f7eb0046'), 'param_1': 1}
2026-09-15 16:41:19,978 INFO sqlalchemy.engine.Engine SELECT predictions.asset_id AS predictions_asset_id, predictions.component_id AS predictions_component_id, predictions.predicted_at AS predictions_predicted_at, predictions.prediction_horizon_days AS predictions_prediction_horizon_days, predictions.risk_score AS predictions_risk_score, predictions.risk_category AS predictions_risk_category, predictions.risk_factors AS predictions_risk_factors, predictions.feature_values AS predictions_feature_values, predictions.uncertainty AS predictions_uncertainty, predictions.data_sufficiency AS predictions_data_sufficiency, predictions.model_version AS predictions_model_version, predictions.layer_scores AS predictions_layer_scores, predictions.pipeline_run_id AS predictions_pipeline_run_id, predictions.id AS predictions_id, predictions.created_at AS predictions_created_at, predictions.updated_at AS predictions_updated_at 
FROM predictions 
WHERE predictions.component_id = %(component_id_1)s::UUID ORDER BY predictions.predicted_at DESC 
 LIMIT %(param_1)s::INTEGER
2026-09-15 16:41:19,979 INFO sqlalchemy.engine.Engine [cached since 1.047s ago] {'component_id_1': UUID('781fc6c2-7a3c-4db5-ab3c-073fd7a2a336'), 'param_1': 1}
2026-09-15 16:41:19,983 INFO sqlalchemy.engine.Engine SELECT predictions.asset_id AS predictions_asset_id, predictions.component_id AS predictions_component_id, predictions.predicted_at AS predictions_predicted_at, predictions.prediction_horizon_days AS predictions_prediction_horizon_days, predictions.risk_score AS predictions_risk_score, predictions.risk_category AS predictions_risk_category, predictions.risk_factors AS predictions_risk_factors, predictions.feature_values AS predictions_feature_values, predictions.uncertainty AS predictions_uncertainty, predictions.data_sufficiency AS predictions_data_sufficiency, predictions.model_version AS predictions_model_version, predictions.layer_scores AS predictions_layer_scores, predictions.pipeline_run_id AS predictions_pipeline_run_id, predictions.id AS predictions_id, predictions.created_at AS predictions_created_at, predictions.updated_at AS predictions_updated_at 
FROM predictions 
WHERE predictions.component_id = %(component_id_1)s::UUID ORDER BY predictions.predicted_at DESC 
 LIMIT %(param_1)s::INTEGER
2026-09-15 16:41:19,986 INFO sqlalchemy.engine.Engine [cached since 1.054s ago] {'component_id_1': UUID('c9b5c6be-e1cf-46cb-ae8d-9facec75c570'), 'param_1': 1}
2026-09-15 16:41:19,990 INFO sqlalchemy.engine.Engine SELECT predictions.asset_id AS predictions_asset_id, predictions.component_id AS predictions_component_id, predictions.predicted_at AS predictions_predicted_at, predictions.prediction_horizon_days AS predictions_prediction_horizon_days, predictions.risk_score AS predictions_risk_score, predictions.risk_category AS predictions_risk_category, predictions.risk_factors AS predictions_risk_factors, predictions.feature_values AS predictions_feature_values, predictions.uncertainty AS predictions_uncertainty, predictions.data_sufficiency AS predictions_data_sufficiency, predictions.model_version AS predictions_model_version, predictions.layer_scores AS predictions_layer_scores, predictions.pipeline_run_id AS predictions_pipeline_run_id, predictions.id AS predictions_id, predictions.created_at AS predictions_created_at, predictions.updated_at AS predictions_updated_at 
FROM predictions 
WHERE predictions.component_id = %(component_id_1)s::UUID ORDER BY predictions.predicted_at DESC 
 LIMIT %(param_1)s::INTEGER
2026-09-15 16:41:19,991 INFO sqlalchemy.engine.Engine [cached since 1.059s ago] {'component_id_1': UUID('a7a0fcf3-4fbb-4141-b6f3-aee34c60dd58'), 'param_1': 1}
2026-09-15 16:41:19,995 INFO sqlalchemy.engine.Engine SELECT predictions.asset_id AS predictions_asset_id, predictions.component_id AS predictions_component_id, predictions.predicted_at AS predictions_predicted_at, predictions.prediction_horizon_days AS predictions_prediction_horizon_days, predictions.risk_score AS predictions_risk_score, predictions.risk_category AS predictions_risk_category, predictions.risk_factors AS predictions_risk_factors, predictions.feature_values AS predictions_feature_values, predictions.uncertainty AS predictions_uncertainty, predictions.data_sufficiency AS predictions_data_sufficiency, predictions.model_version AS predictions_model_version, predictions.layer_scores AS predictions_layer_scores, predictions.pipeline_run_id AS predictions_pipeline_run_id, predictions.id AS predictions_id, predictions.created_at AS predictions_created_at, predictions.updated_at AS predictions_updated_at 
FROM predictions 
WHERE predictions.component_id = %(component_id_1)s::UUID ORDER BY predictions.predicted_at DESC 
 LIMIT %(param_1)s::INTEGER
2026-09-15 16:41:19,995 INFO sqlalchemy.engine.Engine [cached since 1.064s ago] {'component_id_1': UUID('17c63a95-2e65-4f4d-b5d6-4213ab1c835b'), 'param_1': 1}
2026-09-15 16:41:19,999 INFO sqlalchemy.engine.Engine SELECT predictions.asset_id AS predictions_asset_id, predictions.component_id AS predictions_component_id, predictions.predicted_at AS predictions_predicted_at, predictions.prediction_horizon_days AS predictions_prediction_horizon_days, predictions.risk_score AS predictions_risk_score, predictions.risk_category AS predictions_risk_category, predictions.risk_factors AS predictions_risk_factors, predictions.feature_values AS predictions_feature_values, predictions.uncertainty AS predictions_uncertainty, predictions.data_sufficiency AS predictions_data_sufficiency, predictions.model_version AS predictions_model_version, predictions.layer_scores AS predictions_layer_scores, predictions.pipeline_run_id AS predictions_pipeline_run_id, predictions.id AS predictions_id, predictions.created_at AS predictions_created_at, predictions.updated_at AS predictions_updated_at 
FROM predictions 
WHERE predictions.component_id = %(component_id_1)s::UUID ORDER BY predictions.predicted_at DESC 
 LIMIT %(param_1)s::INTEGER
2026-09-15 16:41:20,000 INFO sqlalchemy.engine.Engine [cached since 1.068s ago] {'component_id_1': UUID('43877e64-952d-4243-81cb-3537a08c65ea'), 'param_1': 1}
2026-09-15 16:41:20,004 INFO sqlalchemy.engine.Engine SELECT predictions.asset_id AS predictions_asset_id, predictions.component_id AS predictions_component_id, predictions.predicted_at AS predictions_predicted_at, predictions.prediction_horizon_days AS predictions_prediction_horizon_days, predictions.risk_score AS predictions_risk_score, predictions.risk_category AS predictions_risk_category, predictions.risk_factors AS predictions_risk_factors, predictions.feature_values AS predictions_feature_values, predictions.uncertainty AS predictions_uncertainty, predictions.data_sufficiency AS predictions_data_sufficiency, predictions.model_version AS predictions_model_version, predictions.layer_scores AS predictions_layer_scores, predictions.pipeline_run_id AS predictions_pipeline_run_id, predictions.id AS predictions_id, predictions.created_at AS predictions_created_at, predictions.updated_at AS predictions_updated_at 
FROM predictions 
WHERE predictions.component_id = %(component_id_1)s::UUID ORDER BY predictions.predicted_at DESC 
 LIMIT %(param_1)s::INTEGER
2026-09-15 16:41:20,005 INFO sqlalchemy.engine.Engine [cached since 1.073s ago] {'component_id_1': UUID('ba7d5437-e5bb-455f-8fd8-fb869308d56f'), 'param_1': 1}
2026-09-15 16:41:20,010 INFO sqlalchemy.engine.Engine SELECT predictions.asset_id AS predictions_asset_id, predictions.component_id AS predictions_component_id, predictions.predicted_at AS predictions_predicted_at, predictions.prediction_horizon_days AS predictions_prediction_horizon_days, predictions.risk_score AS predictions_risk_score, predictions.risk_category AS predictions_risk_category, predictions.risk_factors AS predictions_risk_factors, predictions.feature_values AS predictions_feature_values, predictions.uncertainty AS predictions_uncertainty, predictions.data_sufficiency AS predictions_data_sufficiency, predictions.model_version AS predictions_model_version, predictions.layer_scores AS predictions_layer_scores, predictions.pipeline_run_id AS predictions_pipeline_run_id, predictions.id AS predictions_id, predictions.created_at AS predictions_created_at, predictions.updated_at AS predictions_updated_at 
FROM predictions 
WHERE predictions.component_id = %(component_id_1)s::UUID ORDER BY predictions.predicted_at DESC 
 LIMIT %(param_1)s::INTEGER
2026-09-15 16:41:20,010 INFO sqlalchemy.engine.Engine [cached since 1.078s ago] {'component_id_1': UUID('42daac80-7d97-4908-8bf6-8bdf0020dd56'), 'param_1': 1}
2026-09-15 16:41:20,015 INFO sqlalchemy.engine.Engine SELECT readiness_assessments.asset_id AS readiness_assessments_asset_id, readiness_assessments.assessed_at AS readiness_assessments_assessed_at, readiness_assessments.status AS readiness_assessments_status, readiness_assessments.overall_health_score AS readiness_assessments_overall_health_score, readiness_assessments.primary_evidence AS readiness_assessments_primary_evidence, readiness_assessments.component_summary AS readiness_assessments_component_summary, readiness_assessments.data_quality_score AS readiness_assessments_data_quality_score, readiness_assessments.prediction_horizon_days AS readiness_assessments_prediction_horizon_days, readiness_assessments.explanation AS readiness_assessments_explanation, readiness_assessments.llm_explanation AS readiness_assessments_llm_explanation, readiness_assessments.pipeline_run_id AS readiness_assessments_pipeline_run_id, readiness_assessments.id AS readiness_assessments_id, readiness_assessments.created_at AS readiness_assessments_created_at, readiness_assessments.updated_at AS readiness_assessments_updated_at 
FROM readiness_assessments 
WHERE readiness_assessments.asset_id = %(asset_id_1)s::UUID ORDER BY readiness_assessments.assessed_at DESC 
 LIMIT %(param_1)s::INTEGER
2026-09-15 16:41:20,015 INFO sqlalchemy.engine.Engine [cached since 0.9652s ago] {'asset_id_1': UUID('edb270ef-1793-443c-b28b-3fb3133b0c55'), 'param_1': 1}
2026-09-15 16:41:20,019 INFO sqlalchemy.engine.Engine SELECT components.asset_id AS components_asset_id, components.component_id AS components_component_id, components.name AS components_name, components.component_type AS components_component_type, components.criticality AS components_criticality, components.manufacturer AS components_manufacturer, components.model_number AS components_model_number, components.install_date AS components_install_date, components.design_life_hours AS components_design_life_hours, components.design_life_cycles AS components_design_life_cycles, components.current_operating_hours AS components_current_operating_hours, components.current_cycles AS components_current_cycles, components.is_active AS components_is_active, components.metadata AS components_metadata, components.id AS components_id, components.created_at AS components_created_at, components.updated_at AS components_updated_at 
FROM components 
WHERE components.asset_id = %(asset_id_1)s::UUID AND components.is_active = true
2026-09-15 16:41:20,020 INFO sqlalchemy.engine.Engine [cached since 1.114s ago] {'asset_id_1': UUID('606601e3-992f-4926-9702-bc1014a51cf4')}
2026-09-15 16:41:20,025 INFO sqlalchemy.engine.Engine SELECT predictions.asset_id AS predictions_asset_id, predictions.component_id AS predictions_component_id, predictions.predicted_at AS predictions_predicted_at, predictions.prediction_horizon_days AS predictions_prediction_horizon_days, predictions.risk_score AS predictions_risk_score, predictions.risk_category AS predictions_risk_category, predictions.risk_factors AS predictions_risk_factors, predictions.feature_values AS predictions_feature_values, predictions.uncertainty AS predictions_uncertainty, predictions.data_sufficiency AS predictions_data_sufficiency, predictions.model_version AS predictions_model_version, predictions.layer_scores AS predictions_layer_scores, predictions.pipeline_run_id AS predictions_pipeline_run_id, predictions.id AS predictions_id, predictions.created_at AS predictions_created_at, predictions.updated_at AS predictions_updated_at 
FROM predictions 
WHERE predictions.component_id = %(component_id_1)s::UUID ORDER BY predictions.predicted_at DESC 
 LIMIT %(param_1)s::INTEGER
2026-09-15 16:41:20,025 INFO sqlalchemy.engine.Engine [cached since 1.093s ago] {'component_id_1': UUID('76aac8d1-06fd-4e3d-bf32-a57401687537'), 'param_1': 1}
2026-09-15 16:41:20,030 INFO sqlalchemy.engine.Engine SELECT predictions.asset_id AS predictions_asset_id, predictions.component_id AS predictions_component_id, predictions.predicted_at AS predictions_predicted_at, predictions.prediction_horizon_days AS predictions_prediction_horizon_days, predictions.risk_score AS predictions_risk_score, predictions.risk_category AS predictions_risk_category, predictions.risk_factors AS predictions_risk_factors, predictions.feature_values AS predictions_feature_values, predictions.uncertainty AS predictions_uncertainty, predictions.data_sufficiency AS predictions_data_sufficiency, predictions.model_version AS predictions_model_version, predictions.layer_scores AS predictions_layer_scores, predictions.pipeline_run_id AS predictions_pipeline_run_id, predictions.id AS predictions_id, predictions.created_at AS predictions_created_at, predictions.updated_at AS predictions_updated_at 
FROM predictions 
WHERE predictions.component_id = %(component_id_1)s::UUID ORDER BY predictions.predicted_at DESC 
 LIMIT %(param_1)s::INTEGER
2026-09-15 16:41:20,030 INFO sqlalchemy.engine.Engine [cached since 1.098s ago] {'component_id_1': UUID('e254cca7-8310-4717-8c63-c2431e4e23bc'), 'param_1': 1}
2026-09-15 16:41:20,034 INFO sqlalchemy.engine.Engine SELECT predictions.asset_id AS predictions_asset_id, predictions.component_id AS predictions_component_id, predictions.predicted_at AS predictions_predicted_at, predictions.prediction_horizon_days AS predictions_prediction_horizon_days, predictions.risk_score AS predictions_risk_score, predictions.risk_category AS predictions_risk_category, predictions.risk_factors AS predictions_risk_factors, predictions.feature_values AS predictions_feature_values, predictions.uncertainty AS predictions_uncertainty, predictions.data_sufficiency AS predictions_data_sufficiency, predictions.model_version AS predictions_model_version, predictions.layer_scores AS predictions_layer_scores, predictions.pipeline_run_id AS predictions_pipeline_run_id, predictions.id AS predictions_id, predictions.created_at AS predictions_created_at, predictions.updated_at AS predictions_updated_at 
FROM predictions 
WHERE predictions.component_id = %(component_id_1)s::UUID ORDER BY predictions.predicted_at DESC 
 LIMIT %(param_1)s::INTEGER
2026-09-15 16:41:20,035 INFO sqlalchemy.engine.Engine [cached since 1.103s ago] {'component_id_1': UUID('6d0c2255-bfe8-4d8d-80bf-d760a35bacf4'), 'param_1': 1}
2026-09-15 16:41:20,039 INFO sqlalchemy.engine.Engine SELECT predictions.asset_id AS predictions_asset_id, predictions.component_id AS predictions_component_id, predictions.predicted_at AS predictions_predicted_at, predictions.prediction_horizon_days AS predictions_prediction_horizon_days, predictions.risk_score AS predictions_risk_score, predictions.risk_category AS predictions_risk_category, predictions.risk_factors AS predictions_risk_factors, predictions.feature_values AS predictions_feature_values, predictions.uncertainty AS predictions_uncertainty, predictions.data_sufficiency AS predictions_data_sufficiency, predictions.model_version AS predictions_model_version, predictions.layer_scores AS predictions_layer_scores, predictions.pipeline_run_id AS predictions_pipeline_run_id, predictions.id AS predictions_id, predictions.created_at AS predictions_created_at, predictions.updated_at AS predictions_updated_at 
FROM predictions 
WHERE predictions.component_id = %(component_id_1)s::UUID ORDER BY predictions.predicted_at DESC 
 LIMIT %(param_1)s::INTEGER
2026-09-15 16:41:20,040 INFO sqlalchemy.engine.Engine [cached since 1.108s ago] {'component_id_1': UUID('ae7c524a-c8e6-4a75-8a6b-e5d2314a46f7'), 'param_1': 1}
2026-09-15 16:41:20,044 INFO sqlalchemy.engine.Engine SELECT predictions.asset_id AS predictions_asset_id, predictions.component_id AS predictions_component_id, predictions.predicted_at AS predictions_predicted_at, predictions.prediction_horizon_days AS predictions_prediction_horizon_days, predictions.risk_score AS predictions_risk_score, predictions.risk_category AS predictions_risk_category, predictions.risk_factors AS predictions_risk_factors, predictions.feature_values AS predictions_feature_values, predictions.uncertainty AS predictions_uncertainty, predictions.data_sufficiency AS predictions_data_sufficiency, predictions.model_version AS predictions_model_version, predictions.layer_scores AS predictions_layer_scores, predictions.pipeline_run_id AS predictions_pipeline_run_id, predictions.id AS predictions_id, predictions.created_at AS predictions_created_at, predictions.updated_at AS predictions_updated_at 
FROM predictions 
WHERE predictions.component_id = %(component_id_1)s::UUID ORDER BY predictions.predicted_at DESC 
 LIMIT %(param_1)s::INTEGER
2026-09-15 16:41:20,044 INFO sqlalchemy.engine.Engine [cached since 1.112s ago] {'component_id_1': UUID('dfa1ec55-e28b-458c-8184-760c5234b94b'), 'param_1': 1}
2026-09-15 16:41:20,049 INFO sqlalchemy.engine.Engine SELECT predictions.asset_id AS predictions_asset_id, predictions.component_id AS predictions_component_id, predictions.predicted_at AS predictions_predicted_at, predictions.prediction_horizon_days AS predictions_prediction_horizon_days, predictions.risk_score AS predictions_risk_score, predictions.risk_category AS predictions_risk_category, predictions.risk_factors AS predictions_risk_factors, predictions.feature_values AS predictions_feature_values, predictions.uncertainty AS predictions_uncertainty, predictions.data_sufficiency AS predictions_data_sufficiency, predictions.model_version AS predictions_model_version, predictions.layer_scores AS predictions_layer_scores, predictions.pipeline_run_id AS predictions_pipeline_run_id, predictions.id AS predictions_id, predictions.created_at AS predictions_created_at, predictions.updated_at AS predictions_updated_at 
FROM predictions 
WHERE predictions.component_id = %(component_id_1)s::UUID ORDER BY predictions.predicted_at DESC 
 LIMIT %(param_1)s::INTEGER
2026-09-15 16:41:20,049 INFO sqlalchemy.engine.Engine [cached since 1.117s ago] {'component_id_1': UUID('c8cd115a-a3f6-41af-9481-f95f6b8dfe7b'), 'param_1': 1}
2026-09-15 16:41:20,053 INFO sqlalchemy.engine.Engine SELECT predictions.asset_id AS predictions_asset_id, predictions.component_id AS predictions_component_id, predictions.predicted_at AS predictions_predicted_at, predictions.prediction_horizon_days AS predictions_prediction_horizon_days, predictions.risk_score AS predictions_risk_score, predictions.risk_category AS predictions_risk_category, predictions.risk_factors AS predictions_risk_factors, predictions.feature_values AS predictions_feature_values, predictions.uncertainty AS predictions_uncertainty, predictions.data_sufficiency AS predictions_data_sufficiency, predictions.model_version AS predictions_model_version, predictions.layer_scores AS predictions_layer_scores, predictions.pipeline_run_id AS predictions_pipeline_run_id, predictions.id AS predictions_id, predictions.created_at AS predictions_created_at, predictions.updated_at AS predictions_updated_at 
FROM predictions 
WHERE predictions.component_id = %(component_id_1)s::UUID ORDER BY predictions.predicted_at DESC 
 LIMIT %(param_1)s::INTEGER
2026-09-15 16:41:20,054 INFO sqlalchemy.engine.Engine [cached since 1.122s ago] {'component_id_1': UUID('c1cd05a5-77e5-4ef9-80fd-a82d0aa38704'), 'param_1': 1}
2026-09-15 16:41:20,058 INFO sqlalchemy.engine.Engine SELECT predictions.asset_id AS predictions_asset_id, predictions.component_id AS predictions_component_id, predictions.predicted_at AS predictions_predicted_at, predictions.prediction_horizon_days AS predictions_prediction_horizon_days, predictions.risk_score AS predictions_risk_score, predictions.risk_category AS predictions_risk_category, predictions.risk_factors AS predictions_risk_factors, predictions.feature_values AS predictions_feature_values, predictions.uncertainty AS predictions_uncertainty, predictions.data_sufficiency AS predictions_data_sufficiency, predictions.model_version AS predictions_model_version, predictions.layer_scores AS predictions_layer_scores, predictions.pipeline_run_id AS predictions_pipeline_run_id, predictions.id AS predictions_id, predictions.created_at AS predictions_created_at, predictions.updated_at AS predictions_updated_at 
FROM predictions 
WHERE predictions.component_id = %(component_id_1)s::UUID ORDER BY predictions.predicted_at DESC 
 LIMIT %(param_1)s::INTEGER
2026-09-15 16:41:20,058 INFO sqlalchemy.engine.Engine [cached since 1.126s ago] {'component_id_1': UUID('92e53954-4e1d-444d-bef9-aca1c48359e7'), 'param_1': 1}
2026-09-15 16:41:20,062 INFO sqlalchemy.engine.Engine SELECT predictions.asset_id AS predictions_asset_id, predictions.component_id AS predictions_component_id, predictions.predicted_at AS predictions_predicted_at, predictions.prediction_horizon_days AS predictions_prediction_horizon_days, predictions.risk_score AS predictions_risk_score, predictions.risk_category AS predictions_risk_category, predictions.risk_factors AS predictions_risk_factors, predictions.feature_values AS predictions_feature_values, predictions.uncertainty AS predictions_uncertainty, predictions.data_sufficiency AS predictions_data_sufficiency, predictions.model_version AS predictions_model_version, predictions.layer_scores AS predictions_layer_scores, predictions.pipeline_run_id AS predictions_pipeline_run_id, predictions.id AS predictions_id, predictions.created_at AS predictions_created_at, predictions.updated_at AS predictions_updated_at 
FROM predictions 
WHERE predictions.component_id = %(component_id_1)s::UUID ORDER BY predictions.predicted_at DESC 
 LIMIT %(param_1)s::INTEGER
2026-09-15 16:41:20,063 INFO sqlalchemy.engine.Engine [cached since 1.131s ago] {'component_id_1': UUID('38bd856b-e0ad-4f81-b3ba-d783dd5b4ff9'), 'param_1': 1}
2026-09-15 16:41:20,067 INFO sqlalchemy.engine.Engine SELECT predictions.asset_id AS predictions_asset_id, predictions.component_id AS predictions_component_id, predictions.predicted_at AS predictions_predicted_at, predictions.prediction_horizon_days AS predictions_prediction_horizon_days, predictions.risk_score AS predictions_risk_score, predictions.risk_category AS predictions_risk_category, predictions.risk_factors AS predictions_risk_factors, predictions.feature_values AS predictions_feature_values, predictions.uncertainty AS predictions_uncertainty, predictions.data_sufficiency AS predictions_data_sufficiency, predictions.model_version AS predictions_model_version, predictions.layer_scores AS predictions_layer_scores, predictions.pipeline_run_id AS predictions_pipeline_run_id, predictions.id AS predictions_id, predictions.created_at AS predictions_created_at, predictions.updated_at AS predictions_updated_at 
FROM predictions 
WHERE predictions.component_id = %(component_id_1)s::UUID ORDER BY predictions.predicted_at DESC 
 LIMIT %(param_1)s::INTEGER
2026-09-15 16:41:20,067 INFO sqlalchemy.engine.Engine [cached since 1.135s ago] {'component_id_1': UUID('a70f4cca-253f-4554-85bd-f04596110303'), 'param_1': 1}
2026-09-15 16:41:20,071 INFO sqlalchemy.engine.Engine SELECT readiness_assessments.asset_id AS readiness_assessments_asset_id, readiness_assessments.assessed_at AS readiness_assessments_assessed_at, readiness_assessments.status AS readiness_assessments_status, readiness_assessments.overall_health_score AS readiness_assessments_overall_health_score, readiness_assessments.primary_evidence AS readiness_assessments_primary_evidence, readiness_assessments.component_summary AS readiness_assessments_component_summary, readiness_assessments.data_quality_score AS readiness_assessments_data_quality_score, readiness_assessments.prediction_horizon_days AS readiness_assessments_prediction_horizon_days, readiness_assessments.explanation AS readiness_assessments_explanation, readiness_assessments.llm_explanation AS readiness_assessments_llm_explanation, readiness_assessments.pipeline_run_id AS readiness_assessments_pipeline_run_id, readiness_assessments.id AS readiness_assessments_id, readiness_assessments.created_at AS readiness_assessments_created_at, readiness_assessments.updated_at AS readiness_assessments_updated_at 
FROM readiness_assessments 
WHERE readiness_assessments.asset_id = %(asset_id_1)s::UUID ORDER BY readiness_assessments.assessed_at DESC 
 LIMIT %(param_1)s::INTEGER
2026-09-15 16:41:20,072 INFO sqlalchemy.engine.Engine [cached since 1.022s ago] {'asset_id_1': UUID('606601e3-992f-4926-9702-bc1014a51cf4'), 'param_1': 1}
2026-09-15 16:41:20,076 INFO sqlalchemy.engine.Engine SELECT components.asset_id AS components_asset_id, components.component_id AS components_component_id, components.name AS components_name, components.component_type AS components_component_type, components.criticality AS components_criticality, components.manufacturer AS components_manufacturer, components.model_number AS components_model_number, components.install_date AS components_install_date, components.design_life_hours AS components_design_life_hours, components.design_life_cycles AS components_design_life_cycles, components.current_operating_hours AS components_current_operating_hours, components.current_cycles AS components_current_cycles, components.is_active AS components_is_active, components.metadata AS components_metadata, components.id AS components_id, components.created_at AS components_created_at, components.updated_at AS components_updated_at 
FROM components 
WHERE components.asset_id = %(asset_id_1)s::UUID AND components.is_active = true
2026-09-15 16:41:20,076 INFO sqlalchemy.engine.Engine [cached since 1.171s ago] {'asset_id_1': UUID('d845d7b8-22d3-4c7d-8c3a-a0d99d5956f5')}
2026-09-15 16:41:20,081 INFO sqlalchemy.engine.Engine SELECT predictions.asset_id AS predictions_asset_id, predictions.component_id AS predictions_component_id, predictions.predicted_at AS predictions_predicted_at, predictions.prediction_horizon_days AS predictions_prediction_horizon_days, predictions.risk_score AS predictions_risk_score, predictions.risk_category AS predictions_risk_category, predictions.risk_factors AS predictions_risk_factors, predictions.feature_values AS predictions_feature_values, predictions.uncertainty AS predictions_uncertainty, predictions.data_sufficiency AS predictions_data_sufficiency, predictions.model_version AS predictions_model_version, predictions.layer_scores AS predictions_layer_scores, predictions.pipeline_run_id AS predictions_pipeline_run_id, predictions.id AS predictions_id, predictions.created_at AS predictions_created_at, predictions.updated_at AS predictions_updated_at 
FROM predictions 
WHERE predictions.component_id = %(component_id_1)s::UUID ORDER BY predictions.predicted_at DESC 
 LIMIT %(param_1)s::INTEGER
2026-09-15 16:41:20,082 INFO sqlalchemy.engine.Engine [cached since 1.15s ago] {'component_id_1': UUID('25d45732-047b-4747-8a8c-931b543f6f11'), 'param_1': 1}
2026-09-15 16:41:20,086 INFO sqlalchemy.engine.Engine SELECT predictions.asset_id AS predictions_asset_id, predictions.component_id AS predictions_component_id, predictions.predicted_at AS predictions_predicted_at, predictions.prediction_horizon_days AS predictions_prediction_horizon_days, predictions.risk_score AS predictions_risk_score, predictions.risk_category AS predictions_risk_category, predictions.risk_factors AS predictions_risk_factors, predictions.feature_values AS predictions_feature_values, predictions.uncertainty AS predictions_uncertainty, predictions.data_sufficiency AS predictions_data_sufficiency, predictions.model_version AS predictions_model_version, predictions.layer_scores AS predictions_layer_scores, predictions.pipeline_run_id AS predictions_pipeline_run_id, predictions.id AS predictions_id, predictions.created_at AS predictions_created_at, predictions.updated_at AS predictions_updated_at 
FROM predictions 
WHERE predictions.component_id = %(component_id_1)s::UUID ORDER BY predictions.predicted_at DESC 
 LIMIT %(param_1)s::INTEGER
2026-09-15 16:41:20,086 INFO sqlalchemy.engine.Engine [cached since 1.155s ago] {'component_id_1': UUID('63f698fc-86b7-4abd-b539-8e95ba834a76'), 'param_1': 1}
2026-09-15 16:41:20,091 INFO sqlalchemy.engine.Engine SELECT predictions.asset_id AS predictions_asset_id, predictions.component_id AS predictions_component_id, predictions.predicted_at AS predictions_predicted_at, predictions.prediction_horizon_days AS predictions_prediction_horizon_days, predictions.risk_score AS predictions_risk_score, predictions.risk_category AS predictions_risk_category, predictions.risk_factors AS predictions_risk_factors, predictions.feature_values AS predictions_feature_values, predictions.uncertainty AS predictions_uncertainty, predictions.data_sufficiency AS predictions_data_sufficiency, predictions.model_version AS predictions_model_version, predictions.layer_scores AS predictions_layer_scores, predictions.pipeline_run_id AS predictions_pipeline_run_id, predictions.id AS predictions_id, predictions.created_at AS predictions_created_at, predictions.updated_at AS predictions_updated_at 
FROM predictions 
WHERE predictions.component_id = %(component_id_1)s::UUID ORDER BY predictions.predicted_at DESC 
 LIMIT %(param_1)s::INTEGER
2026-09-15 16:41:20,091 INFO sqlalchemy.engine.Engine [cached since 1.159s ago] {'component_id_1': UUID('6dece205-1a87-43d0-b2fb-7f735a8fbbab'), 'param_1': 1}
2026-09-15 16:41:20,096 INFO sqlalchemy.engine.Engine SELECT predictions.asset_id AS predictions_asset_id, predictions.component_id AS predictions_component_id, predictions.predicted_at AS predictions_predicted_at, predictions.prediction_horizon_days AS predictions_prediction_horizon_days, predictions.risk_score AS predictions_risk_score, predictions.risk_category AS predictions_risk_category, predictions.risk_factors AS predictions_risk_factors, predictions.feature_values AS predictions_feature_values, predictions.uncertainty AS predictions_uncertainty, predictions.data_sufficiency AS predictions_data_sufficiency, predictions.model_version AS predictions_model_version, predictions.layer_scores AS predictions_layer_scores, predictions.pipeline_run_id AS predictions_pipeline_run_id, predictions.id AS predictions_id, predictions.created_at AS predictions_created_at, predictions.updated_at AS predictions_updated_at 
FROM predictions 
WHERE predictions.component_id = %(component_id_1)s::UUID ORDER BY predictions.predicted_at DESC 
 LIMIT %(param_1)s::INTEGER
2026-09-15 16:41:20,096 INFO sqlalchemy.engine.Engine [cached since 1.164s ago] {'component_id_1': UUID('4b2c6558-ce90-47b0-bf55-674148302fec'), 'param_1': 1}
2026-09-15 16:41:20,100 INFO sqlalchemy.engine.Engine SELECT predictions.asset_id AS predictions_asset_id, predictions.component_id AS predictions_component_id, predictions.predicted_at AS predictions_predicted_at, predictions.prediction_horizon_days AS predictions_prediction_horizon_days, predictions.risk_score AS predictions_risk_score, predictions.risk_category AS predictions_risk_category, predictions.risk_factors AS predictions_risk_factors, predictions.feature_values AS predictions_feature_values, predictions.uncertainty AS predictions_uncertainty, predictions.data_sufficiency AS predictions_data_sufficiency, predictions.model_version AS predictions_model_version, predictions.layer_scores AS predictions_layer_scores, predictions.pipeline_run_id AS predictions_pipeline_run_id, predictions.id AS predictions_id, predictions.created_at AS predictions_created_at, predictions.updated_at AS predictions_updated_at 
FROM predictions 
WHERE predictions.component_id = %(component_id_1)s::UUID ORDER BY predictions.predicted_at DESC 
 LIMIT %(param_1)s::INTEGER
2026-09-15 16:41:20,101 INFO sqlalchemy.engine.Engine [cached since 1.169s ago] {'component_id_1': UUID('4f7cb6e7-0d5f-422d-8cac-ab29bfdd53a7'), 'param_1': 1}
2026-09-15 16:41:20,105 INFO sqlalchemy.engine.Engine SELECT predictions.asset_id AS predictions_asset_id, predictions.component_id AS predictions_component_id, predictions.predicted_at AS predictions_predicted_at, predictions.prediction_horizon_days AS predictions_prediction_horizon_days, predictions.risk_score AS predictions_risk_score, predictions.risk_category AS predictions_risk_category, predictions.risk_factors AS predictions_risk_factors, predictions.feature_values AS predictions_feature_values, predictions.uncertainty AS predictions_uncertainty, predictions.data_sufficiency AS predictions_data_sufficiency, predictions.model_version AS predictions_model_version, predictions.layer_scores AS predictions_layer_scores, predictions.pipeline_run_id AS predictions_pipeline_run_id, predictions.id AS predictions_id, predictions.created_at AS predictions_created_at, predictions.updated_at AS predictions_updated_at 
FROM predictions 
WHERE predictions.component_id = %(component_id_1)s::UUID ORDER BY predictions.predicted_at DESC 
 LIMIT %(param_1)s::INTEGER
2026-09-15 16:41:20,106 INFO sqlalchemy.engine.Engine [cached since 1.174s ago] {'component_id_1': UUID('26553963-5013-41bc-bd75-d07178883d09'), 'param_1': 1}
2026-09-15 16:41:20,110 INFO sqlalchemy.engine.Engine SELECT predictions.asset_id AS predictions_asset_id, predictions.component_id AS predictions_component_id, predictions.predicted_at AS predictions_predicted_at, predictions.prediction_horizon_days AS predictions_prediction_horizon_days, predictions.risk_score AS predictions_risk_score, predictions.risk_category AS predictions_risk_category, predictions.risk_factors AS predictions_risk_factors, predictions.feature_values AS predictions_feature_values, predictions.uncertainty AS predictions_uncertainty, predictions.data_sufficiency AS predictions_data_sufficiency, predictions.model_version AS predictions_model_version, predictions.layer_scores AS predictions_layer_scores, predictions.pipeline_run_id AS predictions_pipeline_run_id, predictions.id AS predictions_id, predictions.created_at AS predictions_created_at, predictions.updated_at AS predictions_updated_at 
FROM predictions 
WHERE predictions.component_id = %(component_id_1)s::UUID ORDER BY predictions.predicted_at DESC 
 LIMIT %(param_1)s::INTEGER
2026-09-15 16:41:20,111 INFO sqlalchemy.engine.Engine [cached since 1.179s ago] {'component_id_1': UUID('e7d5083d-35ad-4802-9a14-1a3d195a0686'), 'param_1': 1}
2026-09-15 16:41:20,115 INFO sqlalchemy.engine.Engine SELECT predictions.asset_id AS predictions_asset_id, predictions.component_id AS predictions_component_id, predictions.predicted_at AS predictions_predicted_at, predictions.prediction_horizon_days AS predictions_prediction_horizon_days, predictions.risk_score AS predictions_risk_score, predictions.risk_category AS predictions_risk_category, predictions.risk_factors AS predictions_risk_factors, predictions.feature_values AS predictions_feature_values, predictions.uncertainty AS predictions_uncertainty, predictions.data_sufficiency AS predictions_data_sufficiency, predictions.model_version AS predictions_model_version, predictions.layer_scores AS predictions_layer_scores, predictions.pipeline_run_id AS predictions_pipeline_run_id, predictions.id AS predictions_id, predictions.created_at AS predictions_created_at, predictions.updated_at AS predictions_updated_at 
FROM predictions 
WHERE predictions.component_id = %(component_id_1)s::UUID ORDER BY predictions.predicted_at DESC 
 LIMIT %(param_1)s::INTEGER
2026-09-15 16:41:20,115 INFO sqlalchemy.engine.Engine [cached since 1.183s ago] {'component_id_1': UUID('37da2680-c932-43f2-a563-7dd453c2321d'), 'param_1': 1}
2026-09-15 16:41:20,120 INFO sqlalchemy.engine.Engine SELECT readiness_assessments.asset_id AS readiness_assessments_asset_id, readiness_assessments.assessed_at AS readiness_assessments_assessed_at, readiness_assessments.status AS readiness_assessments_status, readiness_assessments.overall_health_score AS readiness_assessments_overall_health_score, readiness_assessments.primary_evidence AS readiness_assessments_primary_evidence, readiness_assessments.component_summary AS readiness_assessments_component_summary, readiness_assessments.data_quality_score AS readiness_assessments_data_quality_score, readiness_assessments.prediction_horizon_days AS readiness_assessments_prediction_horizon_days, readiness_assessments.explanation AS readiness_assessments_explanation, readiness_assessments.llm_explanation AS readiness_assessments_llm_explanation, readiness_assessments.pipeline_run_id AS readiness_assessments_pipeline_run_id, readiness_assessments.id AS readiness_assessments_id, readiness_assessments.created_at AS readiness_assessments_created_at, readiness_assessments.updated_at AS readiness_assessments_updated_at 
FROM readiness_assessments 
WHERE readiness_assessments.asset_id = %(asset_id_1)s::UUID ORDER BY readiness_assessments.assessed_at DESC 
 LIMIT %(param_1)s::INTEGER
2026-09-15 16:41:20,121 INFO sqlalchemy.engine.Engine [cached since 1.071s ago] {'asset_id_1': UUID('d845d7b8-22d3-4c7d-8c3a-a0d99d5956f5'), 'param_1': 1}
2026-09-15 16:41:20,125 INFO sqlalchemy.engine.Engine SELECT components.asset_id AS components_asset_id, components.component_id AS components_component_id, components.name AS components_name, components.component_type AS components_component_type, components.criticality AS components_criticality, components.manufacturer AS components_manufacturer, components.model_number AS components_model_number, components.install_date AS components_install_date, components.design_life_hours AS components_design_life_hours, components.design_life_cycles AS components_design_life_cycles, components.current_operating_hours AS components_current_operating_hours, components.current_cycles AS components_current_cycles, components.is_active AS components_is_active, components.metadata AS components_metadata, components.id AS components_id, components.created_at AS components_created_at, components.updated_at AS components_updated_at 
FROM components 
WHERE components.asset_id = %(asset_id_1)s::UUID AND components.is_active = true
2026-09-15 16:41:20,125 INFO sqlalchemy.engine.Engine [cached since 1.22s ago] {'asset_id_1': UUID('86d51ad1-7532-432e-a284-b71c9a9ab9f4')}
2026-09-15 16:41:20,129 INFO sqlalchemy.engine.Engine SELECT predictions.asset_id AS predictions_asset_id, predictions.component_id AS predictions_component_id, predictions.predicted_at AS predictions_predicted_at, predictions.prediction_horizon_days AS predictions_prediction_horizon_days, predictions.risk_score AS predictions_risk_score, predictions.risk_category AS predictions_risk_category, predictions.risk_factors AS predictions_risk_factors, predictions.feature_values AS predictions_feature_values, predictions.uncertainty AS predictions_uncertainty, predictions.data_sufficiency AS predictions_data_sufficiency, predictions.model_version AS predictions_model_version, predictions.layer_scores AS predictions_layer_scores, predictions.pipeline_run_id AS predictions_pipeline_run_id, predictions.id AS predictions_id, predictions.created_at AS predictions_created_at, predictions.updated_at AS predictions_updated_at 
FROM predictions 
WHERE predictions.component_id = %(component_id_1)s::UUID ORDER BY predictions.predicted_at DESC 
 LIMIT %(param_1)s::INTEGER
2026-09-15 16:41:20,130 INFO sqlalchemy.engine.Engine [cached since 1.198s ago] {'component_id_1': UUID('8d042af1-f242-452a-a862-c8a40cbf124c'), 'param_1': 1}
2026-09-15 16:41:20,134 INFO sqlalchemy.engine.Engine SELECT predictions.asset_id AS predictions_asset_id, predictions.component_id AS predictions_component_id, predictions.predicted_at AS predictions_predicted_at, predictions.prediction_horizon_days AS predictions_prediction_horizon_days, predictions.risk_score AS predictions_risk_score, predictions.risk_category AS predictions_risk_category, predictions.risk_factors AS predictions_risk_factors, predictions.feature_values AS predictions_feature_values, predictions.uncertainty AS predictions_uncertainty, predictions.data_sufficiency AS predictions_data_sufficiency, predictions.model_version AS predictions_model_version, predictions.layer_scores AS predictions_layer_scores, predictions.pipeline_run_id AS predictions_pipeline_run_id, predictions.id AS predictions_id, predictions.created_at AS predictions_created_at, predictions.updated_at AS predictions_updated_at 
FROM predictions 
WHERE predictions.component_id = %(component_id_1)s::UUID ORDER BY predictions.predicted_at DESC 
 LIMIT %(param_1)s::INTEGER
2026-09-15 16:41:20,134 INFO sqlalchemy.engine.Engine [cached since 1.202s ago] {'component_id_1': UUID('ebbe1a84-8027-4428-ae45-ec156ecad070'), 'param_1': 1}
2026-09-15 16:41:20,138 INFO sqlalchemy.engine.Engine SELECT predictions.asset_id AS predictions_asset_id, predictions.component_id AS predictions_component_id, predictions.predicted_at AS predictions_predicted_at, predictions.prediction_horizon_days AS predictions_prediction_horizon_days, predictions.risk_score AS predictions_risk_score, predictions.risk_category AS predictions_risk_category, predictions.risk_factors AS predictions_risk_factors, predictions.feature_values AS predictions_feature_values, predictions.uncertainty AS predictions_uncertainty, predictions.data_sufficiency AS predictions_data_sufficiency, predictions.model_version AS predictions_model_version, predictions.layer_scores AS predictions_layer_scores, predictions.pipeline_run_id AS predictions_pipeline_run_id, predictions.id AS predictions_id, predictions.created_at AS predictions_created_at, predictions.updated_at AS predictions_updated_at 
FROM predictions 
WHERE predictions.component_id = %(component_id_1)s::UUID ORDER BY predictions.predicted_at DESC 
 LIMIT %(param_1)s::INTEGER
2026-09-15 16:41:20,139 INFO sqlalchemy.engine.Engine [cached since 1.207s ago] {'component_id_1': UUID('d0bb1da4-fb49-4456-9174-56a0fb2c35f0'), 'param_1': 1}
2026-09-15 16:41:20,143 INFO sqlalchemy.engine.Engine SELECT predictions.asset_id AS predictions_asset_id, predictions.component_id AS predictions_component_id, predictions.predicted_at AS predictions_predicted_at, predictions.prediction_horizon_days AS predictions_prediction_horizon_days, predictions.risk_score AS predictions_risk_score, predictions.risk_category AS predictions_risk_category, predictions.risk_factors AS predictions_risk_factors, predictions.feature_values AS predictions_feature_values, predictions.uncertainty AS predictions_uncertainty, predictions.data_sufficiency AS predictions_data_sufficiency, predictions.model_version AS predictions_model_version, predictions.layer_scores AS predictions_layer_scores, predictions.pipeline_run_id AS predictions_pipeline_run_id, predictions.id AS predictions_id, predictions.created_at AS predictions_created_at, predictions.updated_at AS predictions_updated_at 
FROM predictions 
WHERE predictions.component_id = %(component_id_1)s::UUID ORDER BY predictions.predicted_at DESC 
 LIMIT %(param_1)s::INTEGER
2026-09-15 16:41:20,144 INFO sqlalchemy.engine.Engine [cached since 1.212s ago] {'component_id_1': UUID('b2135448-47de-4021-a328-028502023155'), 'param_1': 1}
2026-09-15 16:41:20,148 INFO sqlalchemy.engine.Engine SELECT predictions.asset_id AS predictions_asset_id, predictions.component_id AS predictions_component_id, predictions.predicted_at AS predictions_predicted_at, predictions.prediction_horizon_days AS predictions_prediction_horizon_days, predictions.risk_score AS predictions_risk_score, predictions.risk_category AS predictions_risk_category, predictions.risk_factors AS predictions_risk_factors, predictions.feature_values AS predictions_feature_values, predictions.uncertainty AS predictions_uncertainty, predictions.data_sufficiency AS predictions_data_sufficiency, predictions.model_version AS predictions_model_version, predictions.layer_scores AS predictions_layer_scores, predictions.pipeline_run_id AS predictions_pipeline_run_id, predictions.id AS predictions_id, predictions.created_at AS predictions_created_at, predictions.updated_at AS predictions_updated_at 
FROM predictions 
WHERE predictions.component_id = %(component_id_1)s::UUID ORDER BY predictions.predicted_at DESC 
 LIMIT %(param_1)s::INTEGER
2026-09-15 16:41:20,148 INFO sqlalchemy.engine.Engine [cached since 1.216s ago] {'component_id_1': UUID('42ec8094-9965-47b2-9640-f65dc970c938'), 'param_1': 1}
2026-09-15 16:41:20,153 INFO sqlalchemy.engine.Engine SELECT predictions.asset_id AS predictions_asset_id, predictions.component_id AS predictions_component_id, predictions.predicted_at AS predictions_predicted_at, predictions.prediction_horizon_days AS predictions_prediction_horizon_days, predictions.risk_score AS predictions_risk_score, predictions.risk_category AS predictions_risk_category, predictions.risk_factors AS predictions_risk_factors, predictions.feature_values AS predictions_feature_values, predictions.uncertainty AS predictions_uncertainty, predictions.data_sufficiency AS predictions_data_sufficiency, predictions.model_version AS predictions_model_version, predictions.layer_scores AS predictions_layer_scores, predictions.pipeline_run_id AS predictions_pipeline_run_id, predictions.id AS predictions_id, predictions.created_at AS predictions_created_at, predictions.updated_at AS predictions_updated_at 
FROM predictions 
WHERE predictions.component_id = %(component_id_1)s::UUID ORDER BY predictions.predicted_at DESC 
 LIMIT %(param_1)s::INTEGER
2026-09-15 16:41:20,153 INFO sqlalchemy.engine.Engine [cached since 1.221s ago] {'component_id_1': UUID('c0ffa313-794d-4005-8d0e-08c308180c41'), 'param_1': 1}
2026-09-15 16:41:20,158 INFO sqlalchemy.engine.Engine SELECT predictions.asset_id AS predictions_asset_id, predictions.component_id AS predictions_component_id, predictions.predicted_at AS predictions_predicted_at, predictions.prediction_horizon_days AS predictions_prediction_horizon_days, predictions.risk_score AS predictions_risk_score, predictions.risk_category AS predictions_risk_category, predictions.risk_factors AS predictions_risk_factors, predictions.feature_values AS predictions_feature_values, predictions.uncertainty AS predictions_uncertainty, predictions.data_sufficiency AS predictions_data_sufficiency, predictions.model_version AS predictions_model_version, predictions.layer_scores AS predictions_layer_scores, predictions.pipeline_run_id AS predictions_pipeline_run_id, predictions.id AS predictions_id, predictions.created_at AS predictions_created_at, predictions.updated_at AS predictions_updated_at 
FROM predictions 
WHERE predictions.component_id = %(component_id_1)s::UUID ORDER BY predictions.predicted_at DESC 
 LIMIT %(param_1)s::INTEGER
2026-09-15 16:41:20,158 INFO sqlalchemy.engine.Engine [cached since 1.226s ago] {'component_id_1': UUID('7606ce3c-ebf0-4f17-92c7-7b1312578d24'), 'param_1': 1}
2026-09-15 16:41:20,161 INFO sqlalchemy.engine.Engine SELECT readiness_assessments.asset_id AS readiness_assessments_asset_id, readiness_assessments.assessed_at AS readiness_assessments_assessed_at, readiness_assessments.status AS readiness_assessments_status, readiness_assessments.overall_health_score AS readiness_assessments_overall_health_score, readiness_assessments.primary_evidence AS readiness_assessments_primary_evidence, readiness_assessments.component_summary AS readiness_assessments_component_summary, readiness_assessments.data_quality_score AS readiness_assessments_data_quality_score, readiness_assessments.prediction_horizon_days AS readiness_assessments_prediction_horizon_days, readiness_assessments.explanation AS readiness_assessments_explanation, readiness_assessments.llm_explanation AS readiness_assessments_llm_explanation, readiness_assessments.pipeline_run_id AS readiness_assessments_pipeline_run_id, readiness_assessments.id AS readiness_assessments_id, readiness_assessments.created_at AS readiness_assessments_created_at, readiness_assessments.updated_at AS readiness_assessments_updated_at 
FROM readiness_assessments 
WHERE readiness_assessments.asset_id = %(asset_id_1)s::UUID ORDER BY readiness_assessments.assessed_at DESC 
 LIMIT %(param_1)s::INTEGER
2026-09-15 16:41:20,163 INFO sqlalchemy.engine.Engine [cached since 1.113s ago] {'asset_id_1': UUID('86d51ad1-7532-432e-a284-b71c9a9ab9f4'), 'param_1': 1}
2026-09-15 16:41:20,179 INFO sqlalchemy.engine.Engine ROLLBACK
INFO:     127.0.0.1:44727 - "GET /api/dashboard/fleet-health-matrix HTTP/1.1" 200 OK
2026-09-15 16:41:20,197 INFO sqlalchemy.engine.Engine BEGIN (implicit)
2026-09-15 16:41:20,198 INFO sqlalchemy.engine.Engine SELECT assets.asset_id AS assets_asset_id, assets.name AS assets_name, assets.asset_type AS assets_asset_type, assets.fleet AS assets_fleet, assets.location AS assets_location, assets.serial_number AS assets_serial_number, assets.manufacture_date AS assets_manufacture_date, assets.total_operating_hours AS assets_total_operating_hours, assets.total_cycles AS assets_total_cycles, assets.is_active AS assets_is_active, assets.metadata AS assets_metadata, assets.id AS assets_id, assets.created_at AS assets_created_at, assets.updated_at AS assets_updated_at 
FROM assets 
WHERE assets.is_active = true 
 LIMIT %(param_1)s::INTEGER
2026-09-15 16:41:20,198 INFO sqlalchemy.engine.Engine [cached since 1.386s ago] {'param_1': 20}
2026-09-15 16:41:20,204 INFO sqlalchemy.engine.Engine SELECT components.asset_id AS components_asset_id, components.component_id AS components_component_id, components.name AS components_name, components.component_type AS components_component_type, components.criticality AS components_criticality, components.manufacturer AS components_manufacturer, components.model_number AS components_model_number, components.install_date AS components_install_date, components.design_life_hours AS components_design_life_hours, components.design_life_cycles AS components_design_life_cycles, components.current_operating_hours AS components_current_operating_hours, components.current_cycles AS components_current_cycles, components.is_active AS components_is_active, components.metadata AS components_metadata, components.id AS components_id, components.created_at AS components_created_at, components.updated_at AS components_updated_at 
FROM components 
WHERE components.asset_id = %(asset_id_1)s::UUID AND components.is_active = true
2026-09-15 16:41:20,204 INFO sqlalchemy.engine.Engine [cached since 1.299s ago] {'asset_id_1': UUID('ca615487-5564-4c47-8861-3c9e3f8fd467')}
2026-09-15 16:41:20,209 INFO sqlalchemy.engine.Engine SELECT predictions.asset_id AS predictions_asset_id, predictions.component_id AS predictions_component_id, predictions.predicted_at AS predictions_predicted_at, predictions.prediction_horizon_days AS predictions_prediction_horizon_days, predictions.risk_score AS predictions_risk_score, predictions.risk_category AS predictions_risk_category, predictions.risk_factors AS predictions_risk_factors, predictions.feature_values AS predictions_feature_values, predictions.uncertainty AS predictions_uncertainty, predictions.data_sufficiency AS predictions_data_sufficiency, predictions.model_version AS predictions_model_version, predictions.layer_scores AS predictions_layer_scores, predictions.pipeline_run_id AS predictions_pipeline_run_id, predictions.id AS predictions_id, predictions.created_at AS predictions_created_at, predictions.updated_at AS predictions_updated_at 
FROM predictions 
WHERE predictions.component_id = %(component_id_1)s::UUID ORDER BY predictions.predicted_at DESC 
 LIMIT %(param_1)s::INTEGER
2026-09-15 16:41:20,210 INFO sqlalchemy.engine.Engine [cached since 1.278s ago] {'component_id_1': UUID('48b6730e-3034-4d12-b4aa-2c6e7ffc300f'), 'param_1': 1}
2026-09-15 16:41:20,215 INFO sqlalchemy.engine.Engine SELECT predictions.asset_id AS predictions_asset_id, predictions.component_id AS predictions_component_id, predictions.predicted_at AS predictions_predicted_at, predictions.prediction_horizon_days AS predictions_prediction_horizon_days, predictions.risk_score AS predictions_risk_score, predictions.risk_category AS predictions_risk_category, predictions.risk_factors AS predictions_risk_factors, predictions.feature_values AS predictions_feature_values, predictions.uncertainty AS predictions_uncertainty, predictions.data_sufficiency AS predictions_data_sufficiency, predictions.model_version AS predictions_model_version, predictions.layer_scores AS predictions_layer_scores, predictions.pipeline_run_id AS predictions_pipeline_run_id, predictions.id AS predictions_id, predictions.created_at AS predictions_created_at, predictions.updated_at AS predictions_updated_at 
FROM predictions 
WHERE predictions.component_id = %(component_id_1)s::UUID ORDER BY predictions.predicted_at DESC 
 LIMIT %(param_1)s::INTEGER
2026-09-15 16:41:20,215 INFO sqlalchemy.engine.Engine [cached since 1.283s ago] {'component_id_1': UUID('cd563221-de35-4bb3-9616-f59dd1e718a5'), 'param_1': 1}
2026-09-15 16:41:20,220 INFO sqlalchemy.engine.Engine SELECT predictions.asset_id AS predictions_asset_id, predictions.component_id AS predictions_component_id, predictions.predicted_at AS predictions_predicted_at, predictions.prediction_horizon_days AS predictions_prediction_horizon_days, predictions.risk_score AS predictions_risk_score, predictions.risk_category AS predictions_risk_category, predictions.risk_factors AS predictions_risk_factors, predictions.feature_values AS predictions_feature_values, predictions.uncertainty AS predictions_uncertainty, predictions.data_sufficiency AS predictions_data_sufficiency, predictions.model_version AS predictions_model_version, predictions.layer_scores AS predictions_layer_scores, predictions.pipeline_run_id AS predictions_pipeline_run_id, predictions.id AS predictions_id, predictions.created_at AS predictions_created_at, predictions.updated_at AS predictions_updated_at 
FROM predictions 
WHERE predictions.component_id = %(component_id_1)s::UUID ORDER BY predictions.predicted_at DESC 
 LIMIT %(param_1)s::INTEGER
2026-09-15 16:41:20,220 INFO sqlalchemy.engine.Engine [cached since 1.288s ago] {'component_id_1': UUID('444d225a-3352-4189-9a29-a33a0b497af8'), 'param_1': 1}
2026-09-15 16:41:20,224 INFO sqlalchemy.engine.Engine SELECT predictions.asset_id AS predictions_asset_id, predictions.component_id AS predictions_component_id, predictions.predicted_at AS predictions_predicted_at, predictions.prediction_horizon_days AS predictions_prediction_horizon_days, predictions.risk_score AS predictions_risk_score, predictions.risk_category AS predictions_risk_category, predictions.risk_factors AS predictions_risk_factors, predictions.feature_values AS predictions_feature_values, predictions.uncertainty AS predictions_uncertainty, predictions.data_sufficiency AS predictions_data_sufficiency, predictions.model_version AS predictions_model_version, predictions.layer_scores AS predictions_layer_scores, predictions.pipeline_run_id AS predictions_pipeline_run_id, predictions.id AS predictions_id, predictions.created_at AS predictions_created_at, predictions.updated_at AS predictions_updated_at 
FROM predictions 
WHERE predictions.component_id = %(component_id_1)s::UUID ORDER BY predictions.predicted_at DESC 
 LIMIT %(param_1)s::INTEGER
2026-09-15 16:41:20,225 INFO sqlalchemy.engine.Engine [cached since 1.293s ago] {'component_id_1': UUID('90644606-f673-48ab-8ee2-88e48bc62769'), 'param_1': 1}
2026-09-15 16:41:20,230 INFO sqlalchemy.engine.Engine SELECT predictions.asset_id AS predictions_asset_id, predictions.component_id AS predictions_component_id, predictions.predicted_at AS predictions_predicted_at, predictions.prediction_horizon_days AS predictions_prediction_horizon_days, predictions.risk_score AS predictions_risk_score, predictions.risk_category AS predictions_risk_category, predictions.risk_factors AS predictions_risk_factors, predictions.feature_values AS predictions_feature_values, predictions.uncertainty AS predictions_uncertainty, predictions.data_sufficiency AS predictions_data_sufficiency, predictions.model_version AS predictions_model_version, predictions.layer_scores AS predictions_layer_scores, predictions.pipeline_run_id AS predictions_pipeline_run_id, predictions.id AS predictions_id, predictions.created_at AS predictions_created_at, predictions.updated_at AS predictions_updated_at 
FROM predictions 
WHERE predictions.component_id = %(component_id_1)s::UUID ORDER BY predictions.predicted_at DESC 
 LIMIT %(param_1)s::INTEGER
2026-09-15 16:41:20,230 INFO sqlalchemy.engine.Engine [cached since 1.298s ago] {'component_id_1': UUID('fbae7f20-3475-4fdd-887d-8e3f58fa1384'), 'param_1': 1}
2026-09-15 16:41:20,235 INFO sqlalchemy.engine.Engine SELECT predictions.asset_id AS predictions_asset_id, predictions.component_id AS predictions_component_id, predictions.predicted_at AS predictions_predicted_at, predictions.prediction_horizon_days AS predictions_prediction_horizon_days, predictions.risk_score AS predictions_risk_score, predictions.risk_category AS predictions_risk_category, predictions.risk_factors AS predictions_risk_factors, predictions.feature_values AS predictions_feature_values, predictions.uncertainty AS predictions_uncertainty, predictions.data_sufficiency AS predictions_data_sufficiency, predictions.model_version AS predictions_model_version, predictions.layer_scores AS predictions_layer_scores, predictions.pipeline_run_id AS predictions_pipeline_run_id, predictions.id AS predictions_id, predictions.created_at AS predictions_created_at, predictions.updated_at AS predictions_updated_at 
FROM predictions 
WHERE predictions.component_id = %(component_id_1)s::UUID ORDER BY predictions.predicted_at DESC 
 LIMIT %(param_1)s::INTEGER
2026-09-15 16:41:20,235 INFO sqlalchemy.engine.Engine [cached since 1.303s ago] {'component_id_1': UUID('b1f375b8-12e9-447c-8353-f2d8abef6350'), 'param_1': 1}
2026-09-15 16:41:20,240 INFO sqlalchemy.engine.Engine SELECT readiness_assessments.asset_id AS readiness_assessments_asset_id, readiness_assessments.assessed_at AS readiness_assessments_assessed_at, readiness_assessments.status AS readiness_assessments_status, readiness_assessments.overall_health_score AS readiness_assessments_overall_health_score, readiness_assessments.primary_evidence AS readiness_assessments_primary_evidence, readiness_assessments.component_summary AS readiness_assessments_component_summary, readiness_assessments.data_quality_score AS readiness_assessments_data_quality_score, readiness_assessments.prediction_horizon_days AS readiness_assessments_prediction_horizon_days, readiness_assessments.explanation AS readiness_assessments_explanation, readiness_assessments.llm_explanation AS readiness_assessments_llm_explanation, readiness_assessments.pipeline_run_id AS readiness_assessments_pipeline_run_id, readiness_assessments.id AS readiness_assessments_id, readiness_assessments.created_at AS readiness_assessments_created_at, readiness_assessments.updated_at AS readiness_assessments_updated_at 
FROM readiness_assessments 
WHERE readiness_assessments.asset_id = %(asset_id_1)s::UUID ORDER BY readiness_assessments.assessed_at DESC 
 LIMIT %(param_1)s::INTEGER
2026-09-15 16:41:20,241 INFO sqlalchemy.engine.Engine [cached since 1.19s ago] {'asset_id_1': UUID('ca615487-5564-4c47-8861-3c9e3f8fd467'), 'param_1': 1}
2026-09-15 16:41:20,250 INFO sqlalchemy.engine.Engine SELECT components.asset_id AS components_asset_id, components.component_id AS components_component_id, components.name AS components_name, components.component_type AS components_component_type, components.criticality AS components_criticality, components.manufacturer AS components_manufacturer, components.model_number AS components_model_number, components.install_date AS components_install_date, components.design_life_hours AS components_design_life_hours, components.design_life_cycles AS components_design_life_cycles, components.current_operating_hours AS components_current_operating_hours, components.current_cycles AS components_current_cycles, components.is_active AS components_is_active, components.metadata AS components_metadata, components.id AS components_id, components.created_at AS components_created_at, components.updated_at AS components_updated_at 
FROM components 
WHERE components.asset_id = %(asset_id_1)s::UUID AND components.is_active = true
2026-09-15 16:41:20,251 INFO sqlalchemy.engine.Engine [cached since 1.345s ago] {'asset_id_1': UUID('c0c16b61-e1b9-4634-8538-131f40fa9dee')}
2026-09-15 16:41:20,254 INFO sqlalchemy.engine.Engine SELECT predictions.asset_id AS predictions_asset_id, predictions.component_id AS predictions_component_id, predictions.predicted_at AS predictions_predicted_at, predictions.prediction_horizon_days AS predictions_prediction_horizon_days, predictions.risk_score AS predictions_risk_score, predictions.risk_category AS predictions_risk_category, predictions.risk_factors AS predictions_risk_factors, predictions.feature_values AS predictions_feature_values, predictions.uncertainty AS predictions_uncertainty, predictions.data_sufficiency AS predictions_data_sufficiency, predictions.model_version AS predictions_model_version, predictions.layer_scores AS predictions_layer_scores, predictions.pipeline_run_id AS predictions_pipeline_run_id, predictions.id AS predictions_id, predictions.created_at AS predictions_created_at, predictions.updated_at AS predictions_updated_at 
FROM predictions 
WHERE predictions.component_id = %(component_id_1)s::UUID ORDER BY predictions.predicted_at DESC 
 LIMIT %(param_1)s::INTEGER
2026-09-15 16:41:20,255 INFO sqlalchemy.engine.Engine [cached since 1.323s ago] {'component_id_1': UUID('1817589e-1a4c-4b63-a305-49bcffb7ae24'), 'param_1': 1}
2026-09-15 16:41:20,260 INFO sqlalchemy.engine.Engine SELECT predictions.asset_id AS predictions_asset_id, predictions.component_id AS predictions_component_id, predictions.predicted_at AS predictions_predicted_at, predictions.prediction_horizon_days AS predictions_prediction_horizon_days, predictions.risk_score AS predictions_risk_score, predictions.risk_category AS predictions_risk_category, predictions.risk_factors AS predictions_risk_factors, predictions.feature_values AS predictions_feature_values, predictions.uncertainty AS predictions_uncertainty, predictions.data_sufficiency AS predictions_data_sufficiency, predictions.model_version AS predictions_model_version, predictions.layer_scores AS predictions_layer_scores, predictions.pipeline_run_id AS predictions_pipeline_run_id, predictions.id AS predictions_id, predictions.created_at AS predictions_created_at, predictions.updated_at AS predictions_updated_at 
FROM predictions 
WHERE predictions.component_id = %(component_id_1)s::UUID ORDER BY predictions.predicted_at DESC 
 LIMIT %(param_1)s::INTEGER
2026-09-15 16:41:20,260 INFO sqlalchemy.engine.Engine [cached since 1.328s ago] {'component_id_1': UUID('6a28ea5b-6ecd-4682-8ad7-fc6ad8a57a69'), 'param_1': 1}
2026-09-15 16:41:20,264 INFO sqlalchemy.engine.Engine SELECT predictions.asset_id AS predictions_asset_id, predictions.component_id AS predictions_component_id, predictions.predicted_at AS predictions_predicted_at, predictions.prediction_horizon_days AS predictions_prediction_horizon_days, predictions.risk_score AS predictions_risk_score, predictions.risk_category AS predictions_risk_category, predictions.risk_factors AS predictions_risk_factors, predictions.feature_values AS predictions_feature_values, predictions.uncertainty AS predictions_uncertainty, predictions.data_sufficiency AS predictions_data_sufficiency, predictions.model_version AS predictions_model_version, predictions.layer_scores AS predictions_layer_scores, predictions.pipeline_run_id AS predictions_pipeline_run_id, predictions.id AS predictions_id, predictions.created_at AS predictions_created_at, predictions.updated_at AS predictions_updated_at 
FROM predictions 
WHERE predictions.component_id = %(component_id_1)s::UUID ORDER BY predictions.predicted_at DESC 
 LIMIT %(param_1)s::INTEGER
2026-09-15 16:41:20,265 INFO sqlalchemy.engine.Engine [cached since 1.333s ago] {'component_id_1': UUID('914153e4-6364-4f7e-820c-b51a54567541'), 'param_1': 1}
2026-09-15 16:41:20,269 INFO sqlalchemy.engine.Engine SELECT predictions.asset_id AS predictions_asset_id, predictions.component_id AS predictions_component_id, predictions.predicted_at AS predictions_predicted_at, predictions.prediction_horizon_days AS predictions_prediction_horizon_days, predictions.risk_score AS predictions_risk_score, predictions.risk_category AS predictions_risk_category, predictions.risk_factors AS predictions_risk_factors, predictions.feature_values AS predictions_feature_values, predictions.uncertainty AS predictions_uncertainty, predictions.data_sufficiency AS predictions_data_sufficiency, predictions.model_version AS predictions_model_version, predictions.layer_scores AS predictions_layer_scores, predictions.pipeline_run_id AS predictions_pipeline_run_id, predictions.id AS predictions_id, predictions.created_at AS predictions_created_at, predictions.updated_at AS predictions_updated_at 
FROM predictions 
WHERE predictions.component_id = %(component_id_1)s::UUID ORDER BY predictions.predicted_at DESC 
 LIMIT %(param_1)s::INTEGER
2026-09-15 16:41:20,270 INFO sqlalchemy.engine.Engine [cached since 1.337s ago] {'component_id_1': UUID('c7236fb5-36ef-472b-8552-d653dd193a2c'), 'param_1': 1}
2026-09-15 16:41:20,274 INFO sqlalchemy.engine.Engine SELECT predictions.asset_id AS predictions_asset_id, predictions.component_id AS predictions_component_id, predictions.predicted_at AS predictions_predicted_at, predictions.prediction_horizon_days AS predictions_prediction_horizon_days, predictions.risk_score AS predictions_risk_score, predictions.risk_category AS predictions_risk_category, predictions.risk_factors AS predictions_risk_factors, predictions.feature_values AS predictions_feature_values, predictions.uncertainty AS predictions_uncertainty, predictions.data_sufficiency AS predictions_data_sufficiency, predictions.model_version AS predictions_model_version, predictions.layer_scores AS predictions_layer_scores, predictions.pipeline_run_id AS predictions_pipeline_run_id, predictions.id AS predictions_id, predictions.created_at AS predictions_created_at, predictions.updated_at AS predictions_updated_at 
FROM predictions 
WHERE predictions.component_id = %(component_id_1)s::UUID ORDER BY predictions.predicted_at DESC 
 LIMIT %(param_1)s::INTEGER
2026-09-15 16:41:20,274 INFO sqlalchemy.engine.Engine [cached since 1.342s ago] {'component_id_1': UUID('3b45db0d-63b3-4084-b4b7-93bf65879a67'), 'param_1': 1}
2026-09-15 16:41:20,278 INFO sqlalchemy.engine.Engine SELECT readiness_assessments.asset_id AS readiness_assessments_asset_id, readiness_assessments.assessed_at AS readiness_assessments_assessed_at, readiness_assessments.status AS readiness_assessments_status, readiness_assessments.overall_health_score AS readiness_assessments_overall_health_score, readiness_assessments.primary_evidence AS readiness_assessments_primary_evidence, readiness_assessments.component_summary AS readiness_assessments_component_summary, readiness_assessments.data_quality_score AS readiness_assessments_data_quality_score, readiness_assessments.prediction_horizon_days AS readiness_assessments_prediction_horizon_days, readiness_assessments.explanation AS readiness_assessments_explanation, readiness_assessments.llm_explanation AS readiness_assessments_llm_explanation, readiness_assessments.pipeline_run_id AS readiness_assessments_pipeline_run_id, readiness_assessments.id AS readiness_assessments_id, readiness_assessments.created_at AS readiness_assessments_created_at, readiness_assessments.updated_at AS readiness_assessments_updated_at 
FROM readiness_assessments 
WHERE readiness_assessments.asset_id = %(asset_id_1)s::UUID ORDER BY readiness_assessments.assessed_at DESC 
 LIMIT %(param_1)s::INTEGER
2026-09-15 16:41:20,278 INFO sqlalchemy.engine.Engine [cached since 1.228s ago] {'asset_id_1': UUID('c0c16b61-e1b9-4634-8538-131f40fa9dee'), 'param_1': 1}
2026-09-15 16:41:20,282 INFO sqlalchemy.engine.Engine SELECT components.asset_id AS components_asset_id, components.component_id AS components_component_id, components.name AS components_name, components.component_type AS components_component_type, components.criticality AS components_criticality, components.manufacturer AS components_manufacturer, components.model_number AS components_model_number, components.install_date AS components_install_date, components.design_life_hours AS components_design_life_hours, components.design_life_cycles AS components_design_life_cycles, components.current_operating_hours AS components_current_operating_hours, components.current_cycles AS components_current_cycles, components.is_active AS components_is_active, components.metadata AS components_metadata, components.id AS components_id, components.created_at AS components_created_at, components.updated_at AS components_updated_at 
FROM components 
WHERE components.asset_id = %(asset_id_1)s::UUID AND components.is_active = true
2026-09-15 16:41:20,282 INFO sqlalchemy.engine.Engine [cached since 1.377s ago] {'asset_id_1': UUID('de534921-3579-40b9-bb36-77cb7240c5af')}
2026-09-15 16:41:20,285 INFO sqlalchemy.engine.Engine SELECT predictions.asset_id AS predictions_asset_id, predictions.component_id AS predictions_component_id, predictions.predicted_at AS predictions_predicted_at, predictions.prediction_horizon_days AS predictions_prediction_horizon_days, predictions.risk_score AS predictions_risk_score, predictions.risk_category AS predictions_risk_category, predictions.risk_factors AS predictions_risk_factors, predictions.feature_values AS predictions_feature_values, predictions.uncertainty AS predictions_uncertainty, predictions.data_sufficiency AS predictions_data_sufficiency, predictions.model_version AS predictions_model_version, predictions.layer_scores AS predictions_layer_scores, predictions.pipeline_run_id AS predictions_pipeline_run_id, predictions.id AS predictions_id, predictions.created_at AS predictions_created_at, predictions.updated_at AS predictions_updated_at 
FROM predictions 
WHERE predictions.component_id = %(component_id_1)s::UUID ORDER BY predictions.predicted_at DESC 
 LIMIT %(param_1)s::INTEGER
2026-09-15 16:41:20,285 INFO sqlalchemy.engine.Engine [cached since 1.353s ago] {'component_id_1': UUID('dac95a7e-9db9-450c-a775-7adf6d57bf0c'), 'param_1': 1}
2026-09-15 16:41:20,288 INFO sqlalchemy.engine.Engine SELECT predictions.asset_id AS predictions_asset_id, predictions.component_id AS predictions_component_id, predictions.predicted_at AS predictions_predicted_at, predictions.prediction_horizon_days AS predictions_prediction_horizon_days, predictions.risk_score AS predictions_risk_score, predictions.risk_category AS predictions_risk_category, predictions.risk_factors AS predictions_risk_factors, predictions.feature_values AS predictions_feature_values, predictions.uncertainty AS predictions_uncertainty, predictions.data_sufficiency AS predictions_data_sufficiency, predictions.model_version AS predictions_model_version, predictions.layer_scores AS predictions_layer_scores, predictions.pipeline_run_id AS predictions_pipeline_run_id, predictions.id AS predictions_id, predictions.created_at AS predictions_created_at, predictions.updated_at AS predictions_updated_at 
FROM predictions 
WHERE predictions.component_id = %(component_id_1)s::UUID ORDER BY predictions.predicted_at DESC 
 LIMIT %(param_1)s::INTEGER
2026-09-15 16:41:20,288 INFO sqlalchemy.engine.Engine [cached since 1.356s ago] {'component_id_1': UUID('53d1d020-2144-4621-bd48-da9454250021'), 'param_1': 1}
2026-09-15 16:41:20,293 INFO sqlalchemy.engine.Engine SELECT predictions.asset_id AS predictions_asset_id, predictions.component_id AS predictions_component_id, predictions.predicted_at AS predictions_predicted_at, predictions.prediction_horizon_days AS predictions_prediction_horizon_days, predictions.risk_score AS predictions_risk_score, predictions.risk_category AS predictions_risk_category, predictions.risk_factors AS predictions_risk_factors, predictions.feature_values AS predictions_feature_values, predictions.uncertainty AS predictions_uncertainty, predictions.data_sufficiency AS predictions_data_sufficiency, predictions.model_version AS predictions_model_version, predictions.layer_scores AS predictions_layer_scores, predictions.pipeline_run_id AS predictions_pipeline_run_id, predictions.id AS predictions_id, predictions.created_at AS predictions_created_at, predictions.updated_at AS predictions_updated_at 
FROM predictions 
WHERE predictions.component_id = %(component_id_1)s::UUID ORDER BY predictions.predicted_at DESC 
 LIMIT %(param_1)s::INTEGER
2026-09-15 16:41:20,294 INFO sqlalchemy.engine.Engine [cached since 1.362s ago] {'component_id_1': UUID('3b21f6d8-9b42-4b9e-a3b9-4670576fe944'), 'param_1': 1}
2026-09-15 16:41:20,296 INFO sqlalchemy.engine.Engine SELECT predictions.asset_id AS predictions_asset_id, predictions.component_id AS predictions_component_id, predictions.predicted_at AS predictions_predicted_at, predictions.prediction_horizon_days AS predictions_prediction_horizon_days, predictions.risk_score AS predictions_risk_score, predictions.risk_category AS predictions_risk_category, predictions.risk_factors AS predictions_risk_factors, predictions.feature_values AS predictions_feature_values, predictions.uncertainty AS predictions_uncertainty, predictions.data_sufficiency AS predictions_data_sufficiency, predictions.model_version AS predictions_model_version, predictions.layer_scores AS predictions_layer_scores, predictions.pipeline_run_id AS predictions_pipeline_run_id, predictions.id AS predictions_id, predictions.created_at AS predictions_created_at, predictions.updated_at AS predictions_updated_at 
FROM predictions 
WHERE predictions.component_id = %(component_id_1)s::UUID ORDER BY predictions.predicted_at DESC 
 LIMIT %(param_1)s::INTEGER
2026-09-15 16:41:20,297 INFO sqlalchemy.engine.Engine [cached since 1.365s ago] {'component_id_1': UUID('d946f2ac-69af-44a9-a428-550d8fefb1ac'), 'param_1': 1}
2026-09-15 16:41:20,300 INFO sqlalchemy.engine.Engine SELECT predictions.asset_id AS predictions_asset_id, predictions.component_id AS predictions_component_id, predictions.predicted_at AS predictions_predicted_at, predictions.prediction_horizon_days AS predictions_prediction_horizon_days, predictions.risk_score AS predictions_risk_score, predictions.risk_category AS predictions_risk_category, predictions.risk_factors AS predictions_risk_factors, predictions.feature_values AS predictions_feature_values, predictions.uncertainty AS predictions_uncertainty, predictions.data_sufficiency AS predictions_data_sufficiency, predictions.model_version AS predictions_model_version, predictions.layer_scores AS predictions_layer_scores, predictions.pipeline_run_id AS predictions_pipeline_run_id, predictions.id AS predictions_id, predictions.created_at AS predictions_created_at, predictions.updated_at AS predictions_updated_at 
FROM predictions 
WHERE predictions.component_id = %(component_id_1)s::UUID ORDER BY predictions.predicted_at DESC 
 LIMIT %(param_1)s::INTEGER
2026-09-15 16:41:20,300 INFO sqlalchemy.engine.Engine [cached since 1.368s ago] {'component_id_1': UUID('b110df44-970a-4913-ba42-edc45e324cb2'), 'param_1': 1}
2026-09-15 16:41:20,304 INFO sqlalchemy.engine.Engine SELECT predictions.asset_id AS predictions_asset_id, predictions.component_id AS predictions_component_id, predictions.predicted_at AS predictions_predicted_at, predictions.prediction_horizon_days AS predictions_prediction_horizon_days, predictions.risk_score AS predictions_risk_score, predictions.risk_category AS predictions_risk_category, predictions.risk_factors AS predictions_risk_factors, predictions.feature_values AS predictions_feature_values, predictions.uncertainty AS predictions_uncertainty, predictions.data_sufficiency AS predictions_data_sufficiency, predictions.model_version AS predictions_model_version, predictions.layer_scores AS predictions_layer_scores, predictions.pipeline_run_id AS predictions_pipeline_run_id, predictions.id AS predictions_id, predictions.created_at AS predictions_created_at, predictions.updated_at AS predictions_updated_at 
FROM predictions 
WHERE predictions.component_id = %(component_id_1)s::UUID ORDER BY predictions.predicted_at DESC 
 LIMIT %(param_1)s::INTEGER
2026-09-15 16:41:20,304 INFO sqlalchemy.engine.Engine [cached since 1.372s ago] {'component_id_1': UUID('9cad2479-e741-47f7-be25-5311ca852f80'), 'param_1': 1}
2026-09-15 16:41:20,308 INFO sqlalchemy.engine.Engine SELECT readiness_assessments.asset_id AS readiness_assessments_asset_id, readiness_assessments.assessed_at AS readiness_assessments_assessed_at, readiness_assessments.status AS readiness_assessments_status, readiness_assessments.overall_health_score AS readiness_assessments_overall_health_score, readiness_assessments.primary_evidence AS readiness_assessments_primary_evidence, readiness_assessments.component_summary AS readiness_assessments_component_summary, readiness_assessments.data_quality_score AS readiness_assessments_data_quality_score, readiness_assessments.prediction_horizon_days AS readiness_assessments_prediction_horizon_days, readiness_assessments.explanation AS readiness_assessments_explanation, readiness_assessments.llm_explanation AS readiness_assessments_llm_explanation, readiness_assessments.pipeline_run_id AS readiness_assessments_pipeline_run_id, readiness_assessments.id AS readiness_assessments_id, readiness_assessments.created_at AS readiness_assessments_created_at, readiness_assessments.updated_at AS readiness_assessments_updated_at 
FROM readiness_assessments 
WHERE readiness_assessments.asset_id = %(asset_id_1)s::UUID ORDER BY readiness_assessments.assessed_at DESC 
 LIMIT %(param_1)s::INTEGER
2026-09-15 16:41:20,309 INFO sqlalchemy.engine.Engine [cached since 1.259s ago] {'asset_id_1': UUID('de534921-3579-40b9-bb36-77cb7240c5af'), 'param_1': 1}
2026-09-15 16:41:20,313 INFO sqlalchemy.engine.Engine SELECT components.asset_id AS components_asset_id, components.component_id AS components_component_id, components.name AS components_name, components.component_type AS components_component_type, components.criticality AS components_criticality, components.manufacturer AS components_manufacturer, components.model_number AS components_model_number, components.install_date AS components_install_date, components.design_life_hours AS components_design_life_hours, components.design_life_cycles AS components_design_life_cycles, components.current_operating_hours AS components_current_operating_hours, components.current_cycles AS components_current_cycles, components.is_active AS components_is_active, components.metadata AS components_metadata, components.id AS components_id, components.created_at AS components_created_at, components.updated_at AS components_updated_at 
FROM components 
WHERE components.asset_id = %(asset_id_1)s::UUID AND components.is_active = true
2026-09-15 16:41:20,313 INFO sqlalchemy.engine.Engine [cached since 1.408s ago] {'asset_id_1': UUID('f9617d8b-e30a-4130-8acd-85e4b803d309')}
2026-09-15 16:41:20,317 INFO sqlalchemy.engine.Engine SELECT predictions.asset_id AS predictions_asset_id, predictions.component_id AS predictions_component_id, predictions.predicted_at AS predictions_predicted_at, predictions.prediction_horizon_days AS predictions_prediction_horizon_days, predictions.risk_score AS predictions_risk_score, predictions.risk_category AS predictions_risk_category, predictions.risk_factors AS predictions_risk_factors, predictions.feature_values AS predictions_feature_values, predictions.uncertainty AS predictions_uncertainty, predictions.data_sufficiency AS predictions_data_sufficiency, predictions.model_version AS predictions_model_version, predictions.layer_scores AS predictions_layer_scores, predictions.pipeline_run_id AS predictions_pipeline_run_id, predictions.id AS predictions_id, predictions.created_at AS predictions_created_at, predictions.updated_at AS predictions_updated_at 
FROM predictions 
WHERE predictions.component_id = %(component_id_1)s::UUID ORDER BY predictions.predicted_at DESC 
 LIMIT %(param_1)s::INTEGER
2026-09-15 16:41:20,317 INFO sqlalchemy.engine.Engine [cached since 1.385s ago] {'component_id_1': UUID('6ab995c1-5686-438c-b040-3341244b3d8a'), 'param_1': 1}
2026-09-15 16:41:20,322 INFO sqlalchemy.engine.Engine SELECT predictions.asset_id AS predictions_asset_id, predictions.component_id AS predictions_component_id, predictions.predicted_at AS predictions_predicted_at, predictions.prediction_horizon_days AS predictions_prediction_horizon_days, predictions.risk_score AS predictions_risk_score, predictions.risk_category AS predictions_risk_category, predictions.risk_factors AS predictions_risk_factors, predictions.feature_values AS predictions_feature_values, predictions.uncertainty AS predictions_uncertainty, predictions.data_sufficiency AS predictions_data_sufficiency, predictions.model_version AS predictions_model_version, predictions.layer_scores AS predictions_layer_scores, predictions.pipeline_run_id AS predictions_pipeline_run_id, predictions.id AS predictions_id, predictions.created_at AS predictions_created_at, predictions.updated_at AS predictions_updated_at 
FROM predictions 
WHERE predictions.component_id = %(component_id_1)s::UUID ORDER BY predictions.predicted_at DESC 
 LIMIT %(param_1)s::INTEGER
2026-09-15 16:41:20,322 INFO sqlalchemy.engine.Engine [cached since 1.39s ago] {'component_id_1': UUID('006e1ae5-c02a-4cae-93e7-904f0e4dbe18'), 'param_1': 1}
2026-09-15 16:41:20,326 INFO sqlalchemy.engine.Engine SELECT predictions.asset_id AS predictions_asset_id, predictions.component_id AS predictions_component_id, predictions.predicted_at AS predictions_predicted_at, predictions.prediction_horizon_days AS predictions_prediction_horizon_days, predictions.risk_score AS predictions_risk_score, predictions.risk_category AS predictions_risk_category, predictions.risk_factors AS predictions_risk_factors, predictions.feature_values AS predictions_feature_values, predictions.uncertainty AS predictions_uncertainty, predictions.data_sufficiency AS predictions_data_sufficiency, predictions.model_version AS predictions_model_version, predictions.layer_scores AS predictions_layer_scores, predictions.pipeline_run_id AS predictions_pipeline_run_id, predictions.id AS predictions_id, predictions.created_at AS predictions_created_at, predictions.updated_at AS predictions_updated_at 
FROM predictions 
WHERE predictions.component_id = %(component_id_1)s::UUID ORDER BY predictions.predicted_at DESC 
 LIMIT %(param_1)s::INTEGER
2026-09-15 16:41:20,327 INFO sqlalchemy.engine.Engine [cached since 1.395s ago] {'component_id_1': UUID('649bc37d-a7b4-4855-9c9a-830c55712144'), 'param_1': 1}
2026-09-15 16:41:20,331 INFO sqlalchemy.engine.Engine SELECT predictions.asset_id AS predictions_asset_id, predictions.component_id AS predictions_component_id, predictions.predicted_at AS predictions_predicted_at, predictions.prediction_horizon_days AS predictions_prediction_horizon_days, predictions.risk_score AS predictions_risk_score, predictions.risk_category AS predictions_risk_category, predictions.risk_factors AS predictions_risk_factors, predictions.feature_values AS predictions_feature_values, predictions.uncertainty AS predictions_uncertainty, predictions.data_sufficiency AS predictions_data_sufficiency, predictions.model_version AS predictions_model_version, predictions.layer_scores AS predictions_layer_scores, predictions.pipeline_run_id AS predictions_pipeline_run_id, predictions.id AS predictions_id, predictions.created_at AS predictions_created_at, predictions.updated_at AS predictions_updated_at 
FROM predictions 
WHERE predictions.component_id = %(component_id_1)s::UUID ORDER BY predictions.predicted_at DESC 
 LIMIT %(param_1)s::INTEGER
2026-09-15 16:41:20,332 INFO sqlalchemy.engine.Engine [cached since 1.4s ago] {'component_id_1': UUID('3a0ba892-bfad-4f39-8f6c-8067ce0de8c2'), 'param_1': 1}
2026-09-15 16:41:20,336 INFO sqlalchemy.engine.Engine SELECT readiness_assessments.asset_id AS readiness_assessments_asset_id, readiness_assessments.assessed_at AS readiness_assessments_assessed_at, readiness_assessments.status AS readiness_assessments_status, readiness_assessments.overall_health_score AS readiness_assessments_overall_health_score, readiness_assessments.primary_evidence AS readiness_assessments_primary_evidence, readiness_assessments.component_summary AS readiness_assessments_component_summary, readiness_assessments.data_quality_score AS readiness_assessments_data_quality_score, readiness_assessments.prediction_horizon_days AS readiness_assessments_prediction_horizon_days, readiness_assessments.explanation AS readiness_assessments_explanation, readiness_assessments.llm_explanation AS readiness_assessments_llm_explanation, readiness_assessments.pipeline_run_id AS readiness_assessments_pipeline_run_id, readiness_assessments.id AS readiness_assessments_id, readiness_assessments.created_at AS readiness_assessments_created_at, readiness_assessments.updated_at AS readiness_assessments_updated_at 
FROM readiness_assessments 
WHERE readiness_assessments.asset_id = %(asset_id_1)s::UUID ORDER BY readiness_assessments.assessed_at DESC 
 LIMIT %(param_1)s::INTEGER
2026-09-15 16:41:20,336 INFO sqlalchemy.engine.Engine [cached since 1.286s ago] {'asset_id_1': UUID('f9617d8b-e30a-4130-8acd-85e4b803d309'), 'param_1': 1}
2026-09-15 16:41:20,341 INFO sqlalchemy.engine.Engine SELECT components.asset_id AS components_asset_id, components.component_id AS components_component_id, components.name AS components_name, components.component_type AS components_component_type, components.criticality AS components_criticality, components.manufacturer AS components_manufacturer, components.model_number AS components_model_number, components.install_date AS components_install_date, components.design_life_hours AS components_design_life_hours, components.design_life_cycles AS components_design_life_cycles, components.current_operating_hours AS components_current_operating_hours, components.current_cycles AS components_current_cycles, components.is_active AS components_is_active, components.metadata AS components_metadata, components.id AS components_id, components.created_at AS components_created_at, components.updated_at AS components_updated_at 
FROM components 
WHERE components.asset_id = %(asset_id_1)s::UUID AND components.is_active = true
2026-09-15 16:41:20,341 INFO sqlalchemy.engine.Engine [cached since 1.436s ago] {'asset_id_1': UUID('b2f43ddf-155a-40cf-bacb-fdf86e86ab53')}
2026-09-15 16:41:20,345 INFO sqlalchemy.engine.Engine SELECT predictions.asset_id AS predictions_asset_id, predictions.component_id AS predictions_component_id, predictions.predicted_at AS predictions_predicted_at, predictions.prediction_horizon_days AS predictions_prediction_horizon_days, predictions.risk_score AS predictions_risk_score, predictions.risk_category AS predictions_risk_category, predictions.risk_factors AS predictions_risk_factors, predictions.feature_values AS predictions_feature_values, predictions.uncertainty AS predictions_uncertainty, predictions.data_sufficiency AS predictions_data_sufficiency, predictions.model_version AS predictions_model_version, predictions.layer_scores AS predictions_layer_scores, predictions.pipeline_run_id AS predictions_pipeline_run_id, predictions.id AS predictions_id, predictions.created_at AS predictions_created_at, predictions.updated_at AS predictions_updated_at 
FROM predictions 
WHERE predictions.component_id = %(component_id_1)s::UUID ORDER BY predictions.predicted_at DESC 
 LIMIT %(param_1)s::INTEGER
2026-09-15 16:41:20,345 INFO sqlalchemy.engine.Engine [cached since 1.413s ago] {'component_id_1': UUID('b3d670dc-8f16-4ba6-853a-84f18a6478f2'), 'param_1': 1}
2026-09-15 16:41:20,350 INFO sqlalchemy.engine.Engine SELECT predictions.asset_id AS predictions_asset_id, predictions.component_id AS predictions_component_id, predictions.predicted_at AS predictions_predicted_at, predictions.prediction_horizon_days AS predictions_prediction_horizon_days, predictions.risk_score AS predictions_risk_score, predictions.risk_category AS predictions_risk_category, predictions.risk_factors AS predictions_risk_factors, predictions.feature_values AS predictions_feature_values, predictions.uncertainty AS predictions_uncertainty, predictions.data_sufficiency AS predictions_data_sufficiency, predictions.model_version AS predictions_model_version, predictions.layer_scores AS predictions_layer_scores, predictions.pipeline_run_id AS predictions_pipeline_run_id, predictions.id AS predictions_id, predictions.created_at AS predictions_created_at, predictions.updated_at AS predictions_updated_at 
FROM predictions 
WHERE predictions.component_id = %(component_id_1)s::UUID ORDER BY predictions.predicted_at DESC 
 LIMIT %(param_1)s::INTEGER
2026-09-15 16:41:20,350 INFO sqlalchemy.engine.Engine [cached since 1.418s ago] {'component_id_1': UUID('0e417bea-9afd-4b94-84d7-231cc495938d'), 'param_1': 1}
2026-09-15 16:41:20,355 INFO sqlalchemy.engine.Engine SELECT predictions.asset_id AS predictions_asset_id, predictions.component_id AS predictions_component_id, predictions.predicted_at AS predictions_predicted_at, predictions.prediction_horizon_days AS predictions_prediction_horizon_days, predictions.risk_score AS predictions_risk_score, predictions.risk_category AS predictions_risk_category, predictions.risk_factors AS predictions_risk_factors, predictions.feature_values AS predictions_feature_values, predictions.uncertainty AS predictions_uncertainty, predictions.data_sufficiency AS predictions_data_sufficiency, predictions.model_version AS predictions_model_version, predictions.layer_scores AS predictions_layer_scores, predictions.pipeline_run_id AS predictions_pipeline_run_id, predictions.id AS predictions_id, predictions.created_at AS predictions_created_at, predictions.updated_at AS predictions_updated_at 
FROM predictions 
WHERE predictions.component_id = %(component_id_1)s::UUID ORDER BY predictions.predicted_at DESC 
 LIMIT %(param_1)s::INTEGER
2026-09-15 16:41:20,355 INFO sqlalchemy.engine.Engine [cached since 1.423s ago] {'component_id_1': UUID('f5969203-019a-4731-9020-f9adbbebe9c4'), 'param_1': 1}
2026-09-15 16:41:20,359 INFO sqlalchemy.engine.Engine SELECT predictions.asset_id AS predictions_asset_id, predictions.component_id AS predictions_component_id, predictions.predicted_at AS predictions_predicted_at, predictions.prediction_horizon_days AS predictions_prediction_horizon_days, predictions.risk_score AS predictions_risk_score, predictions.risk_category AS predictions_risk_category, predictions.risk_factors AS predictions_risk_factors, predictions.feature_values AS predictions_feature_values, predictions.uncertainty AS predictions_uncertainty, predictions.data_sufficiency AS predictions_data_sufficiency, predictions.model_version AS predictions_model_version, predictions.layer_scores AS predictions_layer_scores, predictions.pipeline_run_id AS predictions_pipeline_run_id, predictions.id AS predictions_id, predictions.created_at AS predictions_created_at, predictions.updated_at AS predictions_updated_at 
FROM predictions 
WHERE predictions.component_id = %(component_id_1)s::UUID ORDER BY predictions.predicted_at DESC 
 LIMIT %(param_1)s::INTEGER
2026-09-15 16:41:20,360 INFO sqlalchemy.engine.Engine [cached since 1.428s ago] {'component_id_1': UUID('e7848fa1-e261-4b7e-ba10-e6ce6007eb3c'), 'param_1': 1}
2026-09-15 16:41:20,364 INFO sqlalchemy.engine.Engine SELECT predictions.asset_id AS predictions_asset_id, predictions.component_id AS predictions_component_id, predictions.predicted_at AS predictions_predicted_at, predictions.prediction_horizon_days AS predictions_prediction_horizon_days, predictions.risk_score AS predictions_risk_score, predictions.risk_category AS predictions_risk_category, predictions.risk_factors AS predictions_risk_factors, predictions.feature_values AS predictions_feature_values, predictions.uncertainty AS predictions_uncertainty, predictions.data_sufficiency AS predictions_data_sufficiency, predictions.model_version AS predictions_model_version, predictions.layer_scores AS predictions_layer_scores, predictions.pipeline_run_id AS predictions_pipeline_run_id, predictions.id AS predictions_id, predictions.created_at AS predictions_created_at, predictions.updated_at AS predictions_updated_at 
FROM predictions 
WHERE predictions.component_id = %(component_id_1)s::UUID ORDER BY predictions.predicted_at DESC 
 LIMIT %(param_1)s::INTEGER
2026-09-15 16:41:20,365 INFO sqlalchemy.engine.Engine [cached since 1.433s ago] {'component_id_1': UUID('2ab5b13b-55da-43ea-9723-61551a73f0e2'), 'param_1': 1}
2026-09-15 16:41:20,369 INFO sqlalchemy.engine.Engine SELECT predictions.asset_id AS predictions_asset_id, predictions.component_id AS predictions_component_id, predictions.predicted_at AS predictions_predicted_at, predictions.prediction_horizon_days AS predictions_prediction_horizon_days, predictions.risk_score AS predictions_risk_score, predictions.risk_category AS predictions_risk_category, predictions.risk_factors AS predictions_risk_factors, predictions.feature_values AS predictions_feature_values, predictions.uncertainty AS predictions_uncertainty, predictions.data_sufficiency AS predictions_data_sufficiency, predictions.model_version AS predictions_model_version, predictions.layer_scores AS predictions_layer_scores, predictions.pipeline_run_id AS predictions_pipeline_run_id, predictions.id AS predictions_id, predictions.created_at AS predictions_created_at, predictions.updated_at AS predictions_updated_at 
FROM predictions 
WHERE predictions.component_id = %(component_id_1)s::UUID ORDER BY predictions.predicted_at DESC 
 LIMIT %(param_1)s::INTEGER
2026-09-15 16:41:20,369 INFO sqlalchemy.engine.Engine [cached since 1.437s ago] {'component_id_1': UUID('8630bfac-3af4-46bf-b84d-b00a01434134'), 'param_1': 1}
2026-09-15 16:41:20,373 INFO sqlalchemy.engine.Engine SELECT predictions.asset_id AS predictions_asset_id, predictions.component_id AS predictions_component_id, predictions.predicted_at AS predictions_predicted_at, predictions.prediction_horizon_days AS predictions_prediction_horizon_days, predictions.risk_score AS predictions_risk_score, predictions.risk_category AS predictions_risk_category, predictions.risk_factors AS predictions_risk_factors, predictions.feature_values AS predictions_feature_values, predictions.uncertainty AS predictions_uncertainty, predictions.data_sufficiency AS predictions_data_sufficiency, predictions.model_version AS predictions_model_version, predictions.layer_scores AS predictions_layer_scores, predictions.pipeline_run_id AS predictions_pipeline_run_id, predictions.id AS predictions_id, predictions.created_at AS predictions_created_at, predictions.updated_at AS predictions_updated_at 
FROM predictions 
WHERE predictions.component_id = %(component_id_1)s::UUID ORDER BY predictions.predicted_at DESC 
 LIMIT %(param_1)s::INTEGER
2026-09-15 16:41:20,374 INFO sqlalchemy.engine.Engine [cached since 1.442s ago] {'component_id_1': UUID('9e0a95cd-53f8-46c7-aa1c-81f261785f2b'), 'param_1': 1}
2026-09-15 16:41:20,378 INFO sqlalchemy.engine.Engine SELECT predictions.asset_id AS predictions_asset_id, predictions.component_id AS predictions_component_id, predictions.predicted_at AS predictions_predicted_at, predictions.prediction_horizon_days AS predictions_prediction_horizon_days, predictions.risk_score AS predictions_risk_score, predictions.risk_category AS predictions_risk_category, predictions.risk_factors AS predictions_risk_factors, predictions.feature_values AS predictions_feature_values, predictions.uncertainty AS predictions_uncertainty, predictions.data_sufficiency AS predictions_data_sufficiency, predictions.model_version AS predictions_model_version, predictions.layer_scores AS predictions_layer_scores, predictions.pipeline_run_id AS predictions_pipeline_run_id, predictions.id AS predictions_id, predictions.created_at AS predictions_created_at, predictions.updated_at AS predictions_updated_at 
FROM predictions 
WHERE predictions.component_id = %(component_id_1)s::UUID ORDER BY predictions.predicted_at DESC 
 LIMIT %(param_1)s::INTEGER
2026-09-15 16:41:20,378 INFO sqlalchemy.engine.Engine [cached since 1.446s ago] {'component_id_1': UUID('80620bc8-0918-4032-b8be-3a263ae6720b'), 'param_1': 1}
2026-09-15 16:41:20,383 INFO sqlalchemy.engine.Engine SELECT readiness_assessments.asset_id AS readiness_assessments_asset_id, readiness_assessments.assessed_at AS readiness_assessments_assessed_at, readiness_assessments.status AS readiness_assessments_status, readiness_assessments.overall_health_score AS readiness_assessments_overall_health_score, readiness_assessments.primary_evidence AS readiness_assessments_primary_evidence, readiness_assessments.component_summary AS readiness_assessments_component_summary, readiness_assessments.data_quality_score AS readiness_assessments_data_quality_score, readiness_assessments.prediction_horizon_days AS readiness_assessments_prediction_horizon_days, readiness_assessments.explanation AS readiness_assessments_explanation, readiness_assessments.llm_explanation AS readiness_assessments_llm_explanation, readiness_assessments.pipeline_run_id AS readiness_assessments_pipeline_run_id, readiness_assessments.id AS readiness_assessments_id, readiness_assessments.created_at AS readiness_assessments_created_at, readiness_assessments.updated_at AS readiness_assessments_updated_at 
FROM readiness_assessments 
WHERE readiness_assessments.asset_id = %(asset_id_1)s::UUID ORDER BY readiness_assessments.assessed_at DESC 
 LIMIT %(param_1)s::INTEGER
2026-09-15 16:41:20,383 INFO sqlalchemy.engine.Engine [cached since 1.333s ago] {'asset_id_1': UUID('b2f43ddf-155a-40cf-bacb-fdf86e86ab53'), 'param_1': 1}
2026-09-15 16:41:20,387 INFO sqlalchemy.engine.Engine SELECT components.asset_id AS components_asset_id, components.component_id AS components_component_id, components.name AS components_name, components.component_type AS components_component_type, components.criticality AS components_criticality, components.manufacturer AS components_manufacturer, components.model_number AS components_model_number, components.install_date AS components_install_date, components.design_life_hours AS components_design_life_hours, components.design_life_cycles AS components_design_life_cycles, components.current_operating_hours AS components_current_operating_hours, components.current_cycles AS components_current_cycles, components.is_active AS components_is_active, components.metadata AS components_metadata, components.id AS components_id, components.created_at AS components_created_at, components.updated_at AS components_updated_at 
FROM components 
WHERE components.asset_id = %(asset_id_1)s::UUID AND components.is_active = true
2026-09-15 16:41:20,387 INFO sqlalchemy.engine.Engine [cached since 1.482s ago] {'asset_id_1': UUID('fae2137c-ae16-4cdb-9498-f47e84f58e4f')}
2026-09-15 16:41:20,392 INFO sqlalchemy.engine.Engine SELECT predictions.asset_id AS predictions_asset_id, predictions.component_id AS predictions_component_id, predictions.predicted_at AS predictions_predicted_at, predictions.prediction_horizon_days AS predictions_prediction_horizon_days, predictions.risk_score AS predictions_risk_score, predictions.risk_category AS predictions_risk_category, predictions.risk_factors AS predictions_risk_factors, predictions.feature_values AS predictions_feature_values, predictions.uncertainty AS predictions_uncertainty, predictions.data_sufficiency AS predictions_data_sufficiency, predictions.model_version AS predictions_model_version, predictions.layer_scores AS predictions_layer_scores, predictions.pipeline_run_id AS predictions_pipeline_run_id, predictions.id AS predictions_id, predictions.created_at AS predictions_created_at, predictions.updated_at AS predictions_updated_at 
FROM predictions 
WHERE predictions.component_id = %(component_id_1)s::UUID ORDER BY predictions.predicted_at DESC 
 LIMIT %(param_1)s::INTEGER
2026-09-15 16:41:20,392 INFO sqlalchemy.engine.Engine [cached since 1.46s ago] {'component_id_1': UUID('6a0a6f51-b027-4b5f-973c-f671ea16ba3c'), 'param_1': 1}
2026-09-15 16:41:20,396 INFO sqlalchemy.engine.Engine SELECT predictions.asset_id AS predictions_asset_id, predictions.component_id AS predictions_component_id, predictions.predicted_at AS predictions_predicted_at, predictions.prediction_horizon_days AS predictions_prediction_horizon_days, predictions.risk_score AS predictions_risk_score, predictions.risk_category AS predictions_risk_category, predictions.risk_factors AS predictions_risk_factors, predictions.feature_values AS predictions_feature_values, predictions.uncertainty AS predictions_uncertainty, predictions.data_sufficiency AS predictions_data_sufficiency, predictions.model_version AS predictions_model_version, predictions.layer_scores AS predictions_layer_scores, predictions.pipeline_run_id AS predictions_pipeline_run_id, predictions.id AS predictions_id, predictions.created_at AS predictions_created_at, predictions.updated_at AS predictions_updated_at 
FROM predictions 
WHERE predictions.component_id = %(component_id_1)s::UUID ORDER BY predictions.predicted_at DESC 
 LIMIT %(param_1)s::INTEGER
2026-09-15 16:41:20,396 INFO sqlalchemy.engine.Engine [cached since 1.464s ago] {'component_id_1': UUID('b1309283-3539-4a87-8669-a2d25ba27abd'), 'param_1': 1}
2026-09-15 16:41:20,400 INFO sqlalchemy.engine.Engine SELECT predictions.asset_id AS predictions_asset_id, predictions.component_id AS predictions_component_id, predictions.predicted_at AS predictions_predicted_at, predictions.prediction_horizon_days AS predictions_prediction_horizon_days, predictions.risk_score AS predictions_risk_score, predictions.risk_category AS predictions_risk_category, predictions.risk_factors AS predictions_risk_factors, predictions.feature_values AS predictions_feature_values, predictions.uncertainty AS predictions_uncertainty, predictions.data_sufficiency AS predictions_data_sufficiency, predictions.model_version AS predictions_model_version, predictions.layer_scores AS predictions_layer_scores, predictions.pipeline_run_id AS predictions_pipeline_run_id, predictions.id AS predictions_id, predictions.created_at AS predictions_created_at, predictions.updated_at AS predictions_updated_at 
FROM predictions 
WHERE predictions.component_id = %(component_id_1)s::UUID ORDER BY predictions.predicted_at DESC 
 LIMIT %(param_1)s::INTEGER
2026-09-15 16:41:20,400 INFO sqlalchemy.engine.Engine [cached since 1.468s ago] {'component_id_1': UUID('9aff649b-6ca4-489a-a9d9-484e3cdb1ae2'), 'param_1': 1}
2026-09-15 16:41:20,404 INFO sqlalchemy.engine.Engine SELECT predictions.asset_id AS predictions_asset_id, predictions.component_id AS predictions_component_id, predictions.predicted_at AS predictions_predicted_at, predictions.prediction_horizon_days AS predictions_prediction_horizon_days, predictions.risk_score AS predictions_risk_score, predictions.risk_category AS predictions_risk_category, predictions.risk_factors AS predictions_risk_factors, predictions.feature_values AS predictions_feature_values, predictions.uncertainty AS predictions_uncertainty, predictions.data_sufficiency AS predictions_data_sufficiency, predictions.model_version AS predictions_model_version, predictions.layer_scores AS predictions_layer_scores, predictions.pipeline_run_id AS predictions_pipeline_run_id, predictions.id AS predictions_id, predictions.created_at AS predictions_created_at, predictions.updated_at AS predictions_updated_at 
FROM predictions 
WHERE predictions.component_id = %(component_id_1)s::UUID ORDER BY predictions.predicted_at DESC 
 LIMIT %(param_1)s::INTEGER
2026-09-15 16:41:20,405 INFO sqlalchemy.engine.Engine [cached since 1.473s ago] {'component_id_1': UUID('032cae54-d2d3-4222-9c7e-50e490897067'), 'param_1': 1}
2026-09-15 16:41:20,409 INFO sqlalchemy.engine.Engine SELECT predictions.asset_id AS predictions_asset_id, predictions.component_id AS predictions_component_id, predictions.predicted_at AS predictions_predicted_at, predictions.prediction_horizon_days AS predictions_prediction_horizon_days, predictions.risk_score AS predictions_risk_score, predictions.risk_category AS predictions_risk_category, predictions.risk_factors AS predictions_risk_factors, predictions.feature_values AS predictions_feature_values, predictions.uncertainty AS predictions_uncertainty, predictions.data_sufficiency AS predictions_data_sufficiency, predictions.model_version AS predictions_model_version, predictions.layer_scores AS predictions_layer_scores, predictions.pipeline_run_id AS predictions_pipeline_run_id, predictions.id AS predictions_id, predictions.created_at AS predictions_created_at, predictions.updated_at AS predictions_updated_at 
FROM predictions 
WHERE predictions.component_id = %(component_id_1)s::UUID ORDER BY predictions.predicted_at DESC 
 LIMIT %(param_1)s::INTEGER
2026-09-15 16:41:20,410 INFO sqlalchemy.engine.Engine [cached since 1.478s ago] {'component_id_1': UUID('3edf0bf1-81ea-4d7b-b98e-55da159e588c'), 'param_1': 1}
2026-09-15 16:41:20,414 INFO sqlalchemy.engine.Engine SELECT predictions.asset_id AS predictions_asset_id, predictions.component_id AS predictions_component_id, predictions.predicted_at AS predictions_predicted_at, predictions.prediction_horizon_days AS predictions_prediction_horizon_days, predictions.risk_score AS predictions_risk_score, predictions.risk_category AS predictions_risk_category, predictions.risk_factors AS predictions_risk_factors, predictions.feature_values AS predictions_feature_values, predictions.uncertainty AS predictions_uncertainty, predictions.data_sufficiency AS predictions_data_sufficiency, predictions.model_version AS predictions_model_version, predictions.layer_scores AS predictions_layer_scores, predictions.pipeline_run_id AS predictions_pipeline_run_id, predictions.id AS predictions_id, predictions.created_at AS predictions_created_at, predictions.updated_at AS predictions_updated_at 
FROM predictions 
WHERE predictions.component_id = %(component_id_1)s::UUID ORDER BY predictions.predicted_at DESC 
 LIMIT %(param_1)s::INTEGER
2026-09-15 16:41:20,414 INFO sqlalchemy.engine.Engine [cached since 1.482s ago] {'component_id_1': UUID('d278d85b-e471-4488-a3ea-4dc63197fd54'), 'param_1': 1}
2026-09-15 16:41:20,418 INFO sqlalchemy.engine.Engine SELECT predictions.asset_id AS predictions_asset_id, predictions.component_id AS predictions_component_id, predictions.predicted_at AS predictions_predicted_at, predictions.prediction_horizon_days AS predictions_prediction_horizon_days, predictions.risk_score AS predictions_risk_score, predictions.risk_category AS predictions_risk_category, predictions.risk_factors AS predictions_risk_factors, predictions.feature_values AS predictions_feature_values, predictions.uncertainty AS predictions_uncertainty, predictions.data_sufficiency AS predictions_data_sufficiency, predictions.model_version AS predictions_model_version, predictions.layer_scores AS predictions_layer_scores, predictions.pipeline_run_id AS predictions_pipeline_run_id, predictions.id AS predictions_id, predictions.created_at AS predictions_created_at, predictions.updated_at AS predictions_updated_at 
FROM predictions 
WHERE predictions.component_id = %(component_id_1)s::UUID ORDER BY predictions.predicted_at DESC 
 LIMIT %(param_1)s::INTEGER
2026-09-15 16:41:20,418 INFO sqlalchemy.engine.Engine [cached since 1.486s ago] {'component_id_1': UUID('ee6a5d82-d2ad-4b9c-a440-1c8396761c87'), 'param_1': 1}
2026-09-15 16:41:20,422 INFO sqlalchemy.engine.Engine SELECT readiness_assessments.asset_id AS readiness_assessments_asset_id, readiness_assessments.assessed_at AS readiness_assessments_assessed_at, readiness_assessments.status AS readiness_assessments_status, readiness_assessments.overall_health_score AS readiness_assessments_overall_health_score, readiness_assessments.primary_evidence AS readiness_assessments_primary_evidence, readiness_assessments.component_summary AS readiness_assessments_component_summary, readiness_assessments.data_quality_score AS readiness_assessments_data_quality_score, readiness_assessments.prediction_horizon_days AS readiness_assessments_prediction_horizon_days, readiness_assessments.explanation AS readiness_assessments_explanation, readiness_assessments.llm_explanation AS readiness_assessments_llm_explanation, readiness_assessments.pipeline_run_id AS readiness_assessments_pipeline_run_id, readiness_assessments.id AS readiness_assessments_id, readiness_assessments.created_at AS readiness_assessments_created_at, readiness_assessments.updated_at AS readiness_assessments_updated_at 
FROM readiness_assessments 
WHERE readiness_assessments.asset_id = %(asset_id_1)s::UUID ORDER BY readiness_assessments.assessed_at DESC 
 LIMIT %(param_1)s::INTEGER
2026-09-15 16:41:20,422 INFO sqlalchemy.engine.Engine [cached since 1.372s ago] {'asset_id_1': UUID('fae2137c-ae16-4cdb-9498-f47e84f58e4f'), 'param_1': 1}
2026-09-15 16:41:20,427 INFO sqlalchemy.engine.Engine SELECT components.asset_id AS components_asset_id, components.component_id AS components_component_id, components.name AS components_name, components.component_type AS components_component_type, components.criticality AS components_criticality, components.manufacturer AS components_manufacturer, components.model_number AS components_model_number, components.install_date AS components_install_date, components.design_life_hours AS components_design_life_hours, components.design_life_cycles AS components_design_life_cycles, components.current_operating_hours AS components_current_operating_hours, components.current_cycles AS components_current_cycles, components.is_active AS components_is_active, components.metadata AS components_metadata, components.id AS components_id, components.created_at AS components_created_at, components.updated_at AS components_updated_at 
FROM components 
WHERE components.asset_id = %(asset_id_1)s::UUID AND components.is_active = true
2026-09-15 16:41:20,427 INFO sqlalchemy.engine.Engine [cached since 1.522s ago] {'asset_id_1': UUID('119ae754-0876-4470-827c-558d57f4a05e')}
2026-09-15 16:41:20,432 INFO sqlalchemy.engine.Engine SELECT predictions.asset_id AS predictions_asset_id, predictions.component_id AS predictions_component_id, predictions.predicted_at AS predictions_predicted_at, predictions.prediction_horizon_days AS predictions_prediction_horizon_days, predictions.risk_score AS predictions_risk_score, predictions.risk_category AS predictions_risk_category, predictions.risk_factors AS predictions_risk_factors, predictions.feature_values AS predictions_feature_values, predictions.uncertainty AS predictions_uncertainty, predictions.data_sufficiency AS predictions_data_sufficiency, predictions.model_version AS predictions_model_version, predictions.layer_scores AS predictions_layer_scores, predictions.pipeline_run_id AS predictions_pipeline_run_id, predictions.id AS predictions_id, predictions.created_at AS predictions_created_at, predictions.updated_at AS predictions_updated_at 
FROM predictions 
WHERE predictions.component_id = %(component_id_1)s::UUID ORDER BY predictions.predicted_at DESC 
 LIMIT %(param_1)s::INTEGER
2026-09-15 16:41:20,432 INFO sqlalchemy.engine.Engine [cached since 1.5s ago] {'component_id_1': UUID('be393a64-a250-479e-85cc-3fbb17c800eb'), 'param_1': 1}
2026-09-15 16:41:20,435 INFO sqlalchemy.engine.Engine SELECT predictions.asset_id AS predictions_asset_id, predictions.component_id AS predictions_component_id, predictions.predicted_at AS predictions_predicted_at, predictions.prediction_horizon_days AS predictions_prediction_horizon_days, predictions.risk_score AS predictions_risk_score, predictions.risk_category AS predictions_risk_category, predictions.risk_factors AS predictions_risk_factors, predictions.feature_values AS predictions_feature_values, predictions.uncertainty AS predictions_uncertainty, predictions.data_sufficiency AS predictions_data_sufficiency, predictions.model_version AS predictions_model_version, predictions.layer_scores AS predictions_layer_scores, predictions.pipeline_run_id AS predictions_pipeline_run_id, predictions.id AS predictions_id, predictions.created_at AS predictions_created_at, predictions.updated_at AS predictions_updated_at 
FROM predictions 
WHERE predictions.component_id = %(component_id_1)s::UUID ORDER BY predictions.predicted_at DESC 
 LIMIT %(param_1)s::INTEGER
2026-09-15 16:41:20,436 INFO sqlalchemy.engine.Engine [cached since 1.504s ago] {'component_id_1': UUID('09d5f214-32cc-4f1b-8dd0-231a6582444d'), 'param_1': 1}
2026-09-15 16:41:20,440 INFO sqlalchemy.engine.Engine SELECT predictions.asset_id AS predictions_asset_id, predictions.component_id AS predictions_component_id, predictions.predicted_at AS predictions_predicted_at, predictions.prediction_horizon_days AS predictions_prediction_horizon_days, predictions.risk_score AS predictions_risk_score, predictions.risk_category AS predictions_risk_category, predictions.risk_factors AS predictions_risk_factors, predictions.feature_values AS predictions_feature_values, predictions.uncertainty AS predictions_uncertainty, predictions.data_sufficiency AS predictions_data_sufficiency, predictions.model_version AS predictions_model_version, predictions.layer_scores AS predictions_layer_scores, predictions.pipeline_run_id AS predictions_pipeline_run_id, predictions.id AS predictions_id, predictions.created_at AS predictions_created_at, predictions.updated_at AS predictions_updated_at 
FROM predictions 
WHERE predictions.component_id = %(component_id_1)s::UUID ORDER BY predictions.predicted_at DESC 
 LIMIT %(param_1)s::INTEGER
2026-09-15 16:41:20,441 INFO sqlalchemy.engine.Engine [cached since 1.509s ago] {'component_id_1': UUID('8f341fac-8832-4098-9262-afa7888f330b'), 'param_1': 1}
2026-09-15 16:41:20,444 INFO sqlalchemy.engine.Engine SELECT predictions.asset_id AS predictions_asset_id, predictions.component_id AS predictions_component_id, predictions.predicted_at AS predictions_predicted_at, predictions.prediction_horizon_days AS predictions_prediction_horizon_days, predictions.risk_score AS predictions_risk_score, predictions.risk_category AS predictions_risk_category, predictions.risk_factors AS predictions_risk_factors, predictions.feature_values AS predictions_feature_values, predictions.uncertainty AS predictions_uncertainty, predictions.data_sufficiency AS predictions_data_sufficiency, predictions.model_version AS predictions_model_version, predictions.layer_scores AS predictions_layer_scores, predictions.pipeline_run_id AS predictions_pipeline_run_id, predictions.id AS predictions_id, predictions.created_at AS predictions_created_at, predictions.updated_at AS predictions_updated_at 
FROM predictions 
WHERE predictions.component_id = %(component_id_1)s::UUID ORDER BY predictions.predicted_at DESC 
 LIMIT %(param_1)s::INTEGER
2026-09-15 16:41:20,445 INFO sqlalchemy.engine.Engine [cached since 1.513s ago] {'component_id_1': UUID('42456b8e-1d60-431e-b5aa-da70894742d1'), 'param_1': 1}
2026-09-15 16:41:20,449 INFO sqlalchemy.engine.Engine SELECT predictions.asset_id AS predictions_asset_id, predictions.component_id AS predictions_component_id, predictions.predicted_at AS predictions_predicted_at, predictions.prediction_horizon_days AS predictions_prediction_horizon_days, predictions.risk_score AS predictions_risk_score, predictions.risk_category AS predictions_risk_category, predictions.risk_factors AS predictions_risk_factors, predictions.feature_values AS predictions_feature_values, predictions.uncertainty AS predictions_uncertainty, predictions.data_sufficiency AS predictions_data_sufficiency, predictions.model_version AS predictions_model_version, predictions.layer_scores AS predictions_layer_scores, predictions.pipeline_run_id AS predictions_pipeline_run_id, predictions.id AS predictions_id, predictions.created_at AS predictions_created_at, predictions.updated_at AS predictions_updated_at 
FROM predictions 
WHERE predictions.component_id = %(component_id_1)s::UUID ORDER BY predictions.predicted_at DESC 
 LIMIT %(param_1)s::INTEGER
2026-09-15 16:41:20,449 INFO sqlalchemy.engine.Engine [cached since 1.517s ago] {'component_id_1': UUID('b10fdfc2-f436-467c-919b-28abcfe534b1'), 'param_1': 1}
2026-09-15 16:41:20,453 INFO sqlalchemy.engine.Engine SELECT readiness_assessments.asset_id AS readiness_assessments_asset_id, readiness_assessments.assessed_at AS readiness_assessments_assessed_at, readiness_assessments.status AS readiness_assessments_status, readiness_assessments.overall_health_score AS readiness_assessments_overall_health_score, readiness_assessments.primary_evidence AS readiness_assessments_primary_evidence, readiness_assessments.component_summary AS readiness_assessments_component_summary, readiness_assessments.data_quality_score AS readiness_assessments_data_quality_score, readiness_assessments.prediction_horizon_days AS readiness_assessments_prediction_horizon_days, readiness_assessments.explanation AS readiness_assessments_explanation, readiness_assessments.llm_explanation AS readiness_assessments_llm_explanation, readiness_assessments.pipeline_run_id AS readiness_assessments_pipeline_run_id, readiness_assessments.id AS readiness_assessments_id, readiness_assessments.created_at AS readiness_assessments_created_at, readiness_assessments.updated_at AS readiness_assessments_updated_at 
FROM readiness_assessments 
WHERE readiness_assessments.asset_id = %(asset_id_1)s::UUID ORDER BY readiness_assessments.assessed_at DESC 
 LIMIT %(param_1)s::INTEGER
2026-09-15 16:41:20,454 INFO sqlalchemy.engine.Engine [cached since 1.403s ago] {'asset_id_1': UUID('119ae754-0876-4470-827c-558d57f4a05e'), 'param_1': 1}
2026-09-15 16:41:20,458 INFO sqlalchemy.engine.Engine SELECT components.asset_id AS components_asset_id, components.component_id AS components_component_id, components.name AS components_name, components.component_type AS components_component_type, components.criticality AS components_criticality, components.manufacturer AS components_manufacturer, components.model_number AS components_model_number, components.install_date AS components_install_date, components.design_life_hours AS components_design_life_hours, components.design_life_cycles AS components_design_life_cycles, components.current_operating_hours AS components_current_operating_hours, components.current_cycles AS components_current_cycles, components.is_active AS components_is_active, components.metadata AS components_metadata, components.id AS components_id, components.created_at AS components_created_at, components.updated_at AS components_updated_at 
FROM components 
WHERE components.asset_id = %(asset_id_1)s::UUID AND components.is_active = true
2026-09-15 16:41:20,458 INFO sqlalchemy.engine.Engine [cached since 1.553s ago] {'asset_id_1': UUID('682c3d91-d9aa-486f-836f-592cec9f673b')}
2026-09-15 16:41:20,462 INFO sqlalchemy.engine.Engine SELECT predictions.asset_id AS predictions_asset_id, predictions.component_id AS predictions_component_id, predictions.predicted_at AS predictions_predicted_at, predictions.prediction_horizon_days AS predictions_prediction_horizon_days, predictions.risk_score AS predictions_risk_score, predictions.risk_category AS predictions_risk_category, predictions.risk_factors AS predictions_risk_factors, predictions.feature_values AS predictions_feature_values, predictions.uncertainty AS predictions_uncertainty, predictions.data_sufficiency AS predictions_data_sufficiency, predictions.model_version AS predictions_model_version, predictions.layer_scores AS predictions_layer_scores, predictions.pipeline_run_id AS predictions_pipeline_run_id, predictions.id AS predictions_id, predictions.created_at AS predictions_created_at, predictions.updated_at AS predictions_updated_at 
FROM predictions 
WHERE predictions.component_id = %(component_id_1)s::UUID ORDER BY predictions.predicted_at DESC 
 LIMIT %(param_1)s::INTEGER
2026-09-15 16:41:20,463 INFO sqlalchemy.engine.Engine [cached since 1.531s ago] {'component_id_1': UUID('abaeccde-d995-41a4-b656-c341ba8a29dd'), 'param_1': 1}
2026-09-15 16:41:20,467 INFO sqlalchemy.engine.Engine SELECT predictions.asset_id AS predictions_asset_id, predictions.component_id AS predictions_component_id, predictions.predicted_at AS predictions_predicted_at, predictions.prediction_horizon_days AS predictions_prediction_horizon_days, predictions.risk_score AS predictions_risk_score, predictions.risk_category AS predictions_risk_category, predictions.risk_factors AS predictions_risk_factors, predictions.feature_values AS predictions_feature_values, predictions.uncertainty AS predictions_uncertainty, predictions.data_sufficiency AS predictions_data_sufficiency, predictions.model_version AS predictions_model_version, predictions.layer_scores AS predictions_layer_scores, predictions.pipeline_run_id AS predictions_pipeline_run_id, predictions.id AS predictions_id, predictions.created_at AS predictions_created_at, predictions.updated_at AS predictions_updated_at 
FROM predictions 
WHERE predictions.component_id = %(component_id_1)s::UUID ORDER BY predictions.predicted_at DESC 
 LIMIT %(param_1)s::INTEGER
2026-09-15 16:41:20,467 INFO sqlalchemy.engine.Engine [cached since 1.535s ago] {'component_id_1': UUID('8fca027b-65d2-4f42-9fb7-2017eecb2163'), 'param_1': 1}
2026-09-15 16:41:20,471 INFO sqlalchemy.engine.Engine SELECT predictions.asset_id AS predictions_asset_id, predictions.component_id AS predictions_component_id, predictions.predicted_at AS predictions_predicted_at, predictions.prediction_horizon_days AS predictions_prediction_horizon_days, predictions.risk_score AS predictions_risk_score, predictions.risk_category AS predictions_risk_category, predictions.risk_factors AS predictions_risk_factors, predictions.feature_values AS predictions_feature_values, predictions.uncertainty AS predictions_uncertainty, predictions.data_sufficiency AS predictions_data_sufficiency, predictions.model_version AS predictions_model_version, predictions.layer_scores AS predictions_layer_scores, predictions.pipeline_run_id AS predictions_pipeline_run_id, predictions.id AS predictions_id, predictions.created_at AS predictions_created_at, predictions.updated_at AS predictions_updated_at 
FROM predictions 
WHERE predictions.component_id = %(component_id_1)s::UUID ORDER BY predictions.predicted_at DESC 
 LIMIT %(param_1)s::INTEGER
2026-09-15 16:41:20,472 INFO sqlalchemy.engine.Engine [cached since 1.54s ago] {'component_id_1': UUID('7f32a077-562c-46b4-ad75-7a5490b394f9'), 'param_1': 1}
2026-09-15 16:41:20,476 INFO sqlalchemy.engine.Engine SELECT predictions.asset_id AS predictions_asset_id, predictions.component_id AS predictions_component_id, predictions.predicted_at AS predictions_predicted_at, predictions.prediction_horizon_days AS predictions_prediction_horizon_days, predictions.risk_score AS predictions_risk_score, predictions.risk_category AS predictions_risk_category, predictions.risk_factors AS predictions_risk_factors, predictions.feature_values AS predictions_feature_values, predictions.uncertainty AS predictions_uncertainty, predictions.data_sufficiency AS predictions_data_sufficiency, predictions.model_version AS predictions_model_version, predictions.layer_scores AS predictions_layer_scores, predictions.pipeline_run_id AS predictions_pipeline_run_id, predictions.id AS predictions_id, predictions.created_at AS predictions_created_at, predictions.updated_at AS predictions_updated_at 
FROM predictions 
WHERE predictions.component_id = %(component_id_1)s::UUID ORDER BY predictions.predicted_at DESC 
 LIMIT %(param_1)s::INTEGER
2026-09-15 16:41:20,477 INFO sqlalchemy.engine.Engine [cached since 1.544s ago] {'component_id_1': UUID('279c5896-9a01-4ac5-b371-81505a653086'), 'param_1': 1}
2026-09-15 16:41:20,480 INFO sqlalchemy.engine.Engine SELECT predictions.asset_id AS predictions_asset_id, predictions.component_id AS predictions_component_id, predictions.predicted_at AS predictions_predicted_at, predictions.prediction_horizon_days AS predictions_prediction_horizon_days, predictions.risk_score AS predictions_risk_score, predictions.risk_category AS predictions_risk_category, predictions.risk_factors AS predictions_risk_factors, predictions.feature_values AS predictions_feature_values, predictions.uncertainty AS predictions_uncertainty, predictions.data_sufficiency AS predictions_data_sufficiency, predictions.model_version AS predictions_model_version, predictions.layer_scores AS predictions_layer_scores, predictions.pipeline_run_id AS predictions_pipeline_run_id, predictions.id AS predictions_id, predictions.created_at AS predictions_created_at, predictions.updated_at AS predictions_updated_at 
FROM predictions 
WHERE predictions.component_id = %(component_id_1)s::UUID ORDER BY predictions.predicted_at DESC 
 LIMIT %(param_1)s::INTEGER
2026-09-15 16:41:20,481 INFO sqlalchemy.engine.Engine [cached since 1.549s ago] {'component_id_1': UUID('35661fb1-b28a-44e5-9500-93bff2d459d8'), 'param_1': 1}
2026-09-15 16:41:20,486 INFO sqlalchemy.engine.Engine SELECT predictions.asset_id AS predictions_asset_id, predictions.component_id AS predictions_component_id, predictions.predicted_at AS predictions_predicted_at, predictions.prediction_horizon_days AS predictions_prediction_horizon_days, predictions.risk_score AS predictions_risk_score, predictions.risk_category AS predictions_risk_category, predictions.risk_factors AS predictions_risk_factors, predictions.feature_values AS predictions_feature_values, predictions.uncertainty AS predictions_uncertainty, predictions.data_sufficiency AS predictions_data_sufficiency, predictions.model_version AS predictions_model_version, predictions.layer_scores AS predictions_layer_scores, predictions.pipeline_run_id AS predictions_pipeline_run_id, predictions.id AS predictions_id, predictions.created_at AS predictions_created_at, predictions.updated_at AS predictions_updated_at 
FROM predictions 
WHERE predictions.component_id = %(component_id_1)s::UUID ORDER BY predictions.predicted_at DESC 
 LIMIT %(param_1)s::INTEGER
2026-09-15 16:41:20,486 INFO sqlalchemy.engine.Engine [cached since 1.554s ago] {'component_id_1': UUID('3d2d0cbe-1f44-48e5-87a9-4f3c438593d6'), 'param_1': 1}
2026-09-15 16:41:20,490 INFO sqlalchemy.engine.Engine SELECT predictions.asset_id AS predictions_asset_id, predictions.component_id AS predictions_component_id, predictions.predicted_at AS predictions_predicted_at, predictions.prediction_horizon_days AS predictions_prediction_horizon_days, predictions.risk_score AS predictions_risk_score, predictions.risk_category AS predictions_risk_category, predictions.risk_factors AS predictions_risk_factors, predictions.feature_values AS predictions_feature_values, predictions.uncertainty AS predictions_uncertainty, predictions.data_sufficiency AS predictions_data_sufficiency, predictions.model_version AS predictions_model_version, predictions.layer_scores AS predictions_layer_scores, predictions.pipeline_run_id AS predictions_pipeline_run_id, predictions.id AS predictions_id, predictions.created_at AS predictions_created_at, predictions.updated_at AS predictions_updated_at 
FROM predictions 
WHERE predictions.component_id = %(component_id_1)s::UUID ORDER BY predictions.predicted_at DESC 
 LIMIT %(param_1)s::INTEGER
2026-09-15 16:41:20,490 INFO sqlalchemy.engine.Engine [cached since 1.559s ago] {'component_id_1': UUID('0168ccf1-4913-4de2-bf37-e49861172032'), 'param_1': 1}
2026-09-15 16:41:20,494 INFO sqlalchemy.engine.Engine SELECT predictions.asset_id AS predictions_asset_id, predictions.component_id AS predictions_component_id, predictions.predicted_at AS predictions_predicted_at, predictions.prediction_horizon_days AS predictions_prediction_horizon_days, predictions.risk_score AS predictions_risk_score, predictions.risk_category AS predictions_risk_category, predictions.risk_factors AS predictions_risk_factors, predictions.feature_values AS predictions_feature_values, predictions.uncertainty AS predictions_uncertainty, predictions.data_sufficiency AS predictions_data_sufficiency, predictions.model_version AS predictions_model_version, predictions.layer_scores AS predictions_layer_scores, predictions.pipeline_run_id AS predictions_pipeline_run_id, predictions.id AS predictions_id, predictions.created_at AS predictions_created_at, predictions.updated_at AS predictions_updated_at 
FROM predictions 
WHERE predictions.component_id = %(component_id_1)s::UUID ORDER BY predictions.predicted_at DESC 
 LIMIT %(param_1)s::INTEGER
2026-09-15 16:41:20,494 INFO sqlalchemy.engine.Engine [cached since 1.563s ago] {'component_id_1': UUID('c69afb57-c8b4-4e1c-aa5d-23b67021e6c1'), 'param_1': 1}
2026-09-15 16:41:20,498 INFO sqlalchemy.engine.Engine SELECT predictions.asset_id AS predictions_asset_id, predictions.component_id AS predictions_component_id, predictions.predicted_at AS predictions_predicted_at, predictions.prediction_horizon_days AS predictions_prediction_horizon_days, predictions.risk_score AS predictions_risk_score, predictions.risk_category AS predictions_risk_category, predictions.risk_factors AS predictions_risk_factors, predictions.feature_values AS predictions_feature_values, predictions.uncertainty AS predictions_uncertainty, predictions.data_sufficiency AS predictions_data_sufficiency, predictions.model_version AS predictions_model_version, predictions.layer_scores AS predictions_layer_scores, predictions.pipeline_run_id AS predictions_pipeline_run_id, predictions.id AS predictions_id, predictions.created_at AS predictions_created_at, predictions.updated_at AS predictions_updated_at 
FROM predictions 
WHERE predictions.component_id = %(component_id_1)s::UUID ORDER BY predictions.predicted_at DESC 
 LIMIT %(param_1)s::INTEGER
2026-09-15 16:41:20,498 INFO sqlalchemy.engine.Engine [cached since 1.567s ago] {'component_id_1': UUID('a0e2d2a9-7ba2-48e1-92a8-e4e975ca3285'), 'param_1': 1}
2026-09-15 16:41:20,502 INFO sqlalchemy.engine.Engine SELECT predictions.asset_id AS predictions_asset_id, predictions.component_id AS predictions_component_id, predictions.predicted_at AS predictions_predicted_at, predictions.prediction_horizon_days AS predictions_prediction_horizon_days, predictions.risk_score AS predictions_risk_score, predictions.risk_category AS predictions_risk_category, predictions.risk_factors AS predictions_risk_factors, predictions.feature_values AS predictions_feature_values, predictions.uncertainty AS predictions_uncertainty, predictions.data_sufficiency AS predictions_data_sufficiency, predictions.model_version AS predictions_model_version, predictions.layer_scores AS predictions_layer_scores, predictions.pipeline_run_id AS predictions_pipeline_run_id, predictions.id AS predictions_id, predictions.created_at AS predictions_created_at, predictions.updated_at AS predictions_updated_at 
FROM predictions 
WHERE predictions.component_id = %(component_id_1)s::UUID ORDER BY predictions.predicted_at DESC 
 LIMIT %(param_1)s::INTEGER
2026-09-15 16:41:20,502 INFO sqlalchemy.engine.Engine [cached since 1.57s ago] {'component_id_1': UUID('ddb60294-c994-4155-89c0-628277cf709c'), 'param_1': 1}
2026-09-15 16:41:20,506 INFO sqlalchemy.engine.Engine SELECT readiness_assessments.asset_id AS readiness_assessments_asset_id, readiness_assessments.assessed_at AS readiness_assessments_assessed_at, readiness_assessments.status AS readiness_assessments_status, readiness_assessments.overall_health_score AS readiness_assessments_overall_health_score, readiness_assessments.primary_evidence AS readiness_assessments_primary_evidence, readiness_assessments.component_summary AS readiness_assessments_component_summary, readiness_assessments.data_quality_score AS readiness_assessments_data_quality_score, readiness_assessments.prediction_horizon_days AS readiness_assessments_prediction_horizon_days, readiness_assessments.explanation AS readiness_assessments_explanation, readiness_assessments.llm_explanation AS readiness_assessments_llm_explanation, readiness_assessments.pipeline_run_id AS readiness_assessments_pipeline_run_id, readiness_assessments.id AS readiness_assessments_id, readiness_assessments.created_at AS readiness_assessments_created_at, readiness_assessments.updated_at AS readiness_assessments_updated_at 
FROM readiness_assessments 
WHERE readiness_assessments.asset_id = %(asset_id_1)s::UUID ORDER BY readiness_assessments.assessed_at DESC 
 LIMIT %(param_1)s::INTEGER
2026-09-15 16:41:20,506 INFO sqlalchemy.engine.Engine [cached since 1.456s ago] {'asset_id_1': UUID('682c3d91-d9aa-486f-836f-592cec9f673b'), 'param_1': 1}
2026-09-15 16:41:20,510 INFO sqlalchemy.engine.Engine SELECT components.asset_id AS components_asset_id, components.component_id AS components_component_id, components.name AS components_name, components.component_type AS components_component_type, components.criticality AS components_criticality, components.manufacturer AS components_manufacturer, components.model_number AS components_model_number, components.install_date AS components_install_date, components.design_life_hours AS components_design_life_hours, components.design_life_cycles AS components_design_life_cycles, components.current_operating_hours AS components_current_operating_hours, components.current_cycles AS components_current_cycles, components.is_active AS components_is_active, components.metadata AS components_metadata, components.id AS components_id, components.created_at AS components_created_at, components.updated_at AS components_updated_at 
FROM components 
WHERE components.asset_id = %(asset_id_1)s::UUID AND components.is_active = true
2026-09-15 16:41:20,510 INFO sqlalchemy.engine.Engine [cached since 1.605s ago] {'asset_id_1': UUID('208295ea-42df-4309-a04c-f006df63fa97')}
2026-09-15 16:41:20,514 INFO sqlalchemy.engine.Engine SELECT predictions.asset_id AS predictions_asset_id, predictions.component_id AS predictions_component_id, predictions.predicted_at AS predictions_predicted_at, predictions.prediction_horizon_days AS predictions_prediction_horizon_days, predictions.risk_score AS predictions_risk_score, predictions.risk_category AS predictions_risk_category, predictions.risk_factors AS predictions_risk_factors, predictions.feature_values AS predictions_feature_values, predictions.uncertainty AS predictions_uncertainty, predictions.data_sufficiency AS predictions_data_sufficiency, predictions.model_version AS predictions_model_version, predictions.layer_scores AS predictions_layer_scores, predictions.pipeline_run_id AS predictions_pipeline_run_id, predictions.id AS predictions_id, predictions.created_at AS predictions_created_at, predictions.updated_at AS predictions_updated_at 
FROM predictions 
WHERE predictions.component_id = %(component_id_1)s::UUID ORDER BY predictions.predicted_at DESC 
 LIMIT %(param_1)s::INTEGER
2026-09-15 16:41:20,515 INFO sqlalchemy.engine.Engine [cached since 1.583s ago] {'component_id_1': UUID('9594878a-c43a-424a-9af3-512b8a896e32'), 'param_1': 1}
2026-09-15 16:41:20,518 INFO sqlalchemy.engine.Engine SELECT predictions.asset_id AS predictions_asset_id, predictions.component_id AS predictions_component_id, predictions.predicted_at AS predictions_predicted_at, predictions.prediction_horizon_days AS predictions_prediction_horizon_days, predictions.risk_score AS predictions_risk_score, predictions.risk_category AS predictions_risk_category, predictions.risk_factors AS predictions_risk_factors, predictions.feature_values AS predictions_feature_values, predictions.uncertainty AS predictions_uncertainty, predictions.data_sufficiency AS predictions_data_sufficiency, predictions.model_version AS predictions_model_version, predictions.layer_scores AS predictions_layer_scores, predictions.pipeline_run_id AS predictions_pipeline_run_id, predictions.id AS predictions_id, predictions.created_at AS predictions_created_at, predictions.updated_at AS predictions_updated_at 
FROM predictions 
WHERE predictions.component_id = %(component_id_1)s::UUID ORDER BY predictions.predicted_at DESC 
 LIMIT %(param_1)s::INTEGER
2026-09-15 16:41:20,519 INFO sqlalchemy.engine.Engine [cached since 1.587s ago] {'component_id_1': UUID('b183efe9-3c67-45b2-b8ca-4e1edb9e47ab'), 'param_1': 1}
2026-09-15 16:41:20,522 INFO sqlalchemy.engine.Engine SELECT predictions.asset_id AS predictions_asset_id, predictions.component_id AS predictions_component_id, predictions.predicted_at AS predictions_predicted_at, predictions.prediction_horizon_days AS predictions_prediction_horizon_days, predictions.risk_score AS predictions_risk_score, predictions.risk_category AS predictions_risk_category, predictions.risk_factors AS predictions_risk_factors, predictions.feature_values AS predictions_feature_values, predictions.uncertainty AS predictions_uncertainty, predictions.data_sufficiency AS predictions_data_sufficiency, predictions.model_version AS predictions_model_version, predictions.layer_scores AS predictions_layer_scores, predictions.pipeline_run_id AS predictions_pipeline_run_id, predictions.id AS predictions_id, predictions.created_at AS predictions_created_at, predictions.updated_at AS predictions_updated_at 
FROM predictions 
WHERE predictions.component_id = %(component_id_1)s::UUID ORDER BY predictions.predicted_at DESC 
 LIMIT %(param_1)s::INTEGER
2026-09-15 16:41:20,523 INFO sqlalchemy.engine.Engine [cached since 1.591s ago] {'component_id_1': UUID('3c542f8d-a574-4d02-9dbd-350d68a7dc3c'), 'param_1': 1}
2026-09-15 16:41:20,527 INFO sqlalchemy.engine.Engine SELECT predictions.asset_id AS predictions_asset_id, predictions.component_id AS predictions_component_id, predictions.predicted_at AS predictions_predicted_at, predictions.prediction_horizon_days AS predictions_prediction_horizon_days, predictions.risk_score AS predictions_risk_score, predictions.risk_category AS predictions_risk_category, predictions.risk_factors AS predictions_risk_factors, predictions.feature_values AS predictions_feature_values, predictions.uncertainty AS predictions_uncertainty, predictions.data_sufficiency AS predictions_data_sufficiency, predictions.model_version AS predictions_model_version, predictions.layer_scores AS predictions_layer_scores, predictions.pipeline_run_id AS predictions_pipeline_run_id, predictions.id AS predictions_id, predictions.created_at AS predictions_created_at, predictions.updated_at AS predictions_updated_at 
FROM predictions 
WHERE predictions.component_id = %(component_id_1)s::UUID ORDER BY predictions.predicted_at DESC 
 LIMIT %(param_1)s::INTEGER
2026-09-15 16:41:20,527 INFO sqlalchemy.engine.Engine [cached since 1.596s ago] {'component_id_1': UUID('95e8b24f-f57f-400d-93ae-b36e7ce9779b'), 'param_1': 1}
2026-09-15 16:41:20,531 INFO sqlalchemy.engine.Engine SELECT predictions.asset_id AS predictions_asset_id, predictions.component_id AS predictions_component_id, predictions.predicted_at AS predictions_predicted_at, predictions.prediction_horizon_days AS predictions_prediction_horizon_days, predictions.risk_score AS predictions_risk_score, predictions.risk_category AS predictions_risk_category, predictions.risk_factors AS predictions_risk_factors, predictions.feature_values AS predictions_feature_values, predictions.uncertainty AS predictions_uncertainty, predictions.data_sufficiency AS predictions_data_sufficiency, predictions.model_version AS predictions_model_version, predictions.layer_scores AS predictions_layer_scores, predictions.pipeline_run_id AS predictions_pipeline_run_id, predictions.id AS predictions_id, predictions.created_at AS predictions_created_at, predictions.updated_at AS predictions_updated_at 
FROM predictions 
WHERE predictions.component_id = %(component_id_1)s::UUID ORDER BY predictions.predicted_at DESC 
 LIMIT %(param_1)s::INTEGER
2026-09-15 16:41:20,532 INFO sqlalchemy.engine.Engine [cached since 1.6s ago] {'component_id_1': UUID('35c681de-1d45-412e-bf4f-19e89294b952'), 'param_1': 1}
2026-09-15 16:41:20,536 INFO sqlalchemy.engine.Engine SELECT predictions.asset_id AS predictions_asset_id, predictions.component_id AS predictions_component_id, predictions.predicted_at AS predictions_predicted_at, predictions.prediction_horizon_days AS predictions_prediction_horizon_days, predictions.risk_score AS predictions_risk_score, predictions.risk_category AS predictions_risk_category, predictions.risk_factors AS predictions_risk_factors, predictions.feature_values AS predictions_feature_values, predictions.uncertainty AS predictions_uncertainty, predictions.data_sufficiency AS predictions_data_sufficiency, predictions.model_version AS predictions_model_version, predictions.layer_scores AS predictions_layer_scores, predictions.pipeline_run_id AS predictions_pipeline_run_id, predictions.id AS predictions_id, predictions.created_at AS predictions_created_at, predictions.updated_at AS predictions_updated_at 
FROM predictions 
WHERE predictions.component_id = %(component_id_1)s::UUID ORDER BY predictions.predicted_at DESC 
 LIMIT %(param_1)s::INTEGER
2026-09-15 16:41:20,536 INFO sqlalchemy.engine.Engine [cached since 1.604s ago] {'component_id_1': UUID('daf7ef5d-3a55-4db2-9754-4e6e1dc5e24e'), 'param_1': 1}
2026-09-15 16:41:20,540 INFO sqlalchemy.engine.Engine SELECT predictions.asset_id AS predictions_asset_id, predictions.component_id AS predictions_component_id, predictions.predicted_at AS predictions_predicted_at, predictions.prediction_horizon_days AS predictions_prediction_horizon_days, predictions.risk_score AS predictions_risk_score, predictions.risk_category AS predictions_risk_category, predictions.risk_factors AS predictions_risk_factors, predictions.feature_values AS predictions_feature_values, predictions.uncertainty AS predictions_uncertainty, predictions.data_sufficiency AS predictions_data_sufficiency, predictions.model_version AS predictions_model_version, predictions.layer_scores AS predictions_layer_scores, predictions.pipeline_run_id AS predictions_pipeline_run_id, predictions.id AS predictions_id, predictions.created_at AS predictions_created_at, predictions.updated_at AS predictions_updated_at 
FROM predictions 
WHERE predictions.component_id = %(component_id_1)s::UUID ORDER BY predictions.predicted_at DESC 
 LIMIT %(param_1)s::INTEGER
2026-09-15 16:41:20,541 INFO sqlalchemy.engine.Engine [cached since 1.609s ago] {'component_id_1': UUID('80448217-8aa5-4140-bd39-c28ef8a7c1a0'), 'param_1': 1}
2026-09-15 16:41:20,544 INFO sqlalchemy.engine.Engine SELECT predictions.asset_id AS predictions_asset_id, predictions.component_id AS predictions_component_id, predictions.predicted_at AS predictions_predicted_at, predictions.prediction_horizon_days AS predictions_prediction_horizon_days, predictions.risk_score AS predictions_risk_score, predictions.risk_category AS predictions_risk_category, predictions.risk_factors AS predictions_risk_factors, predictions.feature_values AS predictions_feature_values, predictions.uncertainty AS predictions_uncertainty, predictions.data_sufficiency AS predictions_data_sufficiency, predictions.model_version AS predictions_model_version, predictions.layer_scores AS predictions_layer_scores, predictions.pipeline_run_id AS predictions_pipeline_run_id, predictions.id AS predictions_id, predictions.created_at AS predictions_created_at, predictions.updated_at AS predictions_updated_at 
FROM predictions 
WHERE predictions.component_id = %(component_id_1)s::UUID ORDER BY predictions.predicted_at DESC 
 LIMIT %(param_1)s::INTEGER
2026-09-15 16:41:20,544 INFO sqlalchemy.engine.Engine [cached since 1.613s ago] {'component_id_1': UUID('bc9a3774-45b6-44ee-9cbf-7c226073b448'), 'param_1': 1}
2026-09-15 16:41:20,548 INFO sqlalchemy.engine.Engine SELECT predictions.asset_id AS predictions_asset_id, predictions.component_id AS predictions_component_id, predictions.predicted_at AS predictions_predicted_at, predictions.prediction_horizon_days AS predictions_prediction_horizon_days, predictions.risk_score AS predictions_risk_score, predictions.risk_category AS predictions_risk_category, predictions.risk_factors AS predictions_risk_factors, predictions.feature_values AS predictions_feature_values, predictions.uncertainty AS predictions_uncertainty, predictions.data_sufficiency AS predictions_data_sufficiency, predictions.model_version AS predictions_model_version, predictions.layer_scores AS predictions_layer_scores, predictions.pipeline_run_id AS predictions_pipeline_run_id, predictions.id AS predictions_id, predictions.created_at AS predictions_created_at, predictions.updated_at AS predictions_updated_at 
FROM predictions 
WHERE predictions.component_id = %(component_id_1)s::UUID ORDER BY predictions.predicted_at DESC 
 LIMIT %(param_1)s::INTEGER
2026-09-15 16:41:20,549 INFO sqlalchemy.engine.Engine [cached since 1.617s ago] {'component_id_1': UUID('31d77d72-cc7f-444b-8d4d-1066cd784410'), 'param_1': 1}
2026-09-15 16:41:20,553 INFO sqlalchemy.engine.Engine SELECT readiness_assessments.asset_id AS readiness_assessments_asset_id, readiness_assessments.assessed_at AS readiness_assessments_assessed_at, readiness_assessments.status AS readiness_assessments_status, readiness_assessments.overall_health_score AS readiness_assessments_overall_health_score, readiness_assessments.primary_evidence AS readiness_assessments_primary_evidence, readiness_assessments.component_summary AS readiness_assessments_component_summary, readiness_assessments.data_quality_score AS readiness_assessments_data_quality_score, readiness_assessments.prediction_horizon_days AS readiness_assessments_prediction_horizon_days, readiness_assessments.explanation AS readiness_assessments_explanation, readiness_assessments.llm_explanation AS readiness_assessments_llm_explanation, readiness_assessments.pipeline_run_id AS readiness_assessments_pipeline_run_id, readiness_assessments.id AS readiness_assessments_id, readiness_assessments.created_at AS readiness_assessments_created_at, readiness_assessments.updated_at AS readiness_assessments_updated_at 
FROM readiness_assessments 
WHERE readiness_assessments.asset_id = %(asset_id_1)s::UUID ORDER BY readiness_assessments.assessed_at DESC 
 LIMIT %(param_1)s::INTEGER
2026-09-15 16:41:20,553 INFO sqlalchemy.engine.Engine [cached since 1.503s ago] {'asset_id_1': UUID('208295ea-42df-4309-a04c-f006df63fa97'), 'param_1': 1}
2026-09-15 16:41:20,557 INFO sqlalchemy.engine.Engine SELECT components.asset_id AS components_asset_id, components.component_id AS components_component_id, components.name AS components_name, components.component_type AS components_component_type, components.criticality AS components_criticality, components.manufacturer AS components_manufacturer, components.model_number AS components_model_number, components.install_date AS components_install_date, components.design_life_hours AS components_design_life_hours, components.design_life_cycles AS components_design_life_cycles, components.current_operating_hours AS components_current_operating_hours, components.current_cycles AS components_current_cycles, components.is_active AS components_is_active, components.metadata AS components_metadata, components.id AS components_id, components.created_at AS components_created_at, components.updated_at AS components_updated_at 
FROM components 
WHERE components.asset_id = %(asset_id_1)s::UUID AND components.is_active = true
2026-09-15 16:41:20,558 INFO sqlalchemy.engine.Engine [cached since 1.653s ago] {'asset_id_1': UUID('68c34d9f-8635-4e12-9cf6-40c9fe6e471e')}
2026-09-15 16:41:20,561 INFO sqlalchemy.engine.Engine SELECT predictions.asset_id AS predictions_asset_id, predictions.component_id AS predictions_component_id, predictions.predicted_at AS predictions_predicted_at, predictions.prediction_horizon_days AS predictions_prediction_horizon_days, predictions.risk_score AS predictions_risk_score, predictions.risk_category AS predictions_risk_category, predictions.risk_factors AS predictions_risk_factors, predictions.feature_values AS predictions_feature_values, predictions.uncertainty AS predictions_uncertainty, predictions.data_sufficiency AS predictions_data_sufficiency, predictions.model_version AS predictions_model_version, predictions.layer_scores AS predictions_layer_scores, predictions.pipeline_run_id AS predictions_pipeline_run_id, predictions.id AS predictions_id, predictions.created_at AS predictions_created_at, predictions.updated_at AS predictions_updated_at 
FROM predictions 
WHERE predictions.component_id = %(component_id_1)s::UUID ORDER BY predictions.predicted_at DESC 
 LIMIT %(param_1)s::INTEGER
2026-09-15 16:41:20,562 INFO sqlalchemy.engine.Engine [cached since 1.63s ago] {'component_id_1': UUID('3247e6a5-8f30-4f31-87ce-3078bfe94e8d'), 'param_1': 1}
2026-09-15 16:41:20,566 INFO sqlalchemy.engine.Engine SELECT predictions.asset_id AS predictions_asset_id, predictions.component_id AS predictions_component_id, predictions.predicted_at AS predictions_predicted_at, predictions.prediction_horizon_days AS predictions_prediction_horizon_days, predictions.risk_score AS predictions_risk_score, predictions.risk_category AS predictions_risk_category, predictions.risk_factors AS predictions_risk_factors, predictions.feature_values AS predictions_feature_values, predictions.uncertainty AS predictions_uncertainty, predictions.data_sufficiency AS predictions_data_sufficiency, predictions.model_version AS predictions_model_version, predictions.layer_scores AS predictions_layer_scores, predictions.pipeline_run_id AS predictions_pipeline_run_id, predictions.id AS predictions_id, predictions.created_at AS predictions_created_at, predictions.updated_at AS predictions_updated_at 
FROM predictions 
WHERE predictions.component_id = %(component_id_1)s::UUID ORDER BY predictions.predicted_at DESC 
 LIMIT %(param_1)s::INTEGER
2026-09-15 16:41:20,566 INFO sqlalchemy.engine.Engine [cached since 1.635s ago] {'component_id_1': UUID('caae5630-04b7-45fc-9ca8-fab399ff7987'), 'param_1': 1}
2026-09-15 16:41:20,570 INFO sqlalchemy.engine.Engine SELECT predictions.asset_id AS predictions_asset_id, predictions.component_id AS predictions_component_id, predictions.predicted_at AS predictions_predicted_at, predictions.prediction_horizon_days AS predictions_prediction_horizon_days, predictions.risk_score AS predictions_risk_score, predictions.risk_category AS predictions_risk_category, predictions.risk_factors AS predictions_risk_factors, predictions.feature_values AS predictions_feature_values, predictions.uncertainty AS predictions_uncertainty, predictions.data_sufficiency AS predictions_data_sufficiency, predictions.model_version AS predictions_model_version, predictions.layer_scores AS predictions_layer_scores, predictions.pipeline_run_id AS predictions_pipeline_run_id, predictions.id AS predictions_id, predictions.created_at AS predictions_created_at, predictions.updated_at AS predictions_updated_at 
FROM predictions 
WHERE predictions.component_id = %(component_id_1)s::UUID ORDER BY predictions.predicted_at DESC 
 LIMIT %(param_1)s::INTEGER
2026-09-15 16:41:20,571 INFO sqlalchemy.engine.Engine [cached since 1.639s ago] {'component_id_1': UUID('8e57cd2f-2d10-4ea0-a7a9-de0ebd719d20'), 'param_1': 1}
2026-09-15 16:41:20,575 INFO sqlalchemy.engine.Engine SELECT predictions.asset_id AS predictions_asset_id, predictions.component_id AS predictions_component_id, predictions.predicted_at AS predictions_predicted_at, predictions.prediction_horizon_days AS predictions_prediction_horizon_days, predictions.risk_score AS predictions_risk_score, predictions.risk_category AS predictions_risk_category, predictions.risk_factors AS predictions_risk_factors, predictions.feature_values AS predictions_feature_values, predictions.uncertainty AS predictions_uncertainty, predictions.data_sufficiency AS predictions_data_sufficiency, predictions.model_version AS predictions_model_version, predictions.layer_scores AS predictions_layer_scores, predictions.pipeline_run_id AS predictions_pipeline_run_id, predictions.id AS predictions_id, predictions.created_at AS predictions_created_at, predictions.updated_at AS predictions_updated_at 
FROM predictions 
WHERE predictions.component_id = %(component_id_1)s::UUID ORDER BY predictions.predicted_at DESC 
 LIMIT %(param_1)s::INTEGER
2026-09-15 16:41:20,576 INFO sqlalchemy.engine.Engine [cached since 1.644s ago] {'component_id_1': UUID('8c86675f-0345-486a-a974-724cc7362b4d'), 'param_1': 1}
2026-09-15 16:41:20,580 INFO sqlalchemy.engine.Engine SELECT predictions.asset_id AS predictions_asset_id, predictions.component_id AS predictions_component_id, predictions.predicted_at AS predictions_predicted_at, predictions.prediction_horizon_days AS predictions_prediction_horizon_days, predictions.risk_score AS predictions_risk_score, predictions.risk_category AS predictions_risk_category, predictions.risk_factors AS predictions_risk_factors, predictions.feature_values AS predictions_feature_values, predictions.uncertainty AS predictions_uncertainty, predictions.data_sufficiency AS predictions_data_sufficiency, predictions.model_version AS predictions_model_version, predictions.layer_scores AS predictions_layer_scores, predictions.pipeline_run_id AS predictions_pipeline_run_id, predictions.id AS predictions_id, predictions.created_at AS predictions_created_at, predictions.updated_at AS predictions_updated_at 
FROM predictions 
WHERE predictions.component_id = %(component_id_1)s::UUID ORDER BY predictions.predicted_at DESC 
 LIMIT %(param_1)s::INTEGER
2026-09-15 16:41:20,580 INFO sqlalchemy.engine.Engine [cached since 1.648s ago] {'component_id_1': UUID('89fb6ab2-e36a-4f16-9423-8966e9613870'), 'param_1': 1}
2026-09-15 16:41:20,584 INFO sqlalchemy.engine.Engine SELECT predictions.asset_id AS predictions_asset_id, predictions.component_id AS predictions_component_id, predictions.predicted_at AS predictions_predicted_at, predictions.prediction_horizon_days AS predictions_prediction_horizon_days, predictions.risk_score AS predictions_risk_score, predictions.risk_category AS predictions_risk_category, predictions.risk_factors AS predictions_risk_factors, predictions.feature_values AS predictions_feature_values, predictions.uncertainty AS predictions_uncertainty, predictions.data_sufficiency AS predictions_data_sufficiency, predictions.model_version AS predictions_model_version, predictions.layer_scores AS predictions_layer_scores, predictions.pipeline_run_id AS predictions_pipeline_run_id, predictions.id AS predictions_id, predictions.created_at AS predictions_created_at, predictions.updated_at AS predictions_updated_at 
FROM predictions 
WHERE predictions.component_id = %(component_id_1)s::UUID ORDER BY predictions.predicted_at DESC 
 LIMIT %(param_1)s::INTEGER
2026-09-15 16:41:20,584 INFO sqlalchemy.engine.Engine [cached since 1.652s ago] {'component_id_1': UUID('dfdf70c6-1f24-45fa-931e-fa5b4a5c07e8'), 'param_1': 1}
2026-09-15 16:41:20,588 INFO sqlalchemy.engine.Engine SELECT readiness_assessments.asset_id AS readiness_assessments_asset_id, readiness_assessments.assessed_at AS readiness_assessments_assessed_at, readiness_assessments.status AS readiness_assessments_status, readiness_assessments.overall_health_score AS readiness_assessments_overall_health_score, readiness_assessments.primary_evidence AS readiness_assessments_primary_evidence, readiness_assessments.component_summary AS readiness_assessments_component_summary, readiness_assessments.data_quality_score AS readiness_assessments_data_quality_score, readiness_assessments.prediction_horizon_days AS readiness_assessments_prediction_horizon_days, readiness_assessments.explanation AS readiness_assessments_explanation, readiness_assessments.llm_explanation AS readiness_assessments_llm_explanation, readiness_assessments.pipeline_run_id AS readiness_assessments_pipeline_run_id, readiness_assessments.id AS readiness_assessments_id, readiness_assessments.created_at AS readiness_assessments_created_at, readiness_assessments.updated_at AS readiness_assessments_updated_at 
FROM readiness_assessments 
WHERE readiness_assessments.asset_id = %(asset_id_1)s::UUID ORDER BY readiness_assessments.assessed_at DESC 
 LIMIT %(param_1)s::INTEGER
2026-09-15 16:41:20,588 INFO sqlalchemy.engine.Engine [cached since 1.539s ago] {'asset_id_1': UUID('68c34d9f-8635-4e12-9cf6-40c9fe6e471e'), 'param_1': 1}
2026-09-15 16:41:20,592 INFO sqlalchemy.engine.Engine SELECT components.asset_id AS components_asset_id, components.component_id AS components_component_id, components.name AS components_name, components.component_type AS components_component_type, components.criticality AS components_criticality, components.manufacturer AS components_manufacturer, components.model_number AS components_model_number, components.install_date AS components_install_date, components.design_life_hours AS components_design_life_hours, components.design_life_cycles AS components_design_life_cycles, components.current_operating_hours AS components_current_operating_hours, components.current_cycles AS components_current_cycles, components.is_active AS components_is_active, components.metadata AS components_metadata, components.id AS components_id, components.created_at AS components_created_at, components.updated_at AS components_updated_at 
FROM components 
WHERE components.asset_id = %(asset_id_1)s::UUID AND components.is_active = true
2026-09-15 16:41:20,593 INFO sqlalchemy.engine.Engine [cached since 1.688s ago] {'asset_id_1': UUID('16e38efd-b1de-4036-843b-3be036a2038e')}
2026-09-15 16:41:20,597 INFO sqlalchemy.engine.Engine SELECT predictions.asset_id AS predictions_asset_id, predictions.component_id AS predictions_component_id, predictions.predicted_at AS predictions_predicted_at, predictions.prediction_horizon_days AS predictions_prediction_horizon_days, predictions.risk_score AS predictions_risk_score, predictions.risk_category AS predictions_risk_category, predictions.risk_factors AS predictions_risk_factors, predictions.feature_values AS predictions_feature_values, predictions.uncertainty AS predictions_uncertainty, predictions.data_sufficiency AS predictions_data_sufficiency, predictions.model_version AS predictions_model_version, predictions.layer_scores AS predictions_layer_scores, predictions.pipeline_run_id AS predictions_pipeline_run_id, predictions.id AS predictions_id, predictions.created_at AS predictions_created_at, predictions.updated_at AS predictions_updated_at 
FROM predictions 
WHERE predictions.component_id = %(component_id_1)s::UUID ORDER BY predictions.predicted_at DESC 
 LIMIT %(param_1)s::INTEGER
2026-09-15 16:41:20,597 INFO sqlalchemy.engine.Engine [cached since 1.665s ago] {'component_id_1': UUID('b334eab1-0268-4461-afea-38682d2f8886'), 'param_1': 1}
2026-09-15 16:41:20,601 INFO sqlalchemy.engine.Engine SELECT predictions.asset_id AS predictions_asset_id, predictions.component_id AS predictions_component_id, predictions.predicted_at AS predictions_predicted_at, predictions.prediction_horizon_days AS predictions_prediction_horizon_days, predictions.risk_score AS predictions_risk_score, predictions.risk_category AS predictions_risk_category, predictions.risk_factors AS predictions_risk_factors, predictions.feature_values AS predictions_feature_values, predictions.uncertainty AS predictions_uncertainty, predictions.data_sufficiency AS predictions_data_sufficiency, predictions.model_version AS predictions_model_version, predictions.layer_scores AS predictions_layer_scores, predictions.pipeline_run_id AS predictions_pipeline_run_id, predictions.id AS predictions_id, predictions.created_at AS predictions_created_at, predictions.updated_at AS predictions_updated_at 
FROM predictions 
WHERE predictions.component_id = %(component_id_1)s::UUID ORDER BY predictions.predicted_at DESC 
 LIMIT %(param_1)s::INTEGER
2026-09-15 16:41:20,602 INFO sqlalchemy.engine.Engine [cached since 1.67s ago] {'component_id_1': UUID('fddd28ae-e3c6-492d-a9df-93245597e686'), 'param_1': 1}
2026-09-15 16:41:20,606 INFO sqlalchemy.engine.Engine SELECT predictions.asset_id AS predictions_asset_id, predictions.component_id AS predictions_component_id, predictions.predicted_at AS predictions_predicted_at, predictions.prediction_horizon_days AS predictions_prediction_horizon_days, predictions.risk_score AS predictions_risk_score, predictions.risk_category AS predictions_risk_category, predictions.risk_factors AS predictions_risk_factors, predictions.feature_values AS predictions_feature_values, predictions.uncertainty AS predictions_uncertainty, predictions.data_sufficiency AS predictions_data_sufficiency, predictions.model_version AS predictions_model_version, predictions.layer_scores AS predictions_layer_scores, predictions.pipeline_run_id AS predictions_pipeline_run_id, predictions.id AS predictions_id, predictions.created_at AS predictions_created_at, predictions.updated_at AS predictions_updated_at 
FROM predictions 
WHERE predictions.component_id = %(component_id_1)s::UUID ORDER BY predictions.predicted_at DESC 
 LIMIT %(param_1)s::INTEGER
2026-09-15 16:41:20,606 INFO sqlalchemy.engine.Engine [cached since 1.674s ago] {'component_id_1': UUID('fd49bc1c-42ac-438f-837d-579ed552abb3'), 'param_1': 1}
2026-09-15 16:41:20,611 INFO sqlalchemy.engine.Engine SELECT predictions.asset_id AS predictions_asset_id, predictions.component_id AS predictions_component_id, predictions.predicted_at AS predictions_predicted_at, predictions.prediction_horizon_days AS predictions_prediction_horizon_days, predictions.risk_score AS predictions_risk_score, predictions.risk_category AS predictions_risk_category, predictions.risk_factors AS predictions_risk_factors, predictions.feature_values AS predictions_feature_values, predictions.uncertainty AS predictions_uncertainty, predictions.data_sufficiency AS predictions_data_sufficiency, predictions.model_version AS predictions_model_version, predictions.layer_scores AS predictions_layer_scores, predictions.pipeline_run_id AS predictions_pipeline_run_id, predictions.id AS predictions_id, predictions.created_at AS predictions_created_at, predictions.updated_at AS predictions_updated_at 
FROM predictions 
WHERE predictions.component_id = %(component_id_1)s::UUID ORDER BY predictions.predicted_at DESC 
 LIMIT %(param_1)s::INTEGER
2026-09-15 16:41:20,611 INFO sqlalchemy.engine.Engine [cached since 1.679s ago] {'component_id_1': UUID('083484ee-1719-44f1-a634-e1e171d1380a'), 'param_1': 1}
2026-09-15 16:41:20,615 INFO sqlalchemy.engine.Engine SELECT predictions.asset_id AS predictions_asset_id, predictions.component_id AS predictions_component_id, predictions.predicted_at AS predictions_predicted_at, predictions.prediction_horizon_days AS predictions_prediction_horizon_days, predictions.risk_score AS predictions_risk_score, predictions.risk_category AS predictions_risk_category, predictions.risk_factors AS predictions_risk_factors, predictions.feature_values AS predictions_feature_values, predictions.uncertainty AS predictions_uncertainty, predictions.data_sufficiency AS predictions_data_sufficiency, predictions.model_version AS predictions_model_version, predictions.layer_scores AS predictions_layer_scores, predictions.pipeline_run_id AS predictions_pipeline_run_id, predictions.id AS predictions_id, predictions.created_at AS predictions_created_at, predictions.updated_at AS predictions_updated_at 
FROM predictions 
WHERE predictions.component_id = %(component_id_1)s::UUID ORDER BY predictions.predicted_at DESC 
 LIMIT %(param_1)s::INTEGER
2026-09-15 16:41:20,615 INFO sqlalchemy.engine.Engine [cached since 1.683s ago] {'component_id_1': UUID('09fac54e-3187-438f-80af-6215531a0c3e'), 'param_1': 1}
2026-09-15 16:41:20,619 INFO sqlalchemy.engine.Engine SELECT predictions.asset_id AS predictions_asset_id, predictions.component_id AS predictions_component_id, predictions.predicted_at AS predictions_predicted_at, predictions.prediction_horizon_days AS predictions_prediction_horizon_days, predictions.risk_score AS predictions_risk_score, predictions.risk_category AS predictions_risk_category, predictions.risk_factors AS predictions_risk_factors, predictions.feature_values AS predictions_feature_values, predictions.uncertainty AS predictions_uncertainty, predictions.data_sufficiency AS predictions_data_sufficiency, predictions.model_version AS predictions_model_version, predictions.layer_scores AS predictions_layer_scores, predictions.pipeline_run_id AS predictions_pipeline_run_id, predictions.id AS predictions_id, predictions.created_at AS predictions_created_at, predictions.updated_at AS predictions_updated_at 
FROM predictions 
WHERE predictions.component_id = %(component_id_1)s::UUID ORDER BY predictions.predicted_at DESC 
 LIMIT %(param_1)s::INTEGER
2026-09-15 16:41:20,619 INFO sqlalchemy.engine.Engine [cached since 1.687s ago] {'component_id_1': UUID('ab28764a-9770-439f-be1b-f934e64d513b'), 'param_1': 1}
2026-09-15 16:41:20,622 INFO sqlalchemy.engine.Engine SELECT predictions.asset_id AS predictions_asset_id, predictions.component_id AS predictions_component_id, predictions.predicted_at AS predictions_predicted_at, predictions.prediction_horizon_days AS predictions_prediction_horizon_days, predictions.risk_score AS predictions_risk_score, predictions.risk_category AS predictions_risk_category, predictions.risk_factors AS predictions_risk_factors, predictions.feature_values AS predictions_feature_values, predictions.uncertainty AS predictions_uncertainty, predictions.data_sufficiency AS predictions_data_sufficiency, predictions.model_version AS predictions_model_version, predictions.layer_scores AS predictions_layer_scores, predictions.pipeline_run_id AS predictions_pipeline_run_id, predictions.id AS predictions_id, predictions.created_at AS predictions_created_at, predictions.updated_at AS predictions_updated_at 
FROM predictions 
WHERE predictions.component_id = %(component_id_1)s::UUID ORDER BY predictions.predicted_at DESC 
 LIMIT %(param_1)s::INTEGER
2026-09-15 16:41:20,622 INFO sqlalchemy.engine.Engine [cached since 1.691s ago] {'component_id_1': UUID('80535567-ac89-483c-9d43-dcbb8aae5dd9'), 'param_1': 1}
2026-09-15 16:41:20,626 INFO sqlalchemy.engine.Engine SELECT readiness_assessments.asset_id AS readiness_assessments_asset_id, readiness_assessments.assessed_at AS readiness_assessments_assessed_at, readiness_assessments.status AS readiness_assessments_status, readiness_assessments.overall_health_score AS readiness_assessments_overall_health_score, readiness_assessments.primary_evidence AS readiness_assessments_primary_evidence, readiness_assessments.component_summary AS readiness_assessments_component_summary, readiness_assessments.data_quality_score AS readiness_assessments_data_quality_score, readiness_assessments.prediction_horizon_days AS readiness_assessments_prediction_horizon_days, readiness_assessments.explanation AS readiness_assessments_explanation, readiness_assessments.llm_explanation AS readiness_assessments_llm_explanation, readiness_assessments.pipeline_run_id AS readiness_assessments_pipeline_run_id, readiness_assessments.id AS readiness_assessments_id, readiness_assessments.created_at AS readiness_assessments_created_at, readiness_assessments.updated_at AS readiness_assessments_updated_at 
FROM readiness_assessments 
WHERE readiness_assessments.asset_id = %(asset_id_1)s::UUID ORDER BY readiness_assessments.assessed_at DESC 
 LIMIT %(param_1)s::INTEGER
2026-09-15 16:41:20,627 INFO sqlalchemy.engine.Engine [cached since 1.577s ago] {'asset_id_1': UUID('16e38efd-b1de-4036-843b-3be036a2038e'), 'param_1': 1}
2026-09-15 16:41:20,631 INFO sqlalchemy.engine.Engine SELECT components.asset_id AS components_asset_id, components.component_id AS components_component_id, components.name AS components_name, components.component_type AS components_component_type, components.criticality AS components_criticality, components.manufacturer AS components_manufacturer, components.model_number AS components_model_number, components.install_date AS components_install_date, components.design_life_hours AS components_design_life_hours, components.design_life_cycles AS components_design_life_cycles, components.current_operating_hours AS components_current_operating_hours, components.current_cycles AS components_current_cycles, components.is_active AS components_is_active, components.metadata AS components_metadata, components.id AS components_id, components.created_at AS components_created_at, components.updated_at AS components_updated_at 
FROM components 
WHERE components.asset_id = %(asset_id_1)s::UUID AND components.is_active = true
2026-09-15 16:41:20,632 INFO sqlalchemy.engine.Engine [cached since 1.727s ago] {'asset_id_1': UUID('020d0166-a056-432b-bd9e-b468fe4c47ef')}
2026-09-15 16:41:20,637 INFO sqlalchemy.engine.Engine SELECT predictions.asset_id AS predictions_asset_id, predictions.component_id AS predictions_component_id, predictions.predicted_at AS predictions_predicted_at, predictions.prediction_horizon_days AS predictions_prediction_horizon_days, predictions.risk_score AS predictions_risk_score, predictions.risk_category AS predictions_risk_category, predictions.risk_factors AS predictions_risk_factors, predictions.feature_values AS predictions_feature_values, predictions.uncertainty AS predictions_uncertainty, predictions.data_sufficiency AS predictions_data_sufficiency, predictions.model_version AS predictions_model_version, predictions.layer_scores AS predictions_layer_scores, predictions.pipeline_run_id AS predictions_pipeline_run_id, predictions.id AS predictions_id, predictions.created_at AS predictions_created_at, predictions.updated_at AS predictions_updated_at 
FROM predictions 
WHERE predictions.component_id = %(component_id_1)s::UUID ORDER BY predictions.predicted_at DESC 
 LIMIT %(param_1)s::INTEGER
2026-09-15 16:41:20,637 INFO sqlalchemy.engine.Engine [cached since 1.705s ago] {'component_id_1': UUID('e0168a84-4793-49fb-ae6b-ff078c16378c'), 'param_1': 1}
2026-09-15 16:41:20,641 INFO sqlalchemy.engine.Engine SELECT predictions.asset_id AS predictions_asset_id, predictions.component_id AS predictions_component_id, predictions.predicted_at AS predictions_predicted_at, predictions.prediction_horizon_days AS predictions_prediction_horizon_days, predictions.risk_score AS predictions_risk_score, predictions.risk_category AS predictions_risk_category, predictions.risk_factors AS predictions_risk_factors, predictions.feature_values AS predictions_feature_values, predictions.uncertainty AS predictions_uncertainty, predictions.data_sufficiency AS predictions_data_sufficiency, predictions.model_version AS predictions_model_version, predictions.layer_scores AS predictions_layer_scores, predictions.pipeline_run_id AS predictions_pipeline_run_id, predictions.id AS predictions_id, predictions.created_at AS predictions_created_at, predictions.updated_at AS predictions_updated_at 
FROM predictions 
WHERE predictions.component_id = %(component_id_1)s::UUID ORDER BY predictions.predicted_at DESC 
 LIMIT %(param_1)s::INTEGER
2026-09-15 16:41:20,642 INFO sqlalchemy.engine.Engine [cached since 1.71s ago] {'component_id_1': UUID('0f6b1e47-3221-4d56-ab63-7e1d33c18153'), 'param_1': 1}
2026-09-15 16:41:20,646 INFO sqlalchemy.engine.Engine SELECT predictions.asset_id AS predictions_asset_id, predictions.component_id AS predictions_component_id, predictions.predicted_at AS predictions_predicted_at, predictions.prediction_horizon_days AS predictions_prediction_horizon_days, predictions.risk_score AS predictions_risk_score, predictions.risk_category AS predictions_risk_category, predictions.risk_factors AS predictions_risk_factors, predictions.feature_values AS predictions_feature_values, predictions.uncertainty AS predictions_uncertainty, predictions.data_sufficiency AS predictions_data_sufficiency, predictions.model_version AS predictions_model_version, predictions.layer_scores AS predictions_layer_scores, predictions.pipeline_run_id AS predictions_pipeline_run_id, predictions.id AS predictions_id, predictions.created_at AS predictions_created_at, predictions.updated_at AS predictions_updated_at 
FROM predictions 
WHERE predictions.component_id = %(component_id_1)s::UUID ORDER BY predictions.predicted_at DESC 
 LIMIT %(param_1)s::INTEGER
2026-09-15 16:41:20,647 INFO sqlalchemy.engine.Engine [cached since 1.715s ago] {'component_id_1': UUID('04c3aa04-4e38-4789-80fe-4d97d2ddb9b8'), 'param_1': 1}
2026-09-15 16:41:20,651 INFO sqlalchemy.engine.Engine SELECT predictions.asset_id AS predictions_asset_id, predictions.component_id AS predictions_component_id, predictions.predicted_at AS predictions_predicted_at, predictions.prediction_horizon_days AS predictions_prediction_horizon_days, predictions.risk_score AS predictions_risk_score, predictions.risk_category AS predictions_risk_category, predictions.risk_factors AS predictions_risk_factors, predictions.feature_values AS predictions_feature_values, predictions.uncertainty AS predictions_uncertainty, predictions.data_sufficiency AS predictions_data_sufficiency, predictions.model_version AS predictions_model_version, predictions.layer_scores AS predictions_layer_scores, predictions.pipeline_run_id AS predictions_pipeline_run_id, predictions.id AS predictions_id, predictions.created_at AS predictions_created_at, predictions.updated_at AS predictions_updated_at 
FROM predictions 
WHERE predictions.component_id = %(component_id_1)s::UUID ORDER BY predictions.predicted_at DESC 
 LIMIT %(param_1)s::INTEGER
2026-09-15 16:41:20,651 INFO sqlalchemy.engine.Engine [cached since 1.72s ago] {'component_id_1': UUID('b773cf86-4283-4e05-bd45-6eb13b2faa73'), 'param_1': 1}
2026-09-15 16:41:20,655 INFO sqlalchemy.engine.Engine SELECT predictions.asset_id AS predictions_asset_id, predictions.component_id AS predictions_component_id, predictions.predicted_at AS predictions_predicted_at, predictions.prediction_horizon_days AS predictions_prediction_horizon_days, predictions.risk_score AS predictions_risk_score, predictions.risk_category AS predictions_risk_category, predictions.risk_factors AS predictions_risk_factors, predictions.feature_values AS predictions_feature_values, predictions.uncertainty AS predictions_uncertainty, predictions.data_sufficiency AS predictions_data_sufficiency, predictions.model_version AS predictions_model_version, predictions.layer_scores AS predictions_layer_scores, predictions.pipeline_run_id AS predictions_pipeline_run_id, predictions.id AS predictions_id, predictions.created_at AS predictions_created_at, predictions.updated_at AS predictions_updated_at 
FROM predictions 
WHERE predictions.component_id = %(component_id_1)s::UUID ORDER BY predictions.predicted_at DESC 
 LIMIT %(param_1)s::INTEGER
2026-09-15 16:41:20,656 INFO sqlalchemy.engine.Engine [cached since 1.724s ago] {'component_id_1': UUID('74d2addb-b16b-459a-a882-8069b8e1ab44'), 'param_1': 1}
2026-09-15 16:41:20,660 INFO sqlalchemy.engine.Engine SELECT predictions.asset_id AS predictions_asset_id, predictions.component_id AS predictions_component_id, predictions.predicted_at AS predictions_predicted_at, predictions.prediction_horizon_days AS predictions_prediction_horizon_days, predictions.risk_score AS predictions_risk_score, predictions.risk_category AS predictions_risk_category, predictions.risk_factors AS predictions_risk_factors, predictions.feature_values AS predictions_feature_values, predictions.uncertainty AS predictions_uncertainty, predictions.data_sufficiency AS predictions_data_sufficiency, predictions.model_version AS predictions_model_version, predictions.layer_scores AS predictions_layer_scores, predictions.pipeline_run_id AS predictions_pipeline_run_id, predictions.id AS predictions_id, predictions.created_at AS predictions_created_at, predictions.updated_at AS predictions_updated_at 
FROM predictions 
WHERE predictions.component_id = %(component_id_1)s::UUID ORDER BY predictions.predicted_at DESC 
 LIMIT %(param_1)s::INTEGER
2026-09-15 16:41:20,660 INFO sqlalchemy.engine.Engine [cached since 1.728s ago] {'component_id_1': UUID('f8dcaa29-279d-40fa-9fe7-29175360fe9a'), 'param_1': 1}
2026-09-15 16:41:20,663 INFO sqlalchemy.engine.Engine SELECT predictions.asset_id AS predictions_asset_id, predictions.component_id AS predictions_component_id, predictions.predicted_at AS predictions_predicted_at, predictions.prediction_horizon_days AS predictions_prediction_horizon_days, predictions.risk_score AS predictions_risk_score, predictions.risk_category AS predictions_risk_category, predictions.risk_factors AS predictions_risk_factors, predictions.feature_values AS predictions_feature_values, predictions.uncertainty AS predictions_uncertainty, predictions.data_sufficiency AS predictions_data_sufficiency, predictions.model_version AS predictions_model_version, predictions.layer_scores AS predictions_layer_scores, predictions.pipeline_run_id AS predictions_pipeline_run_id, predictions.id AS predictions_id, predictions.created_at AS predictions_created_at, predictions.updated_at AS predictions_updated_at 
FROM predictions 
WHERE predictions.component_id = %(component_id_1)s::UUID ORDER BY predictions.predicted_at DESC 
 LIMIT %(param_1)s::INTEGER
2026-09-15 16:41:20,663 INFO sqlalchemy.engine.Engine [cached since 1.732s ago] {'component_id_1': UUID('e6660ca5-eaf0-4970-8d7e-a55ff8bcbc1f'), 'param_1': 1}
2026-09-15 16:41:20,667 INFO sqlalchemy.engine.Engine SELECT readiness_assessments.asset_id AS readiness_assessments_asset_id, readiness_assessments.assessed_at AS readiness_assessments_assessed_at, readiness_assessments.status AS readiness_assessments_status, readiness_assessments.overall_health_score AS readiness_assessments_overall_health_score, readiness_assessments.primary_evidence AS readiness_assessments_primary_evidence, readiness_assessments.component_summary AS readiness_assessments_component_summary, readiness_assessments.data_quality_score AS readiness_assessments_data_quality_score, readiness_assessments.prediction_horizon_days AS readiness_assessments_prediction_horizon_days, readiness_assessments.explanation AS readiness_assessments_explanation, readiness_assessments.llm_explanation AS readiness_assessments_llm_explanation, readiness_assessments.pipeline_run_id AS readiness_assessments_pipeline_run_id, readiness_assessments.id AS readiness_assessments_id, readiness_assessments.created_at AS readiness_assessments_created_at, readiness_assessments.updated_at AS readiness_assessments_updated_at 
FROM readiness_assessments 
WHERE readiness_assessments.asset_id = %(asset_id_1)s::UUID ORDER BY readiness_assessments.assessed_at DESC 
 LIMIT %(param_1)s::INTEGER
2026-09-15 16:41:20,667 INFO sqlalchemy.engine.Engine [cached since 1.617s ago] {'asset_id_1': UUID('020d0166-a056-432b-bd9e-b468fe4c47ef'), 'param_1': 1}
2026-09-15 16:41:20,670 INFO sqlalchemy.engine.Engine SELECT components.asset_id AS components_asset_id, components.component_id AS components_component_id, components.name AS components_name, components.component_type AS components_component_type, components.criticality AS components_criticality, components.manufacturer AS components_manufacturer, components.model_number AS components_model_number, components.install_date AS components_install_date, components.design_life_hours AS components_design_life_hours, components.design_life_cycles AS components_design_life_cycles, components.current_operating_hours AS components_current_operating_hours, components.current_cycles AS components_current_cycles, components.is_active AS components_is_active, components.metadata AS components_metadata, components.id AS components_id, components.created_at AS components_created_at, components.updated_at AS components_updated_at 
FROM components 
WHERE components.asset_id = %(asset_id_1)s::UUID AND components.is_active = true
2026-09-15 16:41:20,670 INFO sqlalchemy.engine.Engine [cached since 1.765s ago] {'asset_id_1': UUID('418695a8-bf39-430f-9e21-fd9ad62193a6')}
2026-09-15 16:41:20,673 INFO sqlalchemy.engine.Engine SELECT predictions.asset_id AS predictions_asset_id, predictions.component_id AS predictions_component_id, predictions.predicted_at AS predictions_predicted_at, predictions.prediction_horizon_days AS predictions_prediction_horizon_days, predictions.risk_score AS predictions_risk_score, predictions.risk_category AS predictions_risk_category, predictions.risk_factors AS predictions_risk_factors, predictions.feature_values AS predictions_feature_values, predictions.uncertainty AS predictions_uncertainty, predictions.data_sufficiency AS predictions_data_sufficiency, predictions.model_version AS predictions_model_version, predictions.layer_scores AS predictions_layer_scores, predictions.pipeline_run_id AS predictions_pipeline_run_id, predictions.id AS predictions_id, predictions.created_at AS predictions_created_at, predictions.updated_at AS predictions_updated_at 
FROM predictions 
WHERE predictions.component_id = %(component_id_1)s::UUID ORDER BY predictions.predicted_at DESC 
 LIMIT %(param_1)s::INTEGER
2026-09-15 16:41:20,674 INFO sqlalchemy.engine.Engine [cached since 1.742s ago] {'component_id_1': UUID('30e78996-5ff0-465c-ae7c-f4e1ab72ff56'), 'param_1': 1}
2026-09-15 16:41:20,678 INFO sqlalchemy.engine.Engine SELECT predictions.asset_id AS predictions_asset_id, predictions.component_id AS predictions_component_id, predictions.predicted_at AS predictions_predicted_at, predictions.prediction_horizon_days AS predictions_prediction_horizon_days, predictions.risk_score AS predictions_risk_score, predictions.risk_category AS predictions_risk_category, predictions.risk_factors AS predictions_risk_factors, predictions.feature_values AS predictions_feature_values, predictions.uncertainty AS predictions_uncertainty, predictions.data_sufficiency AS predictions_data_sufficiency, predictions.model_version AS predictions_model_version, predictions.layer_scores AS predictions_layer_scores, predictions.pipeline_run_id AS predictions_pipeline_run_id, predictions.id AS predictions_id, predictions.created_at AS predictions_created_at, predictions.updated_at AS predictions_updated_at 
FROM predictions 
WHERE predictions.component_id = %(component_id_1)s::UUID ORDER BY predictions.predicted_at DESC 
 LIMIT %(param_1)s::INTEGER
2026-09-15 16:41:20,678 INFO sqlalchemy.engine.Engine [cached since 1.746s ago] {'component_id_1': UUID('2c6cce10-cfed-4ece-8992-bca308a2912e'), 'param_1': 1}
2026-09-15 16:41:20,683 INFO sqlalchemy.engine.Engine SELECT predictions.asset_id AS predictions_asset_id, predictions.component_id AS predictions_component_id, predictions.predicted_at AS predictions_predicted_at, predictions.prediction_horizon_days AS predictions_prediction_horizon_days, predictions.risk_score AS predictions_risk_score, predictions.risk_category AS predictions_risk_category, predictions.risk_factors AS predictions_risk_factors, predictions.feature_values AS predictions_feature_values, predictions.uncertainty AS predictions_uncertainty, predictions.data_sufficiency AS predictions_data_sufficiency, predictions.model_version AS predictions_model_version, predictions.layer_scores AS predictions_layer_scores, predictions.pipeline_run_id AS predictions_pipeline_run_id, predictions.id AS predictions_id, predictions.created_at AS predictions_created_at, predictions.updated_at AS predictions_updated_at 
FROM predictions 
WHERE predictions.component_id = %(component_id_1)s::UUID ORDER BY predictions.predicted_at DESC 
 LIMIT %(param_1)s::INTEGER
2026-09-15 16:41:20,683 INFO sqlalchemy.engine.Engine [cached since 1.751s ago] {'component_id_1': UUID('37aff280-a6a1-4916-b686-17c8405259ae'), 'param_1': 1}
2026-09-15 16:41:20,687 INFO sqlalchemy.engine.Engine SELECT predictions.asset_id AS predictions_asset_id, predictions.component_id AS predictions_component_id, predictions.predicted_at AS predictions_predicted_at, predictions.prediction_horizon_days AS predictions_prediction_horizon_days, predictions.risk_score AS predictions_risk_score, predictions.risk_category AS predictions_risk_category, predictions.risk_factors AS predictions_risk_factors, predictions.feature_values AS predictions_feature_values, predictions.uncertainty AS predictions_uncertainty, predictions.data_sufficiency AS predictions_data_sufficiency, predictions.model_version AS predictions_model_version, predictions.layer_scores AS predictions_layer_scores, predictions.pipeline_run_id AS predictions_pipeline_run_id, predictions.id AS predictions_id, predictions.created_at AS predictions_created_at, predictions.updated_at AS predictions_updated_at 
FROM predictions 
WHERE predictions.component_id = %(component_id_1)s::UUID ORDER BY predictions.predicted_at DESC 
 LIMIT %(param_1)s::INTEGER
2026-09-15 16:41:20,688 INFO sqlalchemy.engine.Engine [cached since 1.756s ago] {'component_id_1': UUID('8a4c652f-551e-4253-b649-311f08940f82'), 'param_1': 1}
2026-09-15 16:41:20,691 INFO sqlalchemy.engine.Engine SELECT predictions.asset_id AS predictions_asset_id, predictions.component_id AS predictions_component_id, predictions.predicted_at AS predictions_predicted_at, predictions.prediction_horizon_days AS predictions_prediction_horizon_days, predictions.risk_score AS predictions_risk_score, predictions.risk_category AS predictions_risk_category, predictions.risk_factors AS predictions_risk_factors, predictions.feature_values AS predictions_feature_values, predictions.uncertainty AS predictions_uncertainty, predictions.data_sufficiency AS predictions_data_sufficiency, predictions.model_version AS predictions_model_version, predictions.layer_scores AS predictions_layer_scores, predictions.pipeline_run_id AS predictions_pipeline_run_id, predictions.id AS predictions_id, predictions.created_at AS predictions_created_at, predictions.updated_at AS predictions_updated_at 
FROM predictions 
WHERE predictions.component_id = %(component_id_1)s::UUID ORDER BY predictions.predicted_at DESC 
 LIMIT %(param_1)s::INTEGER
2026-09-15 16:41:20,691 INFO sqlalchemy.engine.Engine [cached since 1.759s ago] {'component_id_1': UUID('78a1d039-32e2-4f5e-b47b-dacba2324d71'), 'param_1': 1}
2026-09-15 16:41:20,695 INFO sqlalchemy.engine.Engine SELECT readiness_assessments.asset_id AS readiness_assessments_asset_id, readiness_assessments.assessed_at AS readiness_assessments_assessed_at, readiness_assessments.status AS readiness_assessments_status, readiness_assessments.overall_health_score AS readiness_assessments_overall_health_score, readiness_assessments.primary_evidence AS readiness_assessments_primary_evidence, readiness_assessments.component_summary AS readiness_assessments_component_summary, readiness_assessments.data_quality_score AS readiness_assessments_data_quality_score, readiness_assessments.prediction_horizon_days AS readiness_assessments_prediction_horizon_days, readiness_assessments.explanation AS readiness_assessments_explanation, readiness_assessments.llm_explanation AS readiness_assessments_llm_explanation, readiness_assessments.pipeline_run_id AS readiness_assessments_pipeline_run_id, readiness_assessments.id AS readiness_assessments_id, readiness_assessments.created_at AS readiness_assessments_created_at, readiness_assessments.updated_at AS readiness_assessments_updated_at 
FROM readiness_assessments 
WHERE readiness_assessments.asset_id = %(asset_id_1)s::UUID ORDER BY readiness_assessments.assessed_at DESC 
 LIMIT %(param_1)s::INTEGER
2026-09-15 16:41:20,695 INFO sqlalchemy.engine.Engine [cached since 1.645s ago] {'asset_id_1': UUID('418695a8-bf39-430f-9e21-fd9ad62193a6'), 'param_1': 1}
2026-09-15 16:41:20,698 INFO sqlalchemy.engine.Engine SELECT components.asset_id AS components_asset_id, components.component_id AS components_component_id, components.name AS components_name, components.component_type AS components_component_type, components.criticality AS components_criticality, components.manufacturer AS components_manufacturer, components.model_number AS components_model_number, components.install_date AS components_install_date, components.design_life_hours AS components_design_life_hours, components.design_life_cycles AS components_design_life_cycles, components.current_operating_hours AS components_current_operating_hours, components.current_cycles AS components_current_cycles, components.is_active AS components_is_active, components.metadata AS components_metadata, components.id AS components_id, components.created_at AS components_created_at, components.updated_at AS components_updated_at 
FROM components 
WHERE components.asset_id = %(asset_id_1)s::UUID AND components.is_active = true
2026-09-15 16:41:20,699 INFO sqlalchemy.engine.Engine [cached since 1.794s ago] {'asset_id_1': UUID('f7bb969c-8a8a-41cd-a411-f5006126c6d3')}
2026-09-15 16:41:20,703 INFO sqlalchemy.engine.Engine SELECT predictions.asset_id AS predictions_asset_id, predictions.component_id AS predictions_component_id, predictions.predicted_at AS predictions_predicted_at, predictions.prediction_horizon_days AS predictions_prediction_horizon_days, predictions.risk_score AS predictions_risk_score, predictions.risk_category AS predictions_risk_category, predictions.risk_factors AS predictions_risk_factors, predictions.feature_values AS predictions_feature_values, predictions.uncertainty AS predictions_uncertainty, predictions.data_sufficiency AS predictions_data_sufficiency, predictions.model_version AS predictions_model_version, predictions.layer_scores AS predictions_layer_scores, predictions.pipeline_run_id AS predictions_pipeline_run_id, predictions.id AS predictions_id, predictions.created_at AS predictions_created_at, predictions.updated_at AS predictions_updated_at 
FROM predictions 
WHERE predictions.component_id = %(component_id_1)s::UUID ORDER BY predictions.predicted_at DESC 
 LIMIT %(param_1)s::INTEGER
2026-09-15 16:41:20,704 INFO sqlalchemy.engine.Engine [cached since 1.772s ago] {'component_id_1': UUID('23821ab8-0bf4-488e-a067-574292adc4d0'), 'param_1': 1}
2026-09-15 16:41:20,708 INFO sqlalchemy.engine.Engine SELECT predictions.asset_id AS predictions_asset_id, predictions.component_id AS predictions_component_id, predictions.predicted_at AS predictions_predicted_at, predictions.prediction_horizon_days AS predictions_prediction_horizon_days, predictions.risk_score AS predictions_risk_score, predictions.risk_category AS predictions_risk_category, predictions.risk_factors AS predictions_risk_factors, predictions.feature_values AS predictions_feature_values, predictions.uncertainty AS predictions_uncertainty, predictions.data_sufficiency AS predictions_data_sufficiency, predictions.model_version AS predictions_model_version, predictions.layer_scores AS predictions_layer_scores, predictions.pipeline_run_id AS predictions_pipeline_run_id, predictions.id AS predictions_id, predictions.created_at AS predictions_created_at, predictions.updated_at AS predictions_updated_at 
FROM predictions 
WHERE predictions.component_id = %(component_id_1)s::UUID ORDER BY predictions.predicted_at DESC 
 LIMIT %(param_1)s::INTEGER
2026-09-15 16:41:20,708 INFO sqlalchemy.engine.Engine [cached since 1.777s ago] {'component_id_1': UUID('c424bdc4-7350-480b-8a23-4016fb9a5b7a'), 'param_1': 1}
2026-09-15 16:41:20,712 INFO sqlalchemy.engine.Engine SELECT predictions.asset_id AS predictions_asset_id, predictions.component_id AS predictions_component_id, predictions.predicted_at AS predictions_predicted_at, predictions.prediction_horizon_days AS predictions_prediction_horizon_days, predictions.risk_score AS predictions_risk_score, predictions.risk_category AS predictions_risk_category, predictions.risk_factors AS predictions_risk_factors, predictions.feature_values AS predictions_feature_values, predictions.uncertainty AS predictions_uncertainty, predictions.data_sufficiency AS predictions_data_sufficiency, predictions.model_version AS predictions_model_version, predictions.layer_scores AS predictions_layer_scores, predictions.pipeline_run_id AS predictions_pipeline_run_id, predictions.id AS predictions_id, predictions.created_at AS predictions_created_at, predictions.updated_at AS predictions_updated_at 
FROM predictions 
WHERE predictions.component_id = %(component_id_1)s::UUID ORDER BY predictions.predicted_at DESC 
 LIMIT %(param_1)s::INTEGER
2026-09-15 16:41:20,713 INFO sqlalchemy.engine.Engine [cached since 1.781s ago] {'component_id_1': UUID('640131ff-bd30-4c19-9068-9b9358f01daf'), 'param_1': 1}
2026-09-15 16:41:20,717 INFO sqlalchemy.engine.Engine SELECT predictions.asset_id AS predictions_asset_id, predictions.component_id AS predictions_component_id, predictions.predicted_at AS predictions_predicted_at, predictions.prediction_horizon_days AS predictions_prediction_horizon_days, predictions.risk_score AS predictions_risk_score, predictions.risk_category AS predictions_risk_category, predictions.risk_factors AS predictions_risk_factors, predictions.feature_values AS predictions_feature_values, predictions.uncertainty AS predictions_uncertainty, predictions.data_sufficiency AS predictions_data_sufficiency, predictions.model_version AS predictions_model_version, predictions.layer_scores AS predictions_layer_scores, predictions.pipeline_run_id AS predictions_pipeline_run_id, predictions.id AS predictions_id, predictions.created_at AS predictions_created_at, predictions.updated_at AS predictions_updated_at 
FROM predictions 
WHERE predictions.component_id = %(component_id_1)s::UUID ORDER BY predictions.predicted_at DESC 
 LIMIT %(param_1)s::INTEGER
2026-09-15 16:41:20,717 INFO sqlalchemy.engine.Engine [cached since 1.785s ago] {'component_id_1': UUID('276b59fa-af62-4c0c-b2ba-2b541cdd2af9'), 'param_1': 1}
2026-09-15 16:41:20,722 INFO sqlalchemy.engine.Engine SELECT predictions.asset_id AS predictions_asset_id, predictions.component_id AS predictions_component_id, predictions.predicted_at AS predictions_predicted_at, predictions.prediction_horizon_days AS predictions_prediction_horizon_days, predictions.risk_score AS predictions_risk_score, predictions.risk_category AS predictions_risk_category, predictions.risk_factors AS predictions_risk_factors, predictions.feature_values AS predictions_feature_values, predictions.uncertainty AS predictions_uncertainty, predictions.data_sufficiency AS predictions_data_sufficiency, predictions.model_version AS predictions_model_version, predictions.layer_scores AS predictions_layer_scores, predictions.pipeline_run_id AS predictions_pipeline_run_id, predictions.id AS predictions_id, predictions.created_at AS predictions_created_at, predictions.updated_at AS predictions_updated_at 
FROM predictions 
WHERE predictions.component_id = %(component_id_1)s::UUID ORDER BY predictions.predicted_at DESC 
 LIMIT %(param_1)s::INTEGER
2026-09-15 16:41:20,722 INFO sqlalchemy.engine.Engine [cached since 1.79s ago] {'component_id_1': UUID('221bdc29-4d7d-4199-8d0e-eaa26b4ca7ef'), 'param_1': 1}
2026-09-15 16:41:20,725 INFO sqlalchemy.engine.Engine SELECT readiness_assessments.asset_id AS readiness_assessments_asset_id, readiness_assessments.assessed_at AS readiness_assessments_assessed_at, readiness_assessments.status AS readiness_assessments_status, readiness_assessments.overall_health_score AS readiness_assessments_overall_health_score, readiness_assessments.primary_evidence AS readiness_assessments_primary_evidence, readiness_assessments.component_summary AS readiness_assessments_component_summary, readiness_assessments.data_quality_score AS readiness_assessments_data_quality_score, readiness_assessments.prediction_horizon_days AS readiness_assessments_prediction_horizon_days, readiness_assessments.explanation AS readiness_assessments_explanation, readiness_assessments.llm_explanation AS readiness_assessments_llm_explanation, readiness_assessments.pipeline_run_id AS readiness_assessments_pipeline_run_id, readiness_assessments.id AS readiness_assessments_id, readiness_assessments.created_at AS readiness_assessments_created_at, readiness_assessments.updated_at AS readiness_assessments_updated_at 
FROM readiness_assessments 
WHERE readiness_assessments.asset_id = %(asset_id_1)s::UUID ORDER BY readiness_assessments.assessed_at DESC 
 LIMIT %(param_1)s::INTEGER
2026-09-15 16:41:20,726 INFO sqlalchemy.engine.Engine [cached since 1.676s ago] {'asset_id_1': UUID('f7bb969c-8a8a-41cd-a411-f5006126c6d3'), 'param_1': 1}
2026-09-15 16:41:20,730 INFO sqlalchemy.engine.Engine SELECT components.asset_id AS components_asset_id, components.component_id AS components_component_id, components.name AS components_name, components.component_type AS components_component_type, components.criticality AS components_criticality, components.manufacturer AS components_manufacturer, components.model_number AS components_model_number, components.install_date AS components_install_date, components.design_life_hours AS components_design_life_hours, components.design_life_cycles AS components_design_life_cycles, components.current_operating_hours AS components_current_operating_hours, components.current_cycles AS components_current_cycles, components.is_active AS components_is_active, components.metadata AS components_metadata, components.id AS components_id, components.created_at AS components_created_at, components.updated_at AS components_updated_at 
FROM components 
WHERE components.asset_id = %(asset_id_1)s::UUID AND components.is_active = true
2026-09-15 16:41:20,730 INFO sqlalchemy.engine.Engine [cached since 1.825s ago] {'asset_id_1': UUID('41f89704-22e1-4f95-8719-e19da33575c4')}
2026-09-15 16:41:20,736 INFO sqlalchemy.engine.Engine SELECT predictions.asset_id AS predictions_asset_id, predictions.component_id AS predictions_component_id, predictions.predicted_at AS predictions_predicted_at, predictions.prediction_horizon_days AS predictions_prediction_horizon_days, predictions.risk_score AS predictions_risk_score, predictions.risk_category AS predictions_risk_category, predictions.risk_factors AS predictions_risk_factors, predictions.feature_values AS predictions_feature_values, predictions.uncertainty AS predictions_uncertainty, predictions.data_sufficiency AS predictions_data_sufficiency, predictions.model_version AS predictions_model_version, predictions.layer_scores AS predictions_layer_scores, predictions.pipeline_run_id AS predictions_pipeline_run_id, predictions.id AS predictions_id, predictions.created_at AS predictions_created_at, predictions.updated_at AS predictions_updated_at 
FROM predictions 
WHERE predictions.component_id = %(component_id_1)s::UUID ORDER BY predictions.predicted_at DESC 
 LIMIT %(param_1)s::INTEGER
2026-09-15 16:41:20,737 INFO sqlalchemy.engine.Engine [cached since 1.805s ago] {'component_id_1': UUID('981a53e7-ba61-4e55-9271-0c11c8f7911f'), 'param_1': 1}
2026-09-15 16:41:20,741 INFO sqlalchemy.engine.Engine SELECT predictions.asset_id AS predictions_asset_id, predictions.component_id AS predictions_component_id, predictions.predicted_at AS predictions_predicted_at, predictions.prediction_horizon_days AS predictions_prediction_horizon_days, predictions.risk_score AS predictions_risk_score, predictions.risk_category AS predictions_risk_category, predictions.risk_factors AS predictions_risk_factors, predictions.feature_values AS predictions_feature_values, predictions.uncertainty AS predictions_uncertainty, predictions.data_sufficiency AS predictions_data_sufficiency, predictions.model_version AS predictions_model_version, predictions.layer_scores AS predictions_layer_scores, predictions.pipeline_run_id AS predictions_pipeline_run_id, predictions.id AS predictions_id, predictions.created_at AS predictions_created_at, predictions.updated_at AS predictions_updated_at 
FROM predictions 
WHERE predictions.component_id = %(component_id_1)s::UUID ORDER BY predictions.predicted_at DESC 
 LIMIT %(param_1)s::INTEGER
2026-09-15 16:41:20,742 INFO sqlalchemy.engine.Engine [cached since 1.81s ago] {'component_id_1': UUID('7325ff2a-9e8c-4c43-b659-5298b57d9050'), 'param_1': 1}
2026-09-15 16:41:20,746 INFO sqlalchemy.engine.Engine SELECT predictions.asset_id AS predictions_asset_id, predictions.component_id AS predictions_component_id, predictions.predicted_at AS predictions_predicted_at, predictions.prediction_horizon_days AS predictions_prediction_horizon_days, predictions.risk_score AS predictions_risk_score, predictions.risk_category AS predictions_risk_category, predictions.risk_factors AS predictions_risk_factors, predictions.feature_values AS predictions_feature_values, predictions.uncertainty AS predictions_uncertainty, predictions.data_sufficiency AS predictions_data_sufficiency, predictions.model_version AS predictions_model_version, predictions.layer_scores AS predictions_layer_scores, predictions.pipeline_run_id AS predictions_pipeline_run_id, predictions.id AS predictions_id, predictions.created_at AS predictions_created_at, predictions.updated_at AS predictions_updated_at 
FROM predictions 
WHERE predictions.component_id = %(component_id_1)s::UUID ORDER BY predictions.predicted_at DESC 
 LIMIT %(param_1)s::INTEGER
2026-09-15 16:41:20,746 INFO sqlalchemy.engine.Engine [cached since 1.814s ago] {'component_id_1': UUID('05947c5e-a783-4696-b860-1c1e93040dc6'), 'param_1': 1}
2026-09-15 16:41:20,750 INFO sqlalchemy.engine.Engine SELECT predictions.asset_id AS predictions_asset_id, predictions.component_id AS predictions_component_id, predictions.predicted_at AS predictions_predicted_at, predictions.prediction_horizon_days AS predictions_prediction_horizon_days, predictions.risk_score AS predictions_risk_score, predictions.risk_category AS predictions_risk_category, predictions.risk_factors AS predictions_risk_factors, predictions.feature_values AS predictions_feature_values, predictions.uncertainty AS predictions_uncertainty, predictions.data_sufficiency AS predictions_data_sufficiency, predictions.model_version AS predictions_model_version, predictions.layer_scores AS predictions_layer_scores, predictions.pipeline_run_id AS predictions_pipeline_run_id, predictions.id AS predictions_id, predictions.created_at AS predictions_created_at, predictions.updated_at AS predictions_updated_at 
FROM predictions 
WHERE predictions.component_id = %(component_id_1)s::UUID ORDER BY predictions.predicted_at DESC 
 LIMIT %(param_1)s::INTEGER
2026-09-15 16:41:20,751 INFO sqlalchemy.engine.Engine [cached since 1.819s ago] {'component_id_1': UUID('6ba11896-2293-458c-9a9b-9b1b20536b63'), 'param_1': 1}
2026-09-15 16:41:20,755 INFO sqlalchemy.engine.Engine SELECT readiness_assessments.asset_id AS readiness_assessments_asset_id, readiness_assessments.assessed_at AS readiness_assessments_assessed_at, readiness_assessments.status AS readiness_assessments_status, readiness_assessments.overall_health_score AS readiness_assessments_overall_health_score, readiness_assessments.primary_evidence AS readiness_assessments_primary_evidence, readiness_assessments.component_summary AS readiness_assessments_component_summary, readiness_assessments.data_quality_score AS readiness_assessments_data_quality_score, readiness_assessments.prediction_horizon_days AS readiness_assessments_prediction_horizon_days, readiness_assessments.explanation AS readiness_assessments_explanation, readiness_assessments.llm_explanation AS readiness_assessments_llm_explanation, readiness_assessments.pipeline_run_id AS readiness_assessments_pipeline_run_id, readiness_assessments.id AS readiness_assessments_id, readiness_assessments.created_at AS readiness_assessments_created_at, readiness_assessments.updated_at AS readiness_assessments_updated_at 
FROM readiness_assessments 
WHERE readiness_assessments.asset_id = %(asset_id_1)s::UUID ORDER BY readiness_assessments.assessed_at DESC 
 LIMIT %(param_1)s::INTEGER
2026-09-15 16:41:20,755 INFO sqlalchemy.engine.Engine [cached since 1.705s ago] {'asset_id_1': UUID('41f89704-22e1-4f95-8719-e19da33575c4'), 'param_1': 1}
2026-09-15 16:41:20,759 INFO sqlalchemy.engine.Engine SELECT components.asset_id AS components_asset_id, components.component_id AS components_component_id, components.name AS components_name, components.component_type AS components_component_type, components.criticality AS components_criticality, components.manufacturer AS components_manufacturer, components.model_number AS components_model_number, components.install_date AS components_install_date, components.design_life_hours AS components_design_life_hours, components.design_life_cycles AS components_design_life_cycles, components.current_operating_hours AS components_current_operating_hours, components.current_cycles AS components_current_cycles, components.is_active AS components_is_active, components.metadata AS components_metadata, components.id AS components_id, components.created_at AS components_created_at, components.updated_at AS components_updated_at 
FROM components 
WHERE components.asset_id = %(asset_id_1)s::UUID AND components.is_active = true
2026-09-15 16:41:20,759 INFO sqlalchemy.engine.Engine [cached since 1.854s ago] {'asset_id_1': UUID('511323f6-e20e-480f-8e63-71586514c429')}
2026-09-15 16:41:20,763 INFO sqlalchemy.engine.Engine SELECT predictions.asset_id AS predictions_asset_id, predictions.component_id AS predictions_component_id, predictions.predicted_at AS predictions_predicted_at, predictions.prediction_horizon_days AS predictions_prediction_horizon_days, predictions.risk_score AS predictions_risk_score, predictions.risk_category AS predictions_risk_category, predictions.risk_factors AS predictions_risk_factors, predictions.feature_values AS predictions_feature_values, predictions.uncertainty AS predictions_uncertainty, predictions.data_sufficiency AS predictions_data_sufficiency, predictions.model_version AS predictions_model_version, predictions.layer_scores AS predictions_layer_scores, predictions.pipeline_run_id AS predictions_pipeline_run_id, predictions.id AS predictions_id, predictions.created_at AS predictions_created_at, predictions.updated_at AS predictions_updated_at 
FROM predictions 
WHERE predictions.component_id = %(component_id_1)s::UUID ORDER BY predictions.predicted_at DESC 
 LIMIT %(param_1)s::INTEGER
2026-09-15 16:41:20,763 INFO sqlalchemy.engine.Engine [cached since 1.832s ago] {'component_id_1': UUID('6023e751-11b9-480e-8d96-2ce2d9ce9c13'), 'param_1': 1}
2026-09-15 16:41:20,767 INFO sqlalchemy.engine.Engine SELECT predictions.asset_id AS predictions_asset_id, predictions.component_id AS predictions_component_id, predictions.predicted_at AS predictions_predicted_at, predictions.prediction_horizon_days AS predictions_prediction_horizon_days, predictions.risk_score AS predictions_risk_score, predictions.risk_category AS predictions_risk_category, predictions.risk_factors AS predictions_risk_factors, predictions.feature_values AS predictions_feature_values, predictions.uncertainty AS predictions_uncertainty, predictions.data_sufficiency AS predictions_data_sufficiency, predictions.model_version AS predictions_model_version, predictions.layer_scores AS predictions_layer_scores, predictions.pipeline_run_id AS predictions_pipeline_run_id, predictions.id AS predictions_id, predictions.created_at AS predictions_created_at, predictions.updated_at AS predictions_updated_at 
FROM predictions 
WHERE predictions.component_id = %(component_id_1)s::UUID ORDER BY predictions.predicted_at DESC 
 LIMIT %(param_1)s::INTEGER
2026-09-15 16:41:20,767 INFO sqlalchemy.engine.Engine [cached since 1.835s ago] {'component_id_1': UUID('746d5963-040a-456f-83a8-044b7fc81b5a'), 'param_1': 1}
2026-09-15 16:41:20,772 INFO sqlalchemy.engine.Engine SELECT predictions.asset_id AS predictions_asset_id, predictions.component_id AS predictions_component_id, predictions.predicted_at AS predictions_predicted_at, predictions.prediction_horizon_days AS predictions_prediction_horizon_days, predictions.risk_score AS predictions_risk_score, predictions.risk_category AS predictions_risk_category, predictions.risk_factors AS predictions_risk_factors, predictions.feature_values AS predictions_feature_values, predictions.uncertainty AS predictions_uncertainty, predictions.data_sufficiency AS predictions_data_sufficiency, predictions.model_version AS predictions_model_version, predictions.layer_scores AS predictions_layer_scores, predictions.pipeline_run_id AS predictions_pipeline_run_id, predictions.id AS predictions_id, predictions.created_at AS predictions_created_at, predictions.updated_at AS predictions_updated_at 
FROM predictions 
WHERE predictions.component_id = %(component_id_1)s::UUID ORDER BY predictions.predicted_at DESC 
 LIMIT %(param_1)s::INTEGER
2026-09-15 16:41:20,772 INFO sqlalchemy.engine.Engine [cached since 1.84s ago] {'component_id_1': UUID('557030a8-0bbe-450f-ba1b-ba1104a26bae'), 'param_1': 1}
2026-09-15 16:41:20,776 INFO sqlalchemy.engine.Engine SELECT predictions.asset_id AS predictions_asset_id, predictions.component_id AS predictions_component_id, predictions.predicted_at AS predictions_predicted_at, predictions.prediction_horizon_days AS predictions_prediction_horizon_days, predictions.risk_score AS predictions_risk_score, predictions.risk_category AS predictions_risk_category, predictions.risk_factors AS predictions_risk_factors, predictions.feature_values AS predictions_feature_values, predictions.uncertainty AS predictions_uncertainty, predictions.data_sufficiency AS predictions_data_sufficiency, predictions.model_version AS predictions_model_version, predictions.layer_scores AS predictions_layer_scores, predictions.pipeline_run_id AS predictions_pipeline_run_id, predictions.id AS predictions_id, predictions.created_at AS predictions_created_at, predictions.updated_at AS predictions_updated_at 
FROM predictions 
WHERE predictions.component_id = %(component_id_1)s::UUID ORDER BY predictions.predicted_at DESC 
 LIMIT %(param_1)s::INTEGER
2026-09-15 16:41:20,777 INFO sqlalchemy.engine.Engine [cached since 1.845s ago] {'component_id_1': UUID('44d6b48b-117d-4799-bd6e-71fb067533fe'), 'param_1': 1}
2026-09-15 16:41:20,780 INFO sqlalchemy.engine.Engine SELECT predictions.asset_id AS predictions_asset_id, predictions.component_id AS predictions_component_id, predictions.predicted_at AS predictions_predicted_at, predictions.prediction_horizon_days AS predictions_prediction_horizon_days, predictions.risk_score AS predictions_risk_score, predictions.risk_category AS predictions_risk_category, predictions.risk_factors AS predictions_risk_factors, predictions.feature_values AS predictions_feature_values, predictions.uncertainty AS predictions_uncertainty, predictions.data_sufficiency AS predictions_data_sufficiency, predictions.model_version AS predictions_model_version, predictions.layer_scores AS predictions_layer_scores, predictions.pipeline_run_id AS predictions_pipeline_run_id, predictions.id AS predictions_id, predictions.created_at AS predictions_created_at, predictions.updated_at AS predictions_updated_at 
FROM predictions 
WHERE predictions.component_id = %(component_id_1)s::UUID ORDER BY predictions.predicted_at DESC 
 LIMIT %(param_1)s::INTEGER
2026-09-15 16:41:20,780 INFO sqlalchemy.engine.Engine [cached since 1.848s ago] {'component_id_1': UUID('91676c7b-67c3-4b7d-877e-79c1bf29c2bd'), 'param_1': 1}
2026-09-15 16:41:20,784 INFO sqlalchemy.engine.Engine SELECT predictions.asset_id AS predictions_asset_id, predictions.component_id AS predictions_component_id, predictions.predicted_at AS predictions_predicted_at, predictions.prediction_horizon_days AS predictions_prediction_horizon_days, predictions.risk_score AS predictions_risk_score, predictions.risk_category AS predictions_risk_category, predictions.risk_factors AS predictions_risk_factors, predictions.feature_values AS predictions_feature_values, predictions.uncertainty AS predictions_uncertainty, predictions.data_sufficiency AS predictions_data_sufficiency, predictions.model_version AS predictions_model_version, predictions.layer_scores AS predictions_layer_scores, predictions.pipeline_run_id AS predictions_pipeline_run_id, predictions.id AS predictions_id, predictions.created_at AS predictions_created_at, predictions.updated_at AS predictions_updated_at 
FROM predictions 
WHERE predictions.component_id = %(component_id_1)s::UUID ORDER BY predictions.predicted_at DESC 
 LIMIT %(param_1)s::INTEGER
2026-09-15 16:41:20,784 INFO sqlalchemy.engine.Engine [cached since 1.852s ago] {'component_id_1': UUID('3e1c5692-55f6-4cec-85a1-676abc7a1eeb'), 'param_1': 1}
2026-09-15 16:41:20,787 INFO sqlalchemy.engine.Engine SELECT predictions.asset_id AS predictions_asset_id, predictions.component_id AS predictions_component_id, predictions.predicted_at AS predictions_predicted_at, predictions.prediction_horizon_days AS predictions_prediction_horizon_days, predictions.risk_score AS predictions_risk_score, predictions.risk_category AS predictions_risk_category, predictions.risk_factors AS predictions_risk_factors, predictions.feature_values AS predictions_feature_values, predictions.uncertainty AS predictions_uncertainty, predictions.data_sufficiency AS predictions_data_sufficiency, predictions.model_version AS predictions_model_version, predictions.layer_scores AS predictions_layer_scores, predictions.pipeline_run_id AS predictions_pipeline_run_id, predictions.id AS predictions_id, predictions.created_at AS predictions_created_at, predictions.updated_at AS predictions_updated_at 
FROM predictions 
WHERE predictions.component_id = %(component_id_1)s::UUID ORDER BY predictions.predicted_at DESC 
 LIMIT %(param_1)s::INTEGER
2026-09-15 16:41:20,787 INFO sqlalchemy.engine.Engine [cached since 1.855s ago] {'component_id_1': UUID('214707de-f06a-48d0-89b6-c89c1e66d754'), 'param_1': 1}
2026-09-15 16:41:20,791 INFO sqlalchemy.engine.Engine SELECT predictions.asset_id AS predictions_asset_id, predictions.component_id AS predictions_component_id, predictions.predicted_at AS predictions_predicted_at, predictions.prediction_horizon_days AS predictions_prediction_horizon_days, predictions.risk_score AS predictions_risk_score, predictions.risk_category AS predictions_risk_category, predictions.risk_factors AS predictions_risk_factors, predictions.feature_values AS predictions_feature_values, predictions.uncertainty AS predictions_uncertainty, predictions.data_sufficiency AS predictions_data_sufficiency, predictions.model_version AS predictions_model_version, predictions.layer_scores AS predictions_layer_scores, predictions.pipeline_run_id AS predictions_pipeline_run_id, predictions.id AS predictions_id, predictions.created_at AS predictions_created_at, predictions.updated_at AS predictions_updated_at 
FROM predictions 
WHERE predictions.component_id = %(component_id_1)s::UUID ORDER BY predictions.predicted_at DESC 
 LIMIT %(param_1)s::INTEGER
2026-09-15 16:41:20,791 INFO sqlalchemy.engine.Engine [cached since 1.859s ago] {'component_id_1': UUID('349c4e92-6531-42d3-818c-81a1edc00adc'), 'param_1': 1}
2026-09-15 16:41:20,795 INFO sqlalchemy.engine.Engine SELECT predictions.asset_id AS predictions_asset_id, predictions.component_id AS predictions_component_id, predictions.predicted_at AS predictions_predicted_at, predictions.prediction_horizon_days AS predictions_prediction_horizon_days, predictions.risk_score AS predictions_risk_score, predictions.risk_category AS predictions_risk_category, predictions.risk_factors AS predictions_risk_factors, predictions.feature_values AS predictions_feature_values, predictions.uncertainty AS predictions_uncertainty, predictions.data_sufficiency AS predictions_data_sufficiency, predictions.model_version AS predictions_model_version, predictions.layer_scores AS predictions_layer_scores, predictions.pipeline_run_id AS predictions_pipeline_run_id, predictions.id AS predictions_id, predictions.created_at AS predictions_created_at, predictions.updated_at AS predictions_updated_at 
FROM predictions 
WHERE predictions.component_id = %(component_id_1)s::UUID ORDER BY predictions.predicted_at DESC 
 LIMIT %(param_1)s::INTEGER
2026-09-15 16:41:20,795 INFO sqlalchemy.engine.Engine [cached since 1.863s ago] {'component_id_1': UUID('548bc10a-0855-4c73-b16e-150cb9db68bf'), 'param_1': 1}
2026-09-15 16:41:20,799 INFO sqlalchemy.engine.Engine SELECT readiness_assessments.asset_id AS readiness_assessments_asset_id, readiness_assessments.assessed_at AS readiness_assessments_assessed_at, readiness_assessments.status AS readiness_assessments_status, readiness_assessments.overall_health_score AS readiness_assessments_overall_health_score, readiness_assessments.primary_evidence AS readiness_assessments_primary_evidence, readiness_assessments.component_summary AS readiness_assessments_component_summary, readiness_assessments.data_quality_score AS readiness_assessments_data_quality_score, readiness_assessments.prediction_horizon_days AS readiness_assessments_prediction_horizon_days, readiness_assessments.explanation AS readiness_assessments_explanation, readiness_assessments.llm_explanation AS readiness_assessments_llm_explanation, readiness_assessments.pipeline_run_id AS readiness_assessments_pipeline_run_id, readiness_assessments.id AS readiness_assessments_id, readiness_assessments.created_at AS readiness_assessments_created_at, readiness_assessments.updated_at AS readiness_assessments_updated_at 
FROM readiness_assessments 
WHERE readiness_assessments.asset_id = %(asset_id_1)s::UUID ORDER BY readiness_assessments.assessed_at DESC 
 LIMIT %(param_1)s::INTEGER
2026-09-15 16:41:20,799 INFO sqlalchemy.engine.Engine [cached since 1.749s ago] {'asset_id_1': UUID('511323f6-e20e-480f-8e63-71586514c429'), 'param_1': 1}
2026-09-15 16:41:20,804 INFO sqlalchemy.engine.Engine SELECT components.asset_id AS components_asset_id, components.component_id AS components_component_id, components.name AS components_name, components.component_type AS components_component_type, components.criticality AS components_criticality, components.manufacturer AS components_manufacturer, components.model_number AS components_model_number, components.install_date AS components_install_date, components.design_life_hours AS components_design_life_hours, components.design_life_cycles AS components_design_life_cycles, components.current_operating_hours AS components_current_operating_hours, components.current_cycles AS components_current_cycles, components.is_active AS components_is_active, components.metadata AS components_metadata, components.id AS components_id, components.created_at AS components_created_at, components.updated_at AS components_updated_at 
FROM components 
WHERE components.asset_id = %(asset_id_1)s::UUID AND components.is_active = true
2026-09-15 16:41:20,804 INFO sqlalchemy.engine.Engine [cached since 1.899s ago] {'asset_id_1': UUID('edb270ef-1793-443c-b28b-3fb3133b0c55')}
2026-09-15 16:41:20,809 INFO sqlalchemy.engine.Engine SELECT predictions.asset_id AS predictions_asset_id, predictions.component_id AS predictions_component_id, predictions.predicted_at AS predictions_predicted_at, predictions.prediction_horizon_days AS predictions_prediction_horizon_days, predictions.risk_score AS predictions_risk_score, predictions.risk_category AS predictions_risk_category, predictions.risk_factors AS predictions_risk_factors, predictions.feature_values AS predictions_feature_values, predictions.uncertainty AS predictions_uncertainty, predictions.data_sufficiency AS predictions_data_sufficiency, predictions.model_version AS predictions_model_version, predictions.layer_scores AS predictions_layer_scores, predictions.pipeline_run_id AS predictions_pipeline_run_id, predictions.id AS predictions_id, predictions.created_at AS predictions_created_at, predictions.updated_at AS predictions_updated_at 
FROM predictions 
WHERE predictions.component_id = %(component_id_1)s::UUID ORDER BY predictions.predicted_at DESC 
 LIMIT %(param_1)s::INTEGER
2026-09-15 16:41:20,809 INFO sqlalchemy.engine.Engine [cached since 1.877s ago] {'component_id_1': UUID('9fa00f89-53f2-438f-b6d7-a753ec79dd0f'), 'param_1': 1}
2026-09-15 16:41:20,813 INFO sqlalchemy.engine.Engine SELECT predictions.asset_id AS predictions_asset_id, predictions.component_id AS predictions_component_id, predictions.predicted_at AS predictions_predicted_at, predictions.prediction_horizon_days AS predictions_prediction_horizon_days, predictions.risk_score AS predictions_risk_score, predictions.risk_category AS predictions_risk_category, predictions.risk_factors AS predictions_risk_factors, predictions.feature_values AS predictions_feature_values, predictions.uncertainty AS predictions_uncertainty, predictions.data_sufficiency AS predictions_data_sufficiency, predictions.model_version AS predictions_model_version, predictions.layer_scores AS predictions_layer_scores, predictions.pipeline_run_id AS predictions_pipeline_run_id, predictions.id AS predictions_id, predictions.created_at AS predictions_created_at, predictions.updated_at AS predictions_updated_at 
FROM predictions 
WHERE predictions.component_id = %(component_id_1)s::UUID ORDER BY predictions.predicted_at DESC 
 LIMIT %(param_1)s::INTEGER
2026-09-15 16:41:20,814 INFO sqlalchemy.engine.Engine [cached since 1.882s ago] {'component_id_1': UUID('cdbddc17-bfd0-432f-934c-0870f7eb0046'), 'param_1': 1}
2026-09-15 16:41:20,817 INFO sqlalchemy.engine.Engine SELECT predictions.asset_id AS predictions_asset_id, predictions.component_id AS predictions_component_id, predictions.predicted_at AS predictions_predicted_at, predictions.prediction_horizon_days AS predictions_prediction_horizon_days, predictions.risk_score AS predictions_risk_score, predictions.risk_category AS predictions_risk_category, predictions.risk_factors AS predictions_risk_factors, predictions.feature_values AS predictions_feature_values, predictions.uncertainty AS predictions_uncertainty, predictions.data_sufficiency AS predictions_data_sufficiency, predictions.model_version AS predictions_model_version, predictions.layer_scores AS predictions_layer_scores, predictions.pipeline_run_id AS predictions_pipeline_run_id, predictions.id AS predictions_id, predictions.created_at AS predictions_created_at, predictions.updated_at AS predictions_updated_at 
FROM predictions 
WHERE predictions.component_id = %(component_id_1)s::UUID ORDER BY predictions.predicted_at DESC 
 LIMIT %(param_1)s::INTEGER
2026-09-15 16:41:20,818 INFO sqlalchemy.engine.Engine [cached since 1.886s ago] {'component_id_1': UUID('781fc6c2-7a3c-4db5-ab3c-073fd7a2a336'), 'param_1': 1}
2026-09-15 16:41:20,821 INFO sqlalchemy.engine.Engine SELECT predictions.asset_id AS predictions_asset_id, predictions.component_id AS predictions_component_id, predictions.predicted_at AS predictions_predicted_at, predictions.prediction_horizon_days AS predictions_prediction_horizon_days, predictions.risk_score AS predictions_risk_score, predictions.risk_category AS predictions_risk_category, predictions.risk_factors AS predictions_risk_factors, predictions.feature_values AS predictions_feature_values, predictions.uncertainty AS predictions_uncertainty, predictions.data_sufficiency AS predictions_data_sufficiency, predictions.model_version AS predictions_model_version, predictions.layer_scores AS predictions_layer_scores, predictions.pipeline_run_id AS predictions_pipeline_run_id, predictions.id AS predictions_id, predictions.created_at AS predictions_created_at, predictions.updated_at AS predictions_updated_at 
FROM predictions 
WHERE predictions.component_id = %(component_id_1)s::UUID ORDER BY predictions.predicted_at DESC 
 LIMIT %(param_1)s::INTEGER
2026-09-15 16:41:20,822 INFO sqlalchemy.engine.Engine [cached since 1.89s ago] {'component_id_1': UUID('c9b5c6be-e1cf-46cb-ae8d-9facec75c570'), 'param_1': 1}
2026-09-15 16:41:20,826 INFO sqlalchemy.engine.Engine SELECT predictions.asset_id AS predictions_asset_id, predictions.component_id AS predictions_component_id, predictions.predicted_at AS predictions_predicted_at, predictions.prediction_horizon_days AS predictions_prediction_horizon_days, predictions.risk_score AS predictions_risk_score, predictions.risk_category AS predictions_risk_category, predictions.risk_factors AS predictions_risk_factors, predictions.feature_values AS predictions_feature_values, predictions.uncertainty AS predictions_uncertainty, predictions.data_sufficiency AS predictions_data_sufficiency, predictions.model_version AS predictions_model_version, predictions.layer_scores AS predictions_layer_scores, predictions.pipeline_run_id AS predictions_pipeline_run_id, predictions.id AS predictions_id, predictions.created_at AS predictions_created_at, predictions.updated_at AS predictions_updated_at 
FROM predictions 
WHERE predictions.component_id = %(component_id_1)s::UUID ORDER BY predictions.predicted_at DESC 
 LIMIT %(param_1)s::INTEGER
2026-09-15 16:41:20,826 INFO sqlalchemy.engine.Engine [cached since 1.894s ago] {'component_id_1': UUID('a7a0fcf3-4fbb-4141-b6f3-aee34c60dd58'), 'param_1': 1}
2026-09-15 16:41:20,830 INFO sqlalchemy.engine.Engine SELECT predictions.asset_id AS predictions_asset_id, predictions.component_id AS predictions_component_id, predictions.predicted_at AS predictions_predicted_at, predictions.prediction_horizon_days AS predictions_prediction_horizon_days, predictions.risk_score AS predictions_risk_score, predictions.risk_category AS predictions_risk_category, predictions.risk_factors AS predictions_risk_factors, predictions.feature_values AS predictions_feature_values, predictions.uncertainty AS predictions_uncertainty, predictions.data_sufficiency AS predictions_data_sufficiency, predictions.model_version AS predictions_model_version, predictions.layer_scores AS predictions_layer_scores, predictions.pipeline_run_id AS predictions_pipeline_run_id, predictions.id AS predictions_id, predictions.created_at AS predictions_created_at, predictions.updated_at AS predictions_updated_at 
FROM predictions 
WHERE predictions.component_id = %(component_id_1)s::UUID ORDER BY predictions.predicted_at DESC 
 LIMIT %(param_1)s::INTEGER
2026-09-15 16:41:20,831 INFO sqlalchemy.engine.Engine [cached since 1.899s ago] {'component_id_1': UUID('17c63a95-2e65-4f4d-b5d6-4213ab1c835b'), 'param_1': 1}
2026-09-15 16:41:20,835 INFO sqlalchemy.engine.Engine SELECT predictions.asset_id AS predictions_asset_id, predictions.component_id AS predictions_component_id, predictions.predicted_at AS predictions_predicted_at, predictions.prediction_horizon_days AS predictions_prediction_horizon_days, predictions.risk_score AS predictions_risk_score, predictions.risk_category AS predictions_risk_category, predictions.risk_factors AS predictions_risk_factors, predictions.feature_values AS predictions_feature_values, predictions.uncertainty AS predictions_uncertainty, predictions.data_sufficiency AS predictions_data_sufficiency, predictions.model_version AS predictions_model_version, predictions.layer_scores AS predictions_layer_scores, predictions.pipeline_run_id AS predictions_pipeline_run_id, predictions.id AS predictions_id, predictions.created_at AS predictions_created_at, predictions.updated_at AS predictions_updated_at 
FROM predictions 
WHERE predictions.component_id = %(component_id_1)s::UUID ORDER BY predictions.predicted_at DESC 
 LIMIT %(param_1)s::INTEGER
2026-09-15 16:41:20,835 INFO sqlalchemy.engine.Engine [cached since 1.903s ago] {'component_id_1': UUID('43877e64-952d-4243-81cb-3537a08c65ea'), 'param_1': 1}
2026-09-15 16:41:20,839 INFO sqlalchemy.engine.Engine SELECT predictions.asset_id AS predictions_asset_id, predictions.component_id AS predictions_component_id, predictions.predicted_at AS predictions_predicted_at, predictions.prediction_horizon_days AS predictions_prediction_horizon_days, predictions.risk_score AS predictions_risk_score, predictions.risk_category AS predictions_risk_category, predictions.risk_factors AS predictions_risk_factors, predictions.feature_values AS predictions_feature_values, predictions.uncertainty AS predictions_uncertainty, predictions.data_sufficiency AS predictions_data_sufficiency, predictions.model_version AS predictions_model_version, predictions.layer_scores AS predictions_layer_scores, predictions.pipeline_run_id AS predictions_pipeline_run_id, predictions.id AS predictions_id, predictions.created_at AS predictions_created_at, predictions.updated_at AS predictions_updated_at 
FROM predictions 
WHERE predictions.component_id = %(component_id_1)s::UUID ORDER BY predictions.predicted_at DESC 
 LIMIT %(param_1)s::INTEGER
2026-09-15 16:41:20,839 INFO sqlalchemy.engine.Engine [cached since 1.908s ago] {'component_id_1': UUID('ba7d5437-e5bb-455f-8fd8-fb869308d56f'), 'param_1': 1}
2026-09-15 16:41:20,843 INFO sqlalchemy.engine.Engine SELECT predictions.asset_id AS predictions_asset_id, predictions.component_id AS predictions_component_id, predictions.predicted_at AS predictions_predicted_at, predictions.prediction_horizon_days AS predictions_prediction_horizon_days, predictions.risk_score AS predictions_risk_score, predictions.risk_category AS predictions_risk_category, predictions.risk_factors AS predictions_risk_factors, predictions.feature_values AS predictions_feature_values, predictions.uncertainty AS predictions_uncertainty, predictions.data_sufficiency AS predictions_data_sufficiency, predictions.model_version AS predictions_model_version, predictions.layer_scores AS predictions_layer_scores, predictions.pipeline_run_id AS predictions_pipeline_run_id, predictions.id AS predictions_id, predictions.created_at AS predictions_created_at, predictions.updated_at AS predictions_updated_at 
FROM predictions 
WHERE predictions.component_id = %(component_id_1)s::UUID ORDER BY predictions.predicted_at DESC 
 LIMIT %(param_1)s::INTEGER
2026-09-15 16:41:20,844 INFO sqlalchemy.engine.Engine [cached since 1.912s ago] {'component_id_1': UUID('42daac80-7d97-4908-8bf6-8bdf0020dd56'), 'param_1': 1}
2026-09-15 16:41:20,848 INFO sqlalchemy.engine.Engine SELECT readiness_assessments.asset_id AS readiness_assessments_asset_id, readiness_assessments.assessed_at AS readiness_assessments_assessed_at, readiness_assessments.status AS readiness_assessments_status, readiness_assessments.overall_health_score AS readiness_assessments_overall_health_score, readiness_assessments.primary_evidence AS readiness_assessments_primary_evidence, readiness_assessments.component_summary AS readiness_assessments_component_summary, readiness_assessments.data_quality_score AS readiness_assessments_data_quality_score, readiness_assessments.prediction_horizon_days AS readiness_assessments_prediction_horizon_days, readiness_assessments.explanation AS readiness_assessments_explanation, readiness_assessments.llm_explanation AS readiness_assessments_llm_explanation, readiness_assessments.pipeline_run_id AS readiness_assessments_pipeline_run_id, readiness_assessments.id AS readiness_assessments_id, readiness_assessments.created_at AS readiness_assessments_created_at, readiness_assessments.updated_at AS readiness_assessments_updated_at 
FROM readiness_assessments 
WHERE readiness_assessments.asset_id = %(asset_id_1)s::UUID ORDER BY readiness_assessments.assessed_at DESC 
 LIMIT %(param_1)s::INTEGER
2026-09-15 16:41:20,849 INFO sqlalchemy.engine.Engine [cached since 1.799s ago] {'asset_id_1': UUID('edb270ef-1793-443c-b28b-3fb3133b0c55'), 'param_1': 1}
2026-09-15 16:41:20,853 INFO sqlalchemy.engine.Engine SELECT components.asset_id AS components_asset_id, components.component_id AS components_component_id, components.name AS components_name, components.component_type AS components_component_type, components.criticality AS components_criticality, components.manufacturer AS components_manufacturer, components.model_number AS components_model_number, components.install_date AS components_install_date, components.design_life_hours AS components_design_life_hours, components.design_life_cycles AS components_design_life_cycles, components.current_operating_hours AS components_current_operating_hours, components.current_cycles AS components_current_cycles, components.is_active AS components_is_active, components.metadata AS components_metadata, components.id AS components_id, components.created_at AS components_created_at, components.updated_at AS components_updated_at 
FROM components 
WHERE components.asset_id = %(asset_id_1)s::UUID AND components.is_active = true
2026-09-15 16:41:20,853 INFO sqlalchemy.engine.Engine [cached since 1.948s ago] {'asset_id_1': UUID('606601e3-992f-4926-9702-bc1014a51cf4')}
2026-09-15 16:41:20,858 INFO sqlalchemy.engine.Engine SELECT predictions.asset_id AS predictions_asset_id, predictions.component_id AS predictions_component_id, predictions.predicted_at AS predictions_predicted_at, predictions.prediction_horizon_days AS predictions_prediction_horizon_days, predictions.risk_score AS predictions_risk_score, predictions.risk_category AS predictions_risk_category, predictions.risk_factors AS predictions_risk_factors, predictions.feature_values AS predictions_feature_values, predictions.uncertainty AS predictions_uncertainty, predictions.data_sufficiency AS predictions_data_sufficiency, predictions.model_version AS predictions_model_version, predictions.layer_scores AS predictions_layer_scores, predictions.pipeline_run_id AS predictions_pipeline_run_id, predictions.id AS predictions_id, predictions.created_at AS predictions_created_at, predictions.updated_at AS predictions_updated_at 
FROM predictions 
WHERE predictions.component_id = %(component_id_1)s::UUID ORDER BY predictions.predicted_at DESC 
 LIMIT %(param_1)s::INTEGER
2026-09-15 16:41:20,858 INFO sqlalchemy.engine.Engine [cached since 1.926s ago] {'component_id_1': UUID('76aac8d1-06fd-4e3d-bf32-a57401687537'), 'param_1': 1}
2026-09-15 16:41:20,863 INFO sqlalchemy.engine.Engine SELECT predictions.asset_id AS predictions_asset_id, predictions.component_id AS predictions_component_id, predictions.predicted_at AS predictions_predicted_at, predictions.prediction_horizon_days AS predictions_prediction_horizon_days, predictions.risk_score AS predictions_risk_score, predictions.risk_category AS predictions_risk_category, predictions.risk_factors AS predictions_risk_factors, predictions.feature_values AS predictions_feature_values, predictions.uncertainty AS predictions_uncertainty, predictions.data_sufficiency AS predictions_data_sufficiency, predictions.model_version AS predictions_model_version, predictions.layer_scores AS predictions_layer_scores, predictions.pipeline_run_id AS predictions_pipeline_run_id, predictions.id AS predictions_id, predictions.created_at AS predictions_created_at, predictions.updated_at AS predictions_updated_at 
FROM predictions 
WHERE predictions.component_id = %(component_id_1)s::UUID ORDER BY predictions.predicted_at DESC 
 LIMIT %(param_1)s::INTEGER
2026-09-15 16:41:20,863 INFO sqlalchemy.engine.Engine [cached since 1.931s ago] {'component_id_1': UUID('e254cca7-8310-4717-8c63-c2431e4e23bc'), 'param_1': 1}
2026-09-15 16:41:20,868 INFO sqlalchemy.engine.Engine SELECT predictions.asset_id AS predictions_asset_id, predictions.component_id AS predictions_component_id, predictions.predicted_at AS predictions_predicted_at, predictions.prediction_horizon_days AS predictions_prediction_horizon_days, predictions.risk_score AS predictions_risk_score, predictions.risk_category AS predictions_risk_category, predictions.risk_factors AS predictions_risk_factors, predictions.feature_values AS predictions_feature_values, predictions.uncertainty AS predictions_uncertainty, predictions.data_sufficiency AS predictions_data_sufficiency, predictions.model_version AS predictions_model_version, predictions.layer_scores AS predictions_layer_scores, predictions.pipeline_run_id AS predictions_pipeline_run_id, predictions.id AS predictions_id, predictions.created_at AS predictions_created_at, predictions.updated_at AS predictions_updated_at 
FROM predictions 
WHERE predictions.component_id = %(component_id_1)s::UUID ORDER BY predictions.predicted_at DESC 
 LIMIT %(param_1)s::INTEGER
2026-09-15 16:41:20,868 INFO sqlalchemy.engine.Engine [cached since 1.936s ago] {'component_id_1': UUID('6d0c2255-bfe8-4d8d-80bf-d760a35bacf4'), 'param_1': 1}
2026-09-15 16:41:20,872 INFO sqlalchemy.engine.Engine SELECT predictions.asset_id AS predictions_asset_id, predictions.component_id AS predictions_component_id, predictions.predicted_at AS predictions_predicted_at, predictions.prediction_horizon_days AS predictions_prediction_horizon_days, predictions.risk_score AS predictions_risk_score, predictions.risk_category AS predictions_risk_category, predictions.risk_factors AS predictions_risk_factors, predictions.feature_values AS predictions_feature_values, predictions.uncertainty AS predictions_uncertainty, predictions.data_sufficiency AS predictions_data_sufficiency, predictions.model_version AS predictions_model_version, predictions.layer_scores AS predictions_layer_scores, predictions.pipeline_run_id AS predictions_pipeline_run_id, predictions.id AS predictions_id, predictions.created_at AS predictions_created_at, predictions.updated_at AS predictions_updated_at 
FROM predictions 
WHERE predictions.component_id = %(component_id_1)s::UUID ORDER BY predictions.predicted_at DESC 
 LIMIT %(param_1)s::INTEGER
2026-09-15 16:41:20,873 INFO sqlalchemy.engine.Engine [cached since 1.941s ago] {'component_id_1': UUID('ae7c524a-c8e6-4a75-8a6b-e5d2314a46f7'), 'param_1': 1}
2026-09-15 16:41:20,877 INFO sqlalchemy.engine.Engine SELECT predictions.asset_id AS predictions_asset_id, predictions.component_id AS predictions_component_id, predictions.predicted_at AS predictions_predicted_at, predictions.prediction_horizon_days AS predictions_prediction_horizon_days, predictions.risk_score AS predictions_risk_score, predictions.risk_category AS predictions_risk_category, predictions.risk_factors AS predictions_risk_factors, predictions.feature_values AS predictions_feature_values, predictions.uncertainty AS predictions_uncertainty, predictions.data_sufficiency AS predictions_data_sufficiency, predictions.model_version AS predictions_model_version, predictions.layer_scores AS predictions_layer_scores, predictions.pipeline_run_id AS predictions_pipeline_run_id, predictions.id AS predictions_id, predictions.created_at AS predictions_created_at, predictions.updated_at AS predictions_updated_at 
FROM predictions 
WHERE predictions.component_id = %(component_id_1)s::UUID ORDER BY predictions.predicted_at DESC 
 LIMIT %(param_1)s::INTEGER
2026-09-15 16:41:20,877 INFO sqlalchemy.engine.Engine [cached since 1.945s ago] {'component_id_1': UUID('dfa1ec55-e28b-458c-8184-760c5234b94b'), 'param_1': 1}
2026-09-15 16:41:20,881 INFO sqlalchemy.engine.Engine SELECT predictions.asset_id AS predictions_asset_id, predictions.component_id AS predictions_component_id, predictions.predicted_at AS predictions_predicted_at, predictions.prediction_horizon_days AS predictions_prediction_horizon_days, predictions.risk_score AS predictions_risk_score, predictions.risk_category AS predictions_risk_category, predictions.risk_factors AS predictions_risk_factors, predictions.feature_values AS predictions_feature_values, predictions.uncertainty AS predictions_uncertainty, predictions.data_sufficiency AS predictions_data_sufficiency, predictions.model_version AS predictions_model_version, predictions.layer_scores AS predictions_layer_scores, predictions.pipeline_run_id AS predictions_pipeline_run_id, predictions.id AS predictions_id, predictions.created_at AS predictions_created_at, predictions.updated_at AS predictions_updated_at 
FROM predictions 
WHERE predictions.component_id = %(component_id_1)s::UUID ORDER BY predictions.predicted_at DESC 
 LIMIT %(param_1)s::INTEGER
2026-09-15 16:41:20,881 INFO sqlalchemy.engine.Engine [cached since 1.949s ago] {'component_id_1': UUID('c8cd115a-a3f6-41af-9481-f95f6b8dfe7b'), 'param_1': 1}
2026-09-15 16:41:20,885 INFO sqlalchemy.engine.Engine SELECT predictions.asset_id AS predictions_asset_id, predictions.component_id AS predictions_component_id, predictions.predicted_at AS predictions_predicted_at, predictions.prediction_horizon_days AS predictions_prediction_horizon_days, predictions.risk_score AS predictions_risk_score, predictions.risk_category AS predictions_risk_category, predictions.risk_factors AS predictions_risk_factors, predictions.feature_values AS predictions_feature_values, predictions.uncertainty AS predictions_uncertainty, predictions.data_sufficiency AS predictions_data_sufficiency, predictions.model_version AS predictions_model_version, predictions.layer_scores AS predictions_layer_scores, predictions.pipeline_run_id AS predictions_pipeline_run_id, predictions.id AS predictions_id, predictions.created_at AS predictions_created_at, predictions.updated_at AS predictions_updated_at 
FROM predictions 
WHERE predictions.component_id = %(component_id_1)s::UUID ORDER BY predictions.predicted_at DESC 
 LIMIT %(param_1)s::INTEGER
2026-09-15 16:41:20,886 INFO sqlalchemy.engine.Engine [cached since 1.954s ago] {'component_id_1': UUID('c1cd05a5-77e5-4ef9-80fd-a82d0aa38704'), 'param_1': 1}
2026-09-15 16:41:20,890 INFO sqlalchemy.engine.Engine SELECT predictions.asset_id AS predictions_asset_id, predictions.component_id AS predictions_component_id, predictions.predicted_at AS predictions_predicted_at, predictions.prediction_horizon_days AS predictions_prediction_horizon_days, predictions.risk_score AS predictions_risk_score, predictions.risk_category AS predictions_risk_category, predictions.risk_factors AS predictions_risk_factors, predictions.feature_values AS predictions_feature_values, predictions.uncertainty AS predictions_uncertainty, predictions.data_sufficiency AS predictions_data_sufficiency, predictions.model_version AS predictions_model_version, predictions.layer_scores AS predictions_layer_scores, predictions.pipeline_run_id AS predictions_pipeline_run_id, predictions.id AS predictions_id, predictions.created_at AS predictions_created_at, predictions.updated_at AS predictions_updated_at 
FROM predictions 
WHERE predictions.component_id = %(component_id_1)s::UUID ORDER BY predictions.predicted_at DESC 
 LIMIT %(param_1)s::INTEGER
2026-09-15 16:41:20,890 INFO sqlalchemy.engine.Engine [cached since 1.958s ago] {'component_id_1': UUID('92e53954-4e1d-444d-bef9-aca1c48359e7'), 'param_1': 1}
2026-09-15 16:41:20,895 INFO sqlalchemy.engine.Engine SELECT predictions.asset_id AS predictions_asset_id, predictions.component_id AS predictions_component_id, predictions.predicted_at AS predictions_predicted_at, predictions.prediction_horizon_days AS predictions_prediction_horizon_days, predictions.risk_score AS predictions_risk_score, predictions.risk_category AS predictions_risk_category, predictions.risk_factors AS predictions_risk_factors, predictions.feature_values AS predictions_feature_values, predictions.uncertainty AS predictions_uncertainty, predictions.data_sufficiency AS predictions_data_sufficiency, predictions.model_version AS predictions_model_version, predictions.layer_scores AS predictions_layer_scores, predictions.pipeline_run_id AS predictions_pipeline_run_id, predictions.id AS predictions_id, predictions.created_at AS predictions_created_at, predictions.updated_at AS predictions_updated_at 
FROM predictions 
WHERE predictions.component_id = %(component_id_1)s::UUID ORDER BY predictions.predicted_at DESC 
 LIMIT %(param_1)s::INTEGER
2026-09-15 16:41:20,896 INFO sqlalchemy.engine.Engine [cached since 1.964s ago] {'component_id_1': UUID('38bd856b-e0ad-4f81-b3ba-d783dd5b4ff9'), 'param_1': 1}
2026-09-15 16:41:20,899 INFO sqlalchemy.engine.Engine SELECT predictions.asset_id AS predictions_asset_id, predictions.component_id AS predictions_component_id, predictions.predicted_at AS predictions_predicted_at, predictions.prediction_horizon_days AS predictions_prediction_horizon_days, predictions.risk_score AS predictions_risk_score, predictions.risk_category AS predictions_risk_category, predictions.risk_factors AS predictions_risk_factors, predictions.feature_values AS predictions_feature_values, predictions.uncertainty AS predictions_uncertainty, predictions.data_sufficiency AS predictions_data_sufficiency, predictions.model_version AS predictions_model_version, predictions.layer_scores AS predictions_layer_scores, predictions.pipeline_run_id AS predictions_pipeline_run_id, predictions.id AS predictions_id, predictions.created_at AS predictions_created_at, predictions.updated_at AS predictions_updated_at 
FROM predictions 
WHERE predictions.component_id = %(component_id_1)s::UUID ORDER BY predictions.predicted_at DESC 
 LIMIT %(param_1)s::INTEGER
2026-09-15 16:41:20,900 INFO sqlalchemy.engine.Engine [cached since 1.968s ago] {'component_id_1': UUID('a70f4cca-253f-4554-85bd-f04596110303'), 'param_1': 1}
2026-09-15 16:41:20,903 INFO sqlalchemy.engine.Engine SELECT readiness_assessments.asset_id AS readiness_assessments_asset_id, readiness_assessments.assessed_at AS readiness_assessments_assessed_at, readiness_assessments.status AS readiness_assessments_status, readiness_assessments.overall_health_score AS readiness_assessments_overall_health_score, readiness_assessments.primary_evidence AS readiness_assessments_primary_evidence, readiness_assessments.component_summary AS readiness_assessments_component_summary, readiness_assessments.data_quality_score AS readiness_assessments_data_quality_score, readiness_assessments.prediction_horizon_days AS readiness_assessments_prediction_horizon_days, readiness_assessments.explanation AS readiness_assessments_explanation, readiness_assessments.llm_explanation AS readiness_assessments_llm_explanation, readiness_assessments.pipeline_run_id AS readiness_assessments_pipeline_run_id, readiness_assessments.id AS readiness_assessments_id, readiness_assessments.created_at AS readiness_assessments_created_at, readiness_assessments.updated_at AS readiness_assessments_updated_at 
FROM readiness_assessments 
WHERE readiness_assessments.asset_id = %(asset_id_1)s::UUID ORDER BY readiness_assessments.assessed_at DESC 
 LIMIT %(param_1)s::INTEGER
2026-09-15 16:41:20,904 INFO sqlalchemy.engine.Engine [cached since 1.854s ago] {'asset_id_1': UUID('606601e3-992f-4926-9702-bc1014a51cf4'), 'param_1': 1}
2026-09-15 16:41:20,907 INFO sqlalchemy.engine.Engine SELECT components.asset_id AS components_asset_id, components.component_id AS components_component_id, components.name AS components_name, components.component_type AS components_component_type, components.criticality AS components_criticality, components.manufacturer AS components_manufacturer, components.model_number AS components_model_number, components.install_date AS components_install_date, components.design_life_hours AS components_design_life_hours, components.design_life_cycles AS components_design_life_cycles, components.current_operating_hours AS components_current_operating_hours, components.current_cycles AS components_current_cycles, components.is_active AS components_is_active, components.metadata AS components_metadata, components.id AS components_id, components.created_at AS components_created_at, components.updated_at AS components_updated_at 
FROM components 
WHERE components.asset_id = %(asset_id_1)s::UUID AND components.is_active = true
2026-09-15 16:41:20,908 INFO sqlalchemy.engine.Engine [cached since 2.003s ago] {'asset_id_1': UUID('d845d7b8-22d3-4c7d-8c3a-a0d99d5956f5')}
2026-09-15 16:41:20,912 INFO sqlalchemy.engine.Engine SELECT predictions.asset_id AS predictions_asset_id, predictions.component_id AS predictions_component_id, predictions.predicted_at AS predictions_predicted_at, predictions.prediction_horizon_days AS predictions_prediction_horizon_days, predictions.risk_score AS predictions_risk_score, predictions.risk_category AS predictions_risk_category, predictions.risk_factors AS predictions_risk_factors, predictions.feature_values AS predictions_feature_values, predictions.uncertainty AS predictions_uncertainty, predictions.data_sufficiency AS predictions_data_sufficiency, predictions.model_version AS predictions_model_version, predictions.layer_scores AS predictions_layer_scores, predictions.pipeline_run_id AS predictions_pipeline_run_id, predictions.id AS predictions_id, predictions.created_at AS predictions_created_at, predictions.updated_at AS predictions_updated_at 
FROM predictions 
WHERE predictions.component_id = %(component_id_1)s::UUID ORDER BY predictions.predicted_at DESC 
 LIMIT %(param_1)s::INTEGER
2026-09-15 16:41:20,912 INFO sqlalchemy.engine.Engine [cached since 1.98s ago] {'component_id_1': UUID('25d45732-047b-4747-8a8c-931b543f6f11'), 'param_1': 1}
2026-09-15 16:41:20,916 INFO sqlalchemy.engine.Engine SELECT predictions.asset_id AS predictions_asset_id, predictions.component_id AS predictions_component_id, predictions.predicted_at AS predictions_predicted_at, predictions.prediction_horizon_days AS predictions_prediction_horizon_days, predictions.risk_score AS predictions_risk_score, predictions.risk_category AS predictions_risk_category, predictions.risk_factors AS predictions_risk_factors, predictions.feature_values AS predictions_feature_values, predictions.uncertainty AS predictions_uncertainty, predictions.data_sufficiency AS predictions_data_sufficiency, predictions.model_version AS predictions_model_version, predictions.layer_scores AS predictions_layer_scores, predictions.pipeline_run_id AS predictions_pipeline_run_id, predictions.id AS predictions_id, predictions.created_at AS predictions_created_at, predictions.updated_at AS predictions_updated_at 
FROM predictions 
WHERE predictions.component_id = %(component_id_1)s::UUID ORDER BY predictions.predicted_at DESC 
 LIMIT %(param_1)s::INTEGER
2026-09-15 16:41:20,916 INFO sqlalchemy.engine.Engine [cached since 1.985s ago] {'component_id_1': UUID('63f698fc-86b7-4abd-b539-8e95ba834a76'), 'param_1': 1}
2026-09-15 16:41:20,920 INFO sqlalchemy.engine.Engine SELECT predictions.asset_id AS predictions_asset_id, predictions.component_id AS predictions_component_id, predictions.predicted_at AS predictions_predicted_at, predictions.prediction_horizon_days AS predictions_prediction_horizon_days, predictions.risk_score AS predictions_risk_score, predictions.risk_category AS predictions_risk_category, predictions.risk_factors AS predictions_risk_factors, predictions.feature_values AS predictions_feature_values, predictions.uncertainty AS predictions_uncertainty, predictions.data_sufficiency AS predictions_data_sufficiency, predictions.model_version AS predictions_model_version, predictions.layer_scores AS predictions_layer_scores, predictions.pipeline_run_id AS predictions_pipeline_run_id, predictions.id AS predictions_id, predictions.created_at AS predictions_created_at, predictions.updated_at AS predictions_updated_at 
FROM predictions 
WHERE predictions.component_id = %(component_id_1)s::UUID ORDER BY predictions.predicted_at DESC 
 LIMIT %(param_1)s::INTEGER
2026-09-15 16:41:20,921 INFO sqlalchemy.engine.Engine [cached since 1.989s ago] {'component_id_1': UUID('6dece205-1a87-43d0-b2fb-7f735a8fbbab'), 'param_1': 1}
2026-09-15 16:41:20,925 INFO sqlalchemy.engine.Engine SELECT predictions.asset_id AS predictions_asset_id, predictions.component_id AS predictions_component_id, predictions.predicted_at AS predictions_predicted_at, predictions.prediction_horizon_days AS predictions_prediction_horizon_days, predictions.risk_score AS predictions_risk_score, predictions.risk_category AS predictions_risk_category, predictions.risk_factors AS predictions_risk_factors, predictions.feature_values AS predictions_feature_values, predictions.uncertainty AS predictions_uncertainty, predictions.data_sufficiency AS predictions_data_sufficiency, predictions.model_version AS predictions_model_version, predictions.layer_scores AS predictions_layer_scores, predictions.pipeline_run_id AS predictions_pipeline_run_id, predictions.id AS predictions_id, predictions.created_at AS predictions_created_at, predictions.updated_at AS predictions_updated_at 
FROM predictions 
WHERE predictions.component_id = %(component_id_1)s::UUID ORDER BY predictions.predicted_at DESC 
 LIMIT %(param_1)s::INTEGER
2026-09-15 16:41:20,925 INFO sqlalchemy.engine.Engine [cached since 1.993s ago] {'component_id_1': UUID('4b2c6558-ce90-47b0-bf55-674148302fec'), 'param_1': 1}
2026-09-15 16:41:20,928 INFO sqlalchemy.engine.Engine SELECT predictions.asset_id AS predictions_asset_id, predictions.component_id AS predictions_component_id, predictions.predicted_at AS predictions_predicted_at, predictions.prediction_horizon_days AS predictions_prediction_horizon_days, predictions.risk_score AS predictions_risk_score, predictions.risk_category AS predictions_risk_category, predictions.risk_factors AS predictions_risk_factors, predictions.feature_values AS predictions_feature_values, predictions.uncertainty AS predictions_uncertainty, predictions.data_sufficiency AS predictions_data_sufficiency, predictions.model_version AS predictions_model_version, predictions.layer_scores AS predictions_layer_scores, predictions.pipeline_run_id AS predictions_pipeline_run_id, predictions.id AS predictions_id, predictions.created_at AS predictions_created_at, predictions.updated_at AS predictions_updated_at 
FROM predictions 
WHERE predictions.component_id = %(component_id_1)s::UUID ORDER BY predictions.predicted_at DESC 
 LIMIT %(param_1)s::INTEGER
2026-09-15 16:41:20,928 INFO sqlalchemy.engine.Engine [cached since 1.997s ago] {'component_id_1': UUID('4f7cb6e7-0d5f-422d-8cac-ab29bfdd53a7'), 'param_1': 1}
2026-09-15 16:41:20,932 INFO sqlalchemy.engine.Engine SELECT predictions.asset_id AS predictions_asset_id, predictions.component_id AS predictions_component_id, predictions.predicted_at AS predictions_predicted_at, predictions.prediction_horizon_days AS predictions_prediction_horizon_days, predictions.risk_score AS predictions_risk_score, predictions.risk_category AS predictions_risk_category, predictions.risk_factors AS predictions_risk_factors, predictions.feature_values AS predictions_feature_values, predictions.uncertainty AS predictions_uncertainty, predictions.data_sufficiency AS predictions_data_sufficiency, predictions.model_version AS predictions_model_version, predictions.layer_scores AS predictions_layer_scores, predictions.pipeline_run_id AS predictions_pipeline_run_id, predictions.id AS predictions_id, predictions.created_at AS predictions_created_at, predictions.updated_at AS predictions_updated_at 
FROM predictions 
WHERE predictions.component_id = %(component_id_1)s::UUID ORDER BY predictions.predicted_at DESC 
 LIMIT %(param_1)s::INTEGER
2026-09-15 16:41:20,933 INFO sqlalchemy.engine.Engine [cached since 2.001s ago] {'component_id_1': UUID('26553963-5013-41bc-bd75-d07178883d09'), 'param_1': 1}
2026-09-15 16:41:20,936 INFO sqlalchemy.engine.Engine SELECT predictions.asset_id AS predictions_asset_id, predictions.component_id AS predictions_component_id, predictions.predicted_at AS predictions_predicted_at, predictions.prediction_horizon_days AS predictions_prediction_horizon_days, predictions.risk_score AS predictions_risk_score, predictions.risk_category AS predictions_risk_category, predictions.risk_factors AS predictions_risk_factors, predictions.feature_values AS predictions_feature_values, predictions.uncertainty AS predictions_uncertainty, predictions.data_sufficiency AS predictions_data_sufficiency, predictions.model_version AS predictions_model_version, predictions.layer_scores AS predictions_layer_scores, predictions.pipeline_run_id AS predictions_pipeline_run_id, predictions.id AS predictions_id, predictions.created_at AS predictions_created_at, predictions.updated_at AS predictions_updated_at 
FROM predictions 
WHERE predictions.component_id = %(component_id_1)s::UUID ORDER BY predictions.predicted_at DESC 
 LIMIT %(param_1)s::INTEGER
2026-09-15 16:41:20,937 INFO sqlalchemy.engine.Engine [cached since 2.005s ago] {'component_id_1': UUID('e7d5083d-35ad-4802-9a14-1a3d195a0686'), 'param_1': 1}
2026-09-15 16:41:20,940 INFO sqlalchemy.engine.Engine SELECT predictions.asset_id AS predictions_asset_id, predictions.component_id AS predictions_component_id, predictions.predicted_at AS predictions_predicted_at, predictions.prediction_horizon_days AS predictions_prediction_horizon_days, predictions.risk_score AS predictions_risk_score, predictions.risk_category AS predictions_risk_category, predictions.risk_factors AS predictions_risk_factors, predictions.feature_values AS predictions_feature_values, predictions.uncertainty AS predictions_uncertainty, predictions.data_sufficiency AS predictions_data_sufficiency, predictions.model_version AS predictions_model_version, predictions.layer_scores AS predictions_layer_scores, predictions.pipeline_run_id AS predictions_pipeline_run_id, predictions.id AS predictions_id, predictions.created_at AS predictions_created_at, predictions.updated_at AS predictions_updated_at 
FROM predictions 
WHERE predictions.component_id = %(component_id_1)s::UUID ORDER BY predictions.predicted_at DESC 
 LIMIT %(param_1)s::INTEGER
2026-09-15 16:41:20,941 INFO sqlalchemy.engine.Engine [cached since 2.009s ago] {'component_id_1': UUID('37da2680-c932-43f2-a563-7dd453c2321d'), 'param_1': 1}
2026-09-15 16:41:20,945 INFO sqlalchemy.engine.Engine SELECT readiness_assessments.asset_id AS readiness_assessments_asset_id, readiness_assessments.assessed_at AS readiness_assessments_assessed_at, readiness_assessments.status AS readiness_assessments_status, readiness_assessments.overall_health_score AS readiness_assessments_overall_health_score, readiness_assessments.primary_evidence AS readiness_assessments_primary_evidence, readiness_assessments.component_summary AS readiness_assessments_component_summary, readiness_assessments.data_quality_score AS readiness_assessments_data_quality_score, readiness_assessments.prediction_horizon_days AS readiness_assessments_prediction_horizon_days, readiness_assessments.explanation AS readiness_assessments_explanation, readiness_assessments.llm_explanation AS readiness_assessments_llm_explanation, readiness_assessments.pipeline_run_id AS readiness_assessments_pipeline_run_id, readiness_assessments.id AS readiness_assessments_id, readiness_assessments.created_at AS readiness_assessments_created_at, readiness_assessments.updated_at AS readiness_assessments_updated_at 
FROM readiness_assessments 
WHERE readiness_assessments.asset_id = %(asset_id_1)s::UUID ORDER BY readiness_assessments.assessed_at DESC 
 LIMIT %(param_1)s::INTEGER
2026-09-15 16:41:20,945 INFO sqlalchemy.engine.Engine [cached since 1.895s ago] {'asset_id_1': UUID('d845d7b8-22d3-4c7d-8c3a-a0d99d5956f5'), 'param_1': 1}
2026-09-15 16:41:20,948 INFO sqlalchemy.engine.Engine SELECT components.asset_id AS components_asset_id, components.component_id AS components_component_id, components.name AS components_name, components.component_type AS components_component_type, components.criticality AS components_criticality, components.manufacturer AS components_manufacturer, components.model_number AS components_model_number, components.install_date AS components_install_date, components.design_life_hours AS components_design_life_hours, components.design_life_cycles AS components_design_life_cycles, components.current_operating_hours AS components_current_operating_hours, components.current_cycles AS components_current_cycles, components.is_active AS components_is_active, components.metadata AS components_metadata, components.id AS components_id, components.created_at AS components_created_at, components.updated_at AS components_updated_at 
FROM components 
WHERE components.asset_id = %(asset_id_1)s::UUID AND components.is_active = true
2026-09-15 16:41:20,949 INFO sqlalchemy.engine.Engine [cached since 2.044s ago] {'asset_id_1': UUID('86d51ad1-7532-432e-a284-b71c9a9ab9f4')}
2026-09-15 16:41:20,953 INFO sqlalchemy.engine.Engine SELECT predictions.asset_id AS predictions_asset_id, predictions.component_id AS predictions_component_id, predictions.predicted_at AS predictions_predicted_at, predictions.prediction_horizon_days AS predictions_prediction_horizon_days, predictions.risk_score AS predictions_risk_score, predictions.risk_category AS predictions_risk_category, predictions.risk_factors AS predictions_risk_factors, predictions.feature_values AS predictions_feature_values, predictions.uncertainty AS predictions_uncertainty, predictions.data_sufficiency AS predictions_data_sufficiency, predictions.model_version AS predictions_model_version, predictions.layer_scores AS predictions_layer_scores, predictions.pipeline_run_id AS predictions_pipeline_run_id, predictions.id AS predictions_id, predictions.created_at AS predictions_created_at, predictions.updated_at AS predictions_updated_at 
FROM predictions 
WHERE predictions.component_id = %(component_id_1)s::UUID ORDER BY predictions.predicted_at DESC 
 LIMIT %(param_1)s::INTEGER
2026-09-15 16:41:20,954 INFO sqlalchemy.engine.Engine [cached since 2.022s ago] {'component_id_1': UUID('8d042af1-f242-452a-a862-c8a40cbf124c'), 'param_1': 1}
2026-09-15 16:41:20,958 INFO sqlalchemy.engine.Engine SELECT predictions.asset_id AS predictions_asset_id, predictions.component_id AS predictions_component_id, predictions.predicted_at AS predictions_predicted_at, predictions.prediction_horizon_days AS predictions_prediction_horizon_days, predictions.risk_score AS predictions_risk_score, predictions.risk_category AS predictions_risk_category, predictions.risk_factors AS predictions_risk_factors, predictions.feature_values AS predictions_feature_values, predictions.uncertainty AS predictions_uncertainty, predictions.data_sufficiency AS predictions_data_sufficiency, predictions.model_version AS predictions_model_version, predictions.layer_scores AS predictions_layer_scores, predictions.pipeline_run_id AS predictions_pipeline_run_id, predictions.id AS predictions_id, predictions.created_at AS predictions_created_at, predictions.updated_at AS predictions_updated_at 
FROM predictions 
WHERE predictions.component_id = %(component_id_1)s::UUID ORDER BY predictions.predicted_at DESC 
 LIMIT %(param_1)s::INTEGER
2026-09-15 16:41:20,958 INFO sqlalchemy.engine.Engine [cached since 2.027s ago] {'component_id_1': UUID('ebbe1a84-8027-4428-ae45-ec156ecad070'), 'param_1': 1}
2026-09-15 16:41:20,962 INFO sqlalchemy.engine.Engine SELECT predictions.asset_id AS predictions_asset_id, predictions.component_id AS predictions_component_id, predictions.predicted_at AS predictions_predicted_at, predictions.prediction_horizon_days AS predictions_prediction_horizon_days, predictions.risk_score AS predictions_risk_score, predictions.risk_category AS predictions_risk_category, predictions.risk_factors AS predictions_risk_factors, predictions.feature_values AS predictions_feature_values, predictions.uncertainty AS predictions_uncertainty, predictions.data_sufficiency AS predictions_data_sufficiency, predictions.model_version AS predictions_model_version, predictions.layer_scores AS predictions_layer_scores, predictions.pipeline_run_id AS predictions_pipeline_run_id, predictions.id AS predictions_id, predictions.created_at AS predictions_created_at, predictions.updated_at AS predictions_updated_at 
FROM predictions 
WHERE predictions.component_id = %(component_id_1)s::UUID ORDER BY predictions.predicted_at DESC 
 LIMIT %(param_1)s::INTEGER
2026-09-15 16:41:20,962 INFO sqlalchemy.engine.Engine [cached since 2.031s ago] {'component_id_1': UUID('d0bb1da4-fb49-4456-9174-56a0fb2c35f0'), 'param_1': 1}
2026-09-15 16:41:20,966 INFO sqlalchemy.engine.Engine SELECT predictions.asset_id AS predictions_asset_id, predictions.component_id AS predictions_component_id, predictions.predicted_at AS predictions_predicted_at, predictions.prediction_horizon_days AS predictions_prediction_horizon_days, predictions.risk_score AS predictions_risk_score, predictions.risk_category AS predictions_risk_category, predictions.risk_factors AS predictions_risk_factors, predictions.feature_values AS predictions_feature_values, predictions.uncertainty AS predictions_uncertainty, predictions.data_sufficiency AS predictions_data_sufficiency, predictions.model_version AS predictions_model_version, predictions.layer_scores AS predictions_layer_scores, predictions.pipeline_run_id AS predictions_pipeline_run_id, predictions.id AS predictions_id, predictions.created_at AS predictions_created_at, predictions.updated_at AS predictions_updated_at 
FROM predictions 
WHERE predictions.component_id = %(component_id_1)s::UUID ORDER BY predictions.predicted_at DESC 
 LIMIT %(param_1)s::INTEGER
2026-09-15 16:41:20,967 INFO sqlalchemy.engine.Engine [cached since 2.035s ago] {'component_id_1': UUID('b2135448-47de-4021-a328-028502023155'), 'param_1': 1}
2026-09-15 16:41:20,971 INFO sqlalchemy.engine.Engine SELECT predictions.asset_id AS predictions_asset_id, predictions.component_id AS predictions_component_id, predictions.predicted_at AS predictions_predicted_at, predictions.prediction_horizon_days AS predictions_prediction_horizon_days, predictions.risk_score AS predictions_risk_score, predictions.risk_category AS predictions_risk_category, predictions.risk_factors AS predictions_risk_factors, predictions.feature_values AS predictions_feature_values, predictions.uncertainty AS predictions_uncertainty, predictions.data_sufficiency AS predictions_data_sufficiency, predictions.model_version AS predictions_model_version, predictions.layer_scores AS predictions_layer_scores, predictions.pipeline_run_id AS predictions_pipeline_run_id, predictions.id AS predictions_id, predictions.created_at AS predictions_created_at, predictions.updated_at AS predictions_updated_at 
FROM predictions 
WHERE predictions.component_id = %(component_id_1)s::UUID ORDER BY predictions.predicted_at DESC 
 LIMIT %(param_1)s::INTEGER
2026-09-15 16:41:20,971 INFO sqlalchemy.engine.Engine [cached since 2.039s ago] {'component_id_1': UUID('42ec8094-9965-47b2-9640-f65dc970c938'), 'param_1': 1}
2026-09-15 16:41:20,975 INFO sqlalchemy.engine.Engine SELECT predictions.asset_id AS predictions_asset_id, predictions.component_id AS predictions_component_id, predictions.predicted_at AS predictions_predicted_at, predictions.prediction_horizon_days AS predictions_prediction_horizon_days, predictions.risk_score AS predictions_risk_score, predictions.risk_category AS predictions_risk_category, predictions.risk_factors AS predictions_risk_factors, predictions.feature_values AS predictions_feature_values, predictions.uncertainty AS predictions_uncertainty, predictions.data_sufficiency AS predictions_data_sufficiency, predictions.model_version AS predictions_model_version, predictions.layer_scores AS predictions_layer_scores, predictions.pipeline_run_id AS predictions_pipeline_run_id, predictions.id AS predictions_id, predictions.created_at AS predictions_created_at, predictions.updated_at AS predictions_updated_at 
FROM predictions 
WHERE predictions.component_id = %(component_id_1)s::UUID ORDER BY predictions.predicted_at DESC 
 LIMIT %(param_1)s::INTEGER
2026-09-15 16:41:20,975 INFO sqlalchemy.engine.Engine [cached since 2.043s ago] {'component_id_1': UUID('c0ffa313-794d-4005-8d0e-08c308180c41'), 'param_1': 1}
2026-09-15 16:41:20,979 INFO sqlalchemy.engine.Engine SELECT predictions.asset_id AS predictions_asset_id, predictions.component_id AS predictions_component_id, predictions.predicted_at AS predictions_predicted_at, predictions.prediction_horizon_days AS predictions_prediction_horizon_days, predictions.risk_score AS predictions_risk_score, predictions.risk_category AS predictions_risk_category, predictions.risk_factors AS predictions_risk_factors, predictions.feature_values AS predictions_feature_values, predictions.uncertainty AS predictions_uncertainty, predictions.data_sufficiency AS predictions_data_sufficiency, predictions.model_version AS predictions_model_version, predictions.layer_scores AS predictions_layer_scores, predictions.pipeline_run_id AS predictions_pipeline_run_id, predictions.id AS predictions_id, predictions.created_at AS predictions_created_at, predictions.updated_at AS predictions_updated_at 
FROM predictions 
WHERE predictions.component_id = %(component_id_1)s::UUID ORDER BY predictions.predicted_at DESC 
 LIMIT %(param_1)s::INTEGER
2026-09-15 16:41:20,980 INFO sqlalchemy.engine.Engine [cached since 2.048s ago] {'component_id_1': UUID('7606ce3c-ebf0-4f17-92c7-7b1312578d24'), 'param_1': 1}
2026-09-15 16:41:20,983 INFO sqlalchemy.engine.Engine SELECT readiness_assessments.asset_id AS readiness_assessments_asset_id, readiness_assessments.assessed_at AS readiness_assessments_assessed_at, readiness_assessments.status AS readiness_assessments_status, readiness_assessments.overall_health_score AS readiness_assessments_overall_health_score, readiness_assessments.primary_evidence AS readiness_assessments_primary_evidence, readiness_assessments.component_summary AS readiness_assessments_component_summary, readiness_assessments.data_quality_score AS readiness_assessments_data_quality_score, readiness_assessments.prediction_horizon_days AS readiness_assessments_prediction_horizon_days, readiness_assessments.explanation AS readiness_assessments_explanation, readiness_assessments.llm_explanation AS readiness_assessments_llm_explanation, readiness_assessments.pipeline_run_id AS readiness_assessments_pipeline_run_id, readiness_assessments.id AS readiness_assessments_id, readiness_assessments.created_at AS readiness_assessments_created_at, readiness_assessments.updated_at AS readiness_assessments_updated_at 
FROM readiness_assessments 
WHERE readiness_assessments.asset_id = %(asset_id_1)s::UUID ORDER BY readiness_assessments.assessed_at DESC 
 LIMIT %(param_1)s::INTEGER
2026-09-15 16:41:20,984 INFO sqlalchemy.engine.Engine [cached since 1.934s ago] {'asset_id_1': UUID('86d51ad1-7532-432e-a284-b71c9a9ab9f4'), 'param_1': 1}
2026-09-15 16:41:21,001 INFO sqlalchemy.engine.Engine ROLLBACK
INFO:     127.0.0.1:26357 - "GET /api/dashboard/fleet-health-matrix HTTP/1.1" 200 OK
^C